MFR URL,Ref URL 1,Ref URL 2,Ref URL 3,Ref URL 4,Ref URL 5,PART_NUMBER,Dept,Class,Fine,SKU - MY_PART_NUMBER,Mfg_Part_Num,Part_Desc,E1_Brand,Unilog_Brand,DIB_Brand,Part_Manuf,MANUFACTURER_NAME,BRAND_NAME,TRADE_NAME,MANUFACTURER_PART_NUMBER,ALTERNATE_PART_NUMBER,Classpath,MOBILE_DESC,INVOICE_DESC,SHORT_DESC,LONG_DESC1,RETAIL_DESC,MARKETING_DESCRIPTION,ITEM_FEATURES_1,ITEM_FEATURES_2,ITEM_FEATURES_3,ITEM_FEATURES_4,ITEM_FEATURES_5,ITEM_FEATURES_6,ITEM_FEATURES_7,ITEM_FEATURES_8,ITEM_FEATURES_9,ITEM_FEATURES_10,ITEM_FEATURES_11,ITEM_FEATURES_12,ITEM_FEATURES_13,ITEM_FEATURES_14,ITEM_FEATURES_15,ITEM_FEATURES_16,ITEM_FEATURES_17,ITEM_FEATURES_18,ITEM_FEATURES_19,ITEM_FEATURES_20,With,Standard/Approvals,Prop 65,Application,Includes,Product Name,ATTRIBUTE_LABEL 1,ATTRIBUTE_VALUE 1,ATTRIBUTE_UOM 1,ATTRIBUTE_LABEL 2,ATTRIBUTE_VALUE 2,ATTRIBUTE_UOM 2,ATTRIBUTE_LABEL 3,ATTRIBUTE_VALUE 3,ATTRIBUTE_UOM 3,ATTRIBUTE_LABEL 4,ATTRIBUTE_VALUE 4,ATTRIBUTE_UOM 4,ATTRIBUTE_LABEL 5,ATTRIBUTE_VALUE 5,ATTRIBUTE_UOM 5,ATTRIBUTE_LABEL 6,ATTRIBUTE_VALUE 6,ATTRIBUTE_UOM 6,ATTRIBUTE_LABEL 7,ATTRIBUTE_VALUE 7,ATTRIBUTE_UOM 7,ATTRIBUTE_LABEL 8,ATTRIBUTE_VALUE 8,ATTRIBUTE_UOM 8,ATTRIBUTE_LABEL 9,ATTRIBUTE_VALUE 9,ATTRIBUTE_UOM 9,ATTRIBUTE_LABEL 10,ATTRIBUTE_VALUE 10,ATTRIBUTE_UOM 10,ATTRIBUTE_LABEL 11,ATTRIBUTE_VALUE 11,ATTRIBUTE_UOM 11,ATTRIBUTE_LABEL 12,ATTRIBUTE_VALUE 12,ATTRIBUTE_UOM 12,ATTRIBUTE_LABEL 13,ATTRIBUTE_VALUE 13,ATTRIBUTE_UOM 13,ATTRIBUTE_LABEL 14,ATTRIBUTE_VALUE 14,ATTRIBUTE_UOM 14,ATTRIBUTE_LABEL 15,ATTRIBUTE_VALUE 15,ATTRIBUTE_UOM 15,ATTRIBUTE_LABEL 16,ATTRIBUTE_VALUE 16,ATTRIBUTE_UOM 16,ATTRIBUTE_LABEL 17,ATTRIBUTE_VALUE 17,ATTRIBUTE_UOM 17,ATTRIBUTE_LABEL 18,ATTRIBUTE_VALUE 18,ATTRIBUTE_UOM 18,ATTRIBUTE_LABEL 19,ATTRIBUTE_VALUE 19,ATTRIBUTE_UOM 19,ATTRIBUTE_LABEL 20,ATTRIBUTE_VALUE 20,ATTRIBUTE_UOM 20,ATTRIBUTE_LABEL 21,ATTRIBUTE_VALUE 21,ATTRIBUTE_UOM 21,ATTRIBUTE_LABEL 22,ATTRIBUTE_VALUE 22,ATTRIBUTE_UOM 22,ATTRIBUTE_LABEL 23,ATTRIBUTE_VALUE 23,ATTRIBUTE_UOM 23,ATTRIBUTE_LABEL 24,ATTRIBUTE_VALUE 24,ATTRIBUTE_UOM 24,ATTRIBUTE_LABEL 25,ATTRIBUTE_VALUE 25,ATTRIBUTE_UOM 25,ATTRIBUTE_LABEL 26,ATTRIBUTE_VALUE 26,ATTRIBUTE_UOM 26,ATTRIBUTE_LABEL 27,ATTRIBUTE_VALUE 27,ATTRIBUTE_UOM 27,ATTRIBUTE_LABEL 28,ATTRIBUTE_VALUE 28,ATTRIBUTE_UOM 28,ATTRIBUTE_LABEL 29,ATTRIBUTE_VALUE 29,ATTRIBUTE_UOM 29,ATTRIBUTE_LABEL 30,ATTRIBUTE_VALUE 30,ATTRIBUTE_UOM 30,ATTRIBUTE_LABEL 31,ATTRIBUTE_VALUE 31,ATTRIBUTE_UOM 31,ATTRIBUTE_LABEL 32,ATTRIBUTE_VALUE 32,ATTRIBUTE_UOM 32,ATTRIBUTE_LABEL 33,ATTRIBUTE_VALUE 33,ATTRIBUTE_UOM 33,ATTRIBUTE_LABEL 34,ATTRIBUTE_VALUE 34,ATTRIBUTE_UOM 34,ATTRIBUTE_LABEL 35,ATTRIBUTE_VALUE 35,ATTRIBUTE_UOM 35,ATTRIBUTE_LABEL 36,ATTRIBUTE_VALUE 36,ATTRIBUTE_UOM 36,ATTRIBUTE_LABEL 37,ATTRIBUTE_VALUE 37,ATTRIBUTE_UOM 37,ATTRIBUTE_LABEL 38,ATTRIBUTE_VALUE 38,ATTRIBUTE_UOM 38,ATTRIBUTE_LABEL 39,ATTRIBUTE_VALUE 39,ATTRIBUTE_UOM 39,ATTRIBUTE_LABEL 40,ATTRIBUTE_VALUE 40,ATTRIBUTE_UOM 40,ATTRIBUTE_LABEL 41,ATTRIBUTE_VALUE 41,ATTRIBUTE_UOM 41,ATTRIBUTE_LABEL 42,ATTRIBUTE_VALUE 42,ATTRIBUTE_UOM 42,ATTRIBUTE_LABEL 43,ATTRIBUTE_VALUE 43,ATTRIBUTE_UOM 43,ATTRIBUTE_LABEL 44,ATTRIBUTE_VALUE 44,ATTRIBUTE_UOM 44,ATTRIBUTE_LABEL 45,ATTRIBUTE_VALUE 45,ATTRIBUTE_UOM 45,ATTRIBUTE_LABEL 46,ATTRIBUTE_VALUE 46,ATTRIBUTE_UOM 46,ATTRIBUTE_LABEL 47,ATTRIBUTE_VALUE 47,ATTRIBUTE_UOM 47,ATTRIBUTE_LABEL 48,ATTRIBUTE_VALUE 48,ATTRIBUTE_UOM 48,ATTRIBUTE_LABEL 49,ATTRIBUTE_VALUE 49,ATTRIBUTE_UOM 49,ATTRIBUTE_LABEL 50,ATTRIBUTE_VALUE 50,ATTRIBUTE_UOM 50,UPC,EAN,GTIN,UNSPSC,Warranty,List Price,Selling Qty,Selling UOM,Standard Packaging Information,LENGTH,LENGTH_UOM,HEIGHT,HEIGHT_UOM,WIDTH,WIDTH_UOM,WEIGHT,WEIGHT_UOM,VOLUME,VOLUME_UOM,Product Image,Alternate Image 1,Alternate Image 2,Alternate Image 3,Alternate Image 4,SDS,SDS_1,Warranty Information,Catalog,Specification Sheet,Instruction/Installation Manual,Service Manual,Owners/User Manual,Line Drawing,MTR,RoHS,Full Engineering Drawing,Energy Star Guide,Technical Bulletin,Submittal,Compatibility Chart,Size Chart,Product Label/Insert,Video Link,Video Link 1,Country Of Origin,Discontinued,Actual Image (Yes/No)
,,,,,,,Abrasives,Sanding & Finishing,Sanding Belts,,DCB518ASTS06G,"DCB518ASTS06G Diablo 1/2""x18"" - Sanding Belt 6pc",-- Unbranded --,-- No Unilog Brand --,-- No DIB Brand --,Freud Inc (2435),"Freud America, Inc.",Diablo®,,DCB518ASTS06G,,Abrasives>Sanding & Finishing>Sanding Belts,"Freud America, Inc. Diablo, DCB518ASTS06G, Sanding Belt, 1/2 x 18, 6 Pack",SNDN BELT 6PK,"Diablo® DCB518ASTS06G Sanding Belt, 1/2 x 18, 6 Pack","The Diablo® Sanding Belt is designed for commercial and industrial applications, measuring 1/2 x 18.",Sanding Belt,"{'Dimensions': '1/2""x18'}",Size: 1/2 x 18,6 Count Package,Size / Dimensions: 1/2 inx18 in,,,,,,,,,,,,,,,,,,,,,,,Sanding Belt,Model,DCB518ASTS06G,,Size,1/2 x 18,,Package Quantity,6,pk,Dimensions,1/2x18,,Size / Dimensions,1/2 inx18,in,,,,,,,,,,,,,,,,,,,,,,,,,,,,,,,,,,,,,,,,,,,,,,,,,,,,,,,,,,,,,,,,,,,,,,,,,,,,,,,,,,,,,,,,,,,,,,,,,,,,,,,,,,,,,,,,,,,,,,,,,,,,,,,,,,,,,,,,,,,31191500,,,,,,,,,,,,,,,,,,,,,,,,,,,,,,,,,,,,,,,,,,,
https://www.3m.com/3M/en_US/p/d/v3MABR-7100075678/,,,,,,,Abrasives,Sanding & Finishing,Sanding Discs,,3MABR-7100075678,3M 775L Stikit Film P150 - Cubitron II 50 Disc/Box,-- Unbranded --,-- No Unilog Brand --,-- No DIB Brand --,Jam Industrial Supply LLC (JAMIN),3M Company,3M™,,3MABR-7100075678,,Abrasives>Sanding & Finishing>Sanding Discs,"3M Company 3M, Cubitron II, 3MABR-7100075678, Sanding Disc, P150, 50 Pack",SNDN DISC P150 50PK,"3M™ Cubitron II 3MABR-7100075678 Sanding Disc, P150 Grit, 50 Pack",The 3M™ Cubitron II Sanding Disc (Part Number: 3MABR-7100075678).,Cubitron II Sanding Disc,"{'Series': 'Cubitron II', 'Mineral': 'Precision Shaped Grain', 'Backing': 'Film'}",P150 Abrasive Grit,50 Count Package,,,,,,,,,,,,,,,,,,,,,,,,Sanding Disc,Series,Cubitron II,,Model,3MABR-7100075678,,Grit,P150,,Package Quantity,50,pk,Mineral,Precision Shaped Grain,,Backing,Film,,,,,,,,,,,,,,,,,,,,,,,,,,,,,,,,,,,,,,,,,,,,,,,,,,,,,,,,,,,,,,,,,,,,,,,,,,,,,,,,,,,,,,,,,,,,,,,,,,,,,,,,,,,,,,,,,,,,,,,,,,,,,,,,,,,,,,,,,31191500,,,,,,,,,,,,,,,,,,,,,,,,,,,,,,,,,,,,,,,,,,,
https://www.3m.com/3M/en_US/p/d/v3MABR-7100045865/,,,,,,,Abrasives,Sanding & Finishing,Sanding Discs,,3MABR-7100045865,3M 775L Stikit Film P120 - Cubitron II 50 Disc/Box,-- Unbranded --,-- No Unilog Brand --,-- No DIB Brand --,Jam Industrial Supply LLC (JAMIN),3M Company,3M™,,3MABR-7100045865,,Abrasives>Sanding & Finishing>Sanding Discs,"3M Company 3M, Cubitron II, 3MABR-7100045865, Sanding Disc, P120, 50 Pack",SNDN DISC P120 50PK,"3M™ Cubitron II 3MABR-7100045865 Sanding Disc, P120 Grit, 50 Pack",The 3M™ Cubitron II Sanding Disc (Part Number: 3MABR-7100045865).,Cubitron II Sanding Disc,"{'Series': 'Cubitron II', 'Mineral': 'Precision Shaped Grain', 'Backing': 'Film'}",P120 Abrasive Grit,50 Count Package,,,,,,,,,,,,,,,,,,,,,,,,Sanding Disc,Series,Cubitron II,,Model,3MABR-7100045865,,Grit,P120,,Package Quantity,50,pk,Mineral,Precision Shaped Grain,,Backing,Film,,,,,,,,,,,,,,,,,,,,,,,,,,,,,,,,,,,,,,,,,,,,,,,,,,,,,,,,,,,,,,,,,,,,,,,,,,,,,,,,,,,,,,,,,,,,,,,,,,,,,,,,,,,,,,,,,,,,,,,,,,,,,,,,,,,,,,,,,31191500,,,,,,,,,,,,,,,,,,,,,,,,,,,,,,,,,,,,,,,,,,,
https://www.3m.com/3M/en_US/p/d/v3MABR-7100048736/,,,,,,,Abrasives,Sanding & Finishing,Sanding Discs,,3MABR-7100048736,3M 775L Stikit Film P80 - Cubitron II 50 Disc/Box,-- Unbranded --,-- No Unilog Brand --,-- No DIB Brand --,Jam Industrial Supply LLC (JAMIN),3M Company,3M™,,3MABR-7100048736,,Abrasives>Sanding & Finishing>Sanding Discs,"3M Company 3M, Cubitron II, 3MABR-7100048736, Sanding Disc, P80, 50 Pack",SNDN DISC P80 50PK,"3M™ Cubitron II 3MABR-7100048736 Sanding Disc, P80 Grit, 50 Pack",The 3M™ Cubitron II Sanding Disc (Part Number: 3MABR-7100048736).,Cubitron II Sanding Disc,"{'Series': 'Cubitron II', 'Mineral': 'Precision Shaped Grain', 'Backing': 'Film'}",P80 Abrasive Grit,50 Count Package,,,,,,,,,,,,,,,,,,,,,,,,Sanding Disc,Series,Cubitron II,,Model,3MABR-7100048736,,Grit,P80,,Package Quantity,50,pk,Mineral,Precision Shaped Grain,,Backing,Film,,,,,,,,,,,,,,,,,,,,,,,,,,,,,,,,,,,,,,,,,,,,,,,,,,,,,,,,,,,,,,,,,,,,,,,,,,,,,,,,,,,,,,,,,,,,,,,,,,,,,,,,,,,,,,,,,,,,,,,,,,,,,,,,,,,,,,,,,31191500,,,,,,,,,,,,,,,,,,,,,,,,,,,,,,,,,,,,,,,,,,,
https://www.3m.com/3M/en_US/p/d/v3MABR-7100075690/,,,,,,,Abrasives,Sanding & Finishing,Sanding Discs,,3MABR-7100075690,3M 775L Stikit Film P180 - Cubitron II 50 Disc/Box,-- Unbranded --,-- No Unilog Brand --,-- No DIB Brand --,Jam Industrial Supply LLC (JAMIN),3M Company,3M™,,3MABR-7100075690,,Abrasives>Sanding & Finishing>Sanding Discs,"3M Company 3M, Cubitron II, 3MABR-7100075690, Sanding Disc, P180, 50 Pack",SNDN DISC P180 50PK,"3M™ Cubitron II 3MABR-7100075690 Sanding Disc, P180 Grit, 50 Pack",The 3M™ Cubitron II Sanding Disc (Part Number: 3MABR-7100075690).,Cubitron II Sanding Disc,"{'Series': 'Cubitron II', 'Mineral': 'Precision Shaped Grain', 'Backing': 'Film'}",P180 Abrasive Grit,50 Count Package,,,,,,,,,,,,,,,,,,,,,,,,Sanding Disc,Series,Cubitron II,,Model,3MABR-7100075690,,Grit,P180,,Package Quantity,50,pk,Mineral,Precision Shaped Grain,,Backing,Film,,,,,,,,,,,,,,,,,,,,,,,,,,,,,,,,,,,,,,,,,,,,,,,,,,,,,,,,,,,,,,,,,,,,,,,,,,,,,,,,,,,,,,,,,,,,,,,,,,,,,,,,,,,,,,,,,,,,,,,,,,,,,,,,,,,,,,,,,31191500,,,,,,,,,,,,,,,,,,,,,,,,,,,,,,,,,,,,,,,,,,,
https://www.3m.com/3M/en_US/p/d/v3MABR-7100075692/,,,,,,,Abrasives,Sanding & Finishing,Sanding Discs,,3MABR-7100075692,3M 775L Stikit Film P220 - Cubitron II 50 Disc/Box,-- Unbranded --,-- No Unilog Brand --,-- No DIB Brand --,Jam Industrial Supply LLC (JAMIN),3M Company,3M™,,3MABR-7100075692,,Abrasives>Sanding & Finishing>Sanding Discs,"3M Company 3M, Cubitron II, 3MABR-7100075692, Sanding Disc, P220, 50 Pack",SNDN DISC P220 50PK,"3M™ Cubitron II 3MABR-7100075692 Sanding Disc, P220 Grit, 50 Pack",The 3M™ Cubitron II Sanding Disc (Part Number: 3MABR-7100075692).,Cubitron II Sanding Disc,"{'Series': 'Cubitron II', 'Mineral': 'Precision Shaped Grain', 'Backing': 'Film'}",P220 Abrasive Grit,50 Count Package,,,,,,,,,,,,,,,,,,,,,,,,Sanding Disc,Series,Cubitron II,,Model,3MABR-7100075692,,Grit,P220,,Package Quantity,50,pk,Mineral,Precision Shaped Grain,,Backing,Film,,,,,,,,,,,,,,,,,,,,,,,,,,,,,,,,,,,,,,,,,,,,,,,,,,,,,,,,,,,,,,,,,,,,,,,,,,,,,,,,,,,,,,,,,,,,,,,,,,,,,,,,,,,,,,,,,,,,,,,,,,,,,,,,,,,,,,,,,31191500,,,,,,,,,,,,,,,,,,,,,,,,,,,,,,,,,,,,,,,,,,,
,,,,,,,Abrasives,Sanding & Finishing,Sanding Discs,,3MABR-7100145365,3M 775L Stikit Film P320 - Cubitron II 50 Disc/Box,-- Unbranded --,-- No Unilog Brand --,-- No DIB Brand --,Jam Industrial Supply LLC (JAMIN),3M Company,3M™,,3MABR-7100145365,,Abrasives>Sanding & Finishing>Sanding Discs,"3M Company 3M, Cubitron II, 3MABR-7100145365, Sanding Disc, P320, 50 Pack",SNDN DISC P320 50PK,"3M™ Cubitron II 3MABR-7100145365 Sanding Disc, P320 Grit, 50 Pack",The 3M™ Cubitron II Sanding Disc (Part Number: 3MABR-7100145365).,Cubitron II Sanding Disc,{},P320 Abrasive Grit,50 Count Package,,,,,,,,,,,,,,,,,,,,,,,,Sanding Disc,Series,Cubitron II,,Model,3MABR-7100145365,,Grit,P320,,Package Quantity,50,pk,,,,,,,,,,,,,,,,,,,,,,,,,,,,,,,,,,,,,,,,,,,,,,,,,,,,,,,,,,,,,,,,,,,,,,,,,,,,,,,,,,,,,,,,,,,,,,,,,,,,,,,,,,,,,,,,,,,,,,,,,,,,,,,,,,,,,,,,,,,,,,31191500,,,,,,,,,,,,,,,,,,,,,,,,,,,,,,,,,,,,,,,,,,,
,,,,,,,Abrasives,Sanding & Finishing,Sanding Sheets,,5B-332-080,"5B-332-080 HIOLIT 5"" P80",-- Unbranded --,-- No Unilog Brand --,-- No DIB Brand --,Mirka Abrasives Inc (MIRUS),"Mirka Abrasives, Inc.",Mirka®,,5B-332-080,,Abrasives>Sanding & Finishing>Sanding Sheets,"Mirka Abrasives, Inc. Mirka, Hiolit, 5B-332-080, Sanding Sheet, P80",SNDN SHT P80,"Mirka® Hiolit 5B-332-080 Sanding Sheet, P80 Grit",The Mirka® Hiolit Sanding Sheet (Part Number: 5B-332-080).,Hiolit Sanding Sheet,{},P80 Abrasive Grit,,,,,,,,,,,,,,,,,,,,,,,,,Sanding Sheet,Series,Hiolit,,Model,5B-332-080,,Grit,P80,,,,,,,,,,,,,,,,,,,,,,,,,,,,,,,,,,,,,,,,,,,,,,,,,,,,,,,,,,,,,,,,,,,,,,,,,,,,,,,,,,,,,,,,,,,,,,,,,,,,,,,,,,,,,,,,,,,,,,,,,,,,,,,,,,,,,,,,,,,,,,,,,,31191500,,,,,,,,,,,,,,,,,,,,,,,,,,,,,,,,,,,,,,,,,,,
,,,,,,,Abrasives,Sanding & Finishing,Sanding Sheets,,5B-332-120,"5B-332-120 HIOLIT 5"" P120",-- Unbranded --,-- No Unilog Brand --,-- No DIB Brand --,Mirka Abrasives Inc (MIRUS),"Mirka Abrasives, Inc.",Mirka®,,5B-332-120,,Abrasives>Sanding & Finishing>Sanding Sheets,"Mirka Abrasives, Inc. Mirka, Hiolit, 5B-332-120, Sanding Sheet, P120",SNDN SHT P120,"Mirka® Hiolit 5B-332-120 Sanding Sheet, P120 Grit",The Mirka® Hiolit Sanding Sheet (Part Number: 5B-332-120).,Hiolit Sanding Sheet,{},P120 Abrasive Grit,,,,,,,,,,,,,,,,,,,,,,,,,Sanding Sheet,Series,Hiolit,,Model,5B-332-120,,Grit,P120,,,,,,,,,,,,,,,,,,,,,,,,,,,,,,,,,,,,,,,,,,,,,,,,,,,,,,,,,,,,,,,,,,,,,,,,,,,,,,,,,,,,,,,,,,,,,,,,,,,,,,,,,,,,,,,,,,,,,,,,,,,,,,,,,,,,,,,,,,,,,,,,,,31191500,,,,,,,,,,,,,,,,,,,,,,,,,,,,,,,,,,,,,,,,,,,
,,,,,,,Abrasives,Sanding & Finishing,Sanding Sheets,,9A-570-240,9A-570-240 Abranet 2.75x30,-- Unbranded --,-- No Unilog Brand --,-- No DIB Brand --,Mirka Abrasives Inc (MIRUS),"Mirka Abrasives, Inc.",Mirka®,,9A-570-240,,Abrasives>Sanding & Finishing>Sanding Sheets,"Mirka Abrasives, Inc. Mirka, Abranet, 9A-570-240, Sanding Sheet, 2-3/4 x 30",SNDN SHT,"Mirka® Abranet 9A-570-240 Sanding Sheet, 2-3/4 x 30","The Mirka® Abranet Sanding Sheet is designed for commercial and industrial applications, measuring 2-3/4 x 30.",Abranet Sanding Sheet,"{'Amperage': '9 A', 'Dimensions': '2.75x30'}",Size: 2-3/4 x 30,Size / Dimensions: 2.75x30,,,,,,,,,,,,,,,,,,,,,,,,Sanding Sheet,Series,Abranet,,Model,9A-570-240,,Size,2-3/4 x 30,,Amperage,9 A,,Dimensions,2.75x30,,Size / Dimensions,2.75x30,,,,,,,,,,,,,,,,,,,,,,,,,,,,,,,,,,,,,,,,,,,,,,,,,,,,,,,,,,,,,,,,,,,,,,,,,,,,,,,,,,,,,,,,,,,,,,,,,,,,,,,,,,,,,,,,,,,,,,,,,,,,,,,,,,,,,,,,,31191500,,,,,,,,,,,,,,,,,,,,,,,,,,,,,,,,,,,,,,,,,,,
,,,,,,,Abrasives,Sanding & Finishing,Sanding Sheets,,9A-570-320,9A-570-320 Abranet 2.75x30,-- Unbranded --,-- No Unilog Brand --,-- No DIB Brand --,Mirka Abrasives Inc (MIRUS),"Mirka Abrasives, Inc.",Mirka®,,9A-570-320,,Abrasives>Sanding & Finishing>Sanding Sheets,"Mirka Abrasives, Inc. Mirka, Abranet, 9A-570-320, Sanding Sheet, 2-3/4 x 30",SNDN SHT,"Mirka® Abranet 9A-570-320 Sanding Sheet, 2-3/4 x 30","The Mirka® Abranet Sanding Sheet is designed for commercial and industrial applications, measuring 2-3/4 x 30.",Abranet Sanding Sheet,"{'Amperage': '9 A', 'Dimensions': '2.75x30'}",Size: 2-3/4 x 30,Size / Dimensions: 2.75x30,,,,,,,,,,,,,,,,,,,,,,,,Sanding Sheet,Series,Abranet,,Model,9A-570-320,,Size,2-3/4 x 30,,Amperage,9 A,,Dimensions,2.75x30,,Size / Dimensions,2.75x30,,,,,,,,,,,,,,,,,,,,,,,,,,,,,,,,,,,,,,,,,,,,,,,,,,,,,,,,,,,,,,,,,,,,,,,,,,,,,,,,,,,,,,,,,,,,,,,,,,,,,,,,,,,,,,,,,,,,,,,,,,,,,,,,,,,,,,,,,31191500,,,,,,,,,,,,,,,,,,,,,,,,,,,,,,,,,,,,,,,,,,,
,,,,,,,Abrasives,Cutting & Grinding Wheels,Cut-Off Wheels,,DBD090094101F,"DBD090094101F Diablo 9"" - Metal Cut-Off Disc",-- Unbranded --,-- No Unilog Brand --,-- No DIB Brand --,Freud Inc (2435),"Freud America, Inc.",Diablo®,,DBD090094101F,,Abrasives>Cutting & Grinding Wheels>Cut-Off Wheels,"Freud America, Inc. Diablo, DBD090094101F, Cut-Off Disc",CT-F DISC,Diablo® DBD090094101F Cut-Off Disc,The Diablo® Cut-Off Disc (Part Number: DBD090094101F).,Cut-Off Disc,{},,,,,,,,,,,,,,,,,,,,,,,,,,Cut-Off Disc,Model,DBD090094101F,,,,,,,,,,,,,,,,,,,,,,,,,,,,,,,,,,,,,,,,,,,,,,,,,,,,,,,,,,,,,,,,,,,,,,,,,,,,,,,,,,,,,,,,,,,,,,,,,,,,,,,,,,,,,,,,,,,,,,,,,,,,,,,,,,,,,,,,,,,,,,,,,,,,,,,,31191600,,,,,,,,,,,,,,,,,,,,,,,,,,,,,,,,,,,,,,,,,,,
,,,,,,,Abrasives,Cutting & Grinding Wheels,Cut-Off Wheels,,DBDS12125A01F,"DBDS12125A01F Diablo 12"" - Steel Demon Metal Cut-Off Disc",-- Unbranded --,-- No Unilog Brand --,-- No DIB Brand --,Freud Inc (2435),"Freud America, Inc.",Diablo®,,DBDS12125A01F,,Abrasives>Cutting & Grinding Wheels>Cut-Off Wheels,"Freud America, Inc. Diablo, Steel Demon, DBDS12125A01F, Cut-Off Disc",CT-F DISC,Diablo® Steel Demon DBDS12125A01F Cut-Off Disc,The Diablo® Steel Demon Cut-Off Disc (Part Number: DBDS12125A01F).,Steel Demon Cut-Off Disc,{},,,,,,,,,,,,,,,,,,,,,,,,,,Cut-Off Disc,Series,Steel Demon,,Model,DBDS12125A01F,,,,,,,,,,,,,,,,,,,,,,,,,,,,,,,,,,,,,,,,,,,,,,,,,,,,,,,,,,,,,,,,,,,,,,,,,,,,,,,,,,,,,,,,,,,,,,,,,,,,,,,,,,,,,,,,,,,,,,,,,,,,,,,,,,,,,,,,,,,,,,,,,,,,,31191600,,,,,,,,,,,,,,,,,,,,,,,,,,,,,,,,,,,,,,,,,,,
,,,,,,,Abrasives,Cutting & Grinding Wheels,Cut-Off Wheels,,DBDS12125G01F,"DBDS12125G01F Diablo 12""x20mm - Speed Demon Metal Cut-Off Disc",-- Unbranded --,-- No Unilog Brand --,-- No DIB Brand --,Freud Inc (2435),"Freud America, Inc.",Diablo®,,DBDS12125G01F,,Abrasives>Cutting & Grinding Wheels>Cut-Off Wheels,"Freud America, Inc. Diablo, Speed Demon, DBDS12125G01F, Cut-Off Disc, 12 x 20",CT-F DISC,"Diablo® Speed Demon DBDS12125G01F Cut-Off Disc, 12 x 20","The Diablo® Speed Demon Cut-Off Disc is designed for commercial and industrial applications, measuring 12 x 20.",Speed Demon Cut-Off Disc,{},Size: 12 x 20,Size / Dimensions: 12 inx20,,,,,,,,,,,,,,,,,,,,,,,,Cut-Off Disc,Series,Speed Demon,,Model,DBDS12125G01F,,Size,12 x 20,,Size / Dimensions,12 inx20,,,,,,,,,,,,,,,,,,,,,,,,,,,,,,,,,,,,,,,,,,,,,,,,,,,,,,,,,,,,,,,,,,,,,,,,,,,,,,,,,,,,,,,,,,,,,,,,,,,,,,,,,,,,,,,,,,,,,,,,,,,,,,,,,,,,,,,,,,,,,,,31191600,,,,,,,,,,,,,,,,,,,,,,,,,,,,,,,,,,,,,,,,,,,
,,,,,,,Abrasives,Cutting & Grinding Wheels,Cut-Off Wheels,,DBDS14125A01F,"DBDS14125A01F Diablo 14""x1"" - Steel Demon Metal Cut-Off Disc",-- Unbranded --,-- No Unilog Brand --,-- No DIB Brand --,Freud Inc (2435),"Freud America, Inc.",Diablo®,,DBDS14125A01F,,Abrasives>Cutting & Grinding Wheels>Cut-Off Wheels,"Freud America, Inc. Diablo, Steel Demon, DBDS14125A01F, Cut-Off Disc, 14 x 1",CT-F DISC,"Diablo® Steel Demon DBDS14125A01F Cut-Off Disc, 14 x 1","The Diablo® Steel Demon Cut-Off Disc is designed for commercial and industrial applications, measuring 14 x 1.",Steel Demon Cut-Off Disc,"{'Dimensions': '14""x1'}",Size: 14 x 1,Size / Dimensions: 14 inx1 in,,,,,,,,,,,,,,,,,,,,,,,,Cut-Off Disc,Series,Steel Demon,,Model,DBDS14125A01F,,Size,14 x 1,,Dimensions,14x1,,Size / Dimensions,14 inx1,in,,,,,,,,,,,,,,,,,,,,,,,,,,,,,,,,,,,,,,,,,,,,,,,,,,,,,,,,,,,,,,,,,,,,,,,,,,,,,,,,,,,,,,,,,,,,,,,,,,,,,,,,,,,,,,,,,,,,,,,,,,,,,,,,,,,,,,,,,,,31191600,,,,,,,,,,,,,,,,,,,,,,,,,,,,,,,,,,,,,,,,,,,
,,,,,,,Abrasives,Cutting & Grinding Wheels,Cut-Off Wheels,,DBDS14125G01F,"DBDS14125G01F Diablo 14""x20mm - Steel Demon Metal Cut-Off Disc",-- Unbranded --,-- No Unilog Brand --,-- No DIB Brand --,Freud Inc (2435),"Freud America, Inc.",Diablo®,,DBDS14125G01F,,Abrasives>Cutting & Grinding Wheels>Cut-Off Wheels,"Freud America, Inc. Diablo, Steel Demon, DBDS14125G01F, Cut-Off Disc, 14 x 20",CT-F DISC,"Diablo® Steel Demon DBDS14125G01F Cut-Off Disc, 14 x 20","The Diablo® Steel Demon Cut-Off Disc is designed for commercial and industrial applications, measuring 14 x 20.",Steel Demon Cut-Off Disc,{},Size: 14 x 20,Size / Dimensions: 14 inx20,,,,,,,,,,,,,,,,,,,,,,,,Cut-Off Disc,Series,Steel Demon,,Model,DBDS14125G01F,,Size,14 x 20,,Size / Dimensions,14 inx20,,,,,,,,,,,,,,,,,,,,,,,,,,,,,,,,,,,,,,,,,,,,,,,,,,,,,,,,,,,,,,,,,,,,,,,,,,,,,,,,,,,,,,,,,,,,,,,,,,,,,,,,,,,,,,,,,,,,,,,,,,,,,,,,,,,,,,,,,,,,,,,31191600,,,,,,,,,,,,,,,,,,,,,,,,,,,,,,,,,,,,,,,,,,,
,,,,,,,Abrasives,Cutting & Grinding Wheels,Cut-Off Wheels,,49-94-0013,"49-94-0013 Milw 5""x.045""x7/8"" Metal Cut Off Disc",-- Unbranded --,-- No Unilog Brand --,-- No DIB Brand --,Milwaukee Accessory (4031),Milwaukee Electric Tool Corporation,Milwaukee®,,49-94-0013,,Abrasives>Cutting & Grinding Wheels>Cut-Off Wheels,"Milwaukee, 49-94-0013, Cut-Off Disc, 45 x 7/8",CT-F DISC,"Milwaukee® 49-94-0013 Cut-Off Disc, 45 x 7/8","The Milwaukee® Cut-Off Disc is designed for commercial and industrial applications, measuring 45 x 7/8.",Cut-Off Disc,"{'Dimensions': '045""x7/8'}",Size: 45 x 7/8,Size / Dimensions: 045 inx7/8 in,,,,,,,,,,,,,,,,,,,,,,,,Cut-Off Disc,Model,49-94-0013,,Size,45 x 7/8,,Dimensions,045x7/8,,Size / Dimensions,045 inx7/8,in,,,,,,,,,,,,,,,,,,,,,,,,,,,,,,,,,,,,,,,,,,,,,,,,,,,,,,,,,,,,,,,,,,,,,,,,,,,,,,,,,,,,,,,,,,,,,,,,,,,,,,,,,,,,,,,,,,,,,,,,,,,,,,,,,,,,,,,,,,,,,,31191600,,,,,,,,,,,,,,,,,,,,,,,,,,,,,,,,,,,,,,,,,,,
,,,,,,,Abrasives,Cutting & Grinding Wheels,Cut-Off Wheels,,49-94-0029,"49-94-0029 Milw 6-1/2""x1/8""x5/8"" DKO Metal Cut Off Disc",-- Unbranded --,-- No Unilog Brand --,-- No DIB Brand --,Milwaukee Accessory (4031),Milwaukee Electric Tool Corporation,Milwaukee®,,49-94-0029,,Abrasives>Cutting & Grinding Wheels>Cut-Off Wheels,"Milwaukee, 49-94-0029, Cut-Off Disc, 1/2 x 1/8 x 5/8",CT-F DISC,"Milwaukee® 49-94-0029 Cut-Off Disc, 1/2 x 1/8 x 5/8","The Milwaukee® Cut-Off Disc is designed for commercial and industrial applications, measuring 1/2 x 1/8 x 5/8.",Cut-Off Disc,"{'Dimensions': '1/2""x1/8""x5/8'}",Size: 1/2 x 1/8 x 5/8,Size / Dimensions: 1/2 inx1/8 inx5/8 in,,,,,,,,,,,,,,,,,,,,,,,,Cut-Off Disc,Model,49-94-0029,,Size,1/2 x 1/8 x 5/8,,Dimensions,1/2x1/8x5/8,,Size / Dimensions,1/2 inx1/8 inx5/8,in,,,,,,,,,,,,,,,,,,,,,,,,,,,,,,,,,,,,,,,,,,,,,,,,,,,,,,,,,,,,,,,,,,,,,,,,,,,,,,,,,,,,,,,,,,,,,,,,,,,,,,,,,,,,,,,,,,,,,,,,,,,,,,,,,,,,,,,,,,,,,,31191600,,,,,,,,,,,,,,,,,,,,,,,,,,,,,,,,,,,,,,,,,,,
,,,,,,,Abrasives,Cutting & Grinding Wheels,Cut-Off Wheels,,49-94-0033,"49-94-0033 Milw 7""x1/16""x7/8"" Metal Cut Off Disc",-- Unbranded --,-- No Unilog Brand --,-- No DIB Brand --,Milwaukee Accessory (4031),Milwaukee Electric Tool Corporation,Milwaukee®,,49-94-0033,,Abrasives>Cutting & Grinding Wheels>Cut-Off Wheels,"Milwaukee, 49-94-0033, Cut-Off Disc, 7 x 1/16 x 7/8",CT-F DISC,"Milwaukee® 49-94-0033 Cut-Off Disc, 7 x 1/16 x 7/8","The Milwaukee® Cut-Off Disc is designed for commercial and industrial applications, measuring 7 x 1/16 x 7/8.",Cut-Off Disc,"{'Dimensions': '7""x1/16""x7/8'}",Size: 7 x 1/16 x 7/8,Size / Dimensions: 7 inx1/16 inx7/8 in,,,,,,,,,,,,,,,,,,,,,,,,Cut-Off Disc,Model,49-94-0033,,Size,7 x 1/16 x 7/8,,Dimensions,7x1/16x7/8,,Size / Dimensions,7 inx1/16 inx7/8,in,,,,,,,,,,,,,,,,,,,,,,,,,,,,,,,,,,,,,,,,,,,,,,,,,,,,,,,,,,,,,,,,,,,,,,,,,,,,,,,,,,,,,,,,,,,,,,,,,,,,,,,,,,,,,,,,,,,,,,,,,,,,,,,,,,,,,,,,,,,,,,31191600,,,,,,,,,,,,,,,,,,,,,,,,,,,,,,,,,,,,,,,,,,,
,,,,,,,Abrasives,Cutting & Grinding Wheels,Cut-Off Wheels,,49-94-0001,"49-94-0001 Milw 4""x.040""x5/8"" Metal Cut Off Disc",-- Unbranded --,-- No Unilog Brand --,-- No DIB Brand --,Milwaukee Accessory (4031),Milwaukee Electric Tool Corporation,Milwaukee®,,49-94-0001,,Abrasives>Cutting & Grinding Wheels>Cut-Off Wheels,"Milwaukee, 49-94-0001, Cut-Off Disc, 40 x 5/8",CT-F DISC,"Milwaukee® 49-94-0001 Cut-Off Disc, 40 x 5/8","The Milwaukee® Cut-Off Disc is designed for commercial and industrial applications, measuring 40 x 5/8.",Cut-Off Disc,"{'Dimensions': '040""x5/8'}",Size: 40 x 5/8,Size / Dimensions: 040 inx5/8 in,,,,,,,,,,,,,,,,,,,,,,,,Cut-Off Disc,Model,49-94-0001,,Size,40 x 5/8,,Dimensions,040x5/8,,Size / Dimensions,040 inx5/8,in,,,,,,,,,,,,,,,,,,,,,,,,,,,,,,,,,,,,,,,,,,,,,,,,,,,,,,,,,,,,,,,,,,,,,,,,,,,,,,,,,,,,,,,,,,,,,,,,,,,,,,,,,,,,,,,,,,,,,,,,,,,,,,,,,,,,,,,,,,,,,,31191600,,,,,,,,,,,,,,,,,,,,,,,,,,,,,,,,,,,,,,,,,,,
,,,,,,,Abrasives,Cutting & Grinding Wheels,Cut-Off Wheels,,49-94-0039,"49-94-0039 Milw 7""x1/8""x5/8"" DKO Metal Cut Off Disc",-- Unbranded --,-- No Unilog Brand --,-- No DIB Brand --,Milwaukee Accessory (4031),Milwaukee Electric Tool Corporation,Milwaukee®,,49-94-0039,,Abrasives>Cutting & Grinding Wheels>Cut-Off Wheels,"Milwaukee, 49-94-0039, Cut-Off Disc, 7 x 1/8 x 5/8",CT-F DISC,"Milwaukee® 49-94-0039 Cut-Off Disc, 7 x 1/8 x 5/8","The Milwaukee® Cut-Off Disc is designed for commercial and industrial applications, measuring 7 x 1/8 x 5/8.",Cut-Off Disc,"{'Dimensions': '7""x1/8""x5/8'}",Size: 7 x 1/8 x 5/8,Size / Dimensions: 7 inx1/8 inx5/8 in,,,,,,,,,,,,,,,,,,,,,,,,Cut-Off Disc,Model,49-94-0039,,Size,7 x 1/8 x 5/8,,Dimensions,7x1/8x5/8,,Size / Dimensions,7 inx1/8 inx5/8,in,,,,,,,,,,,,,,,,,,,,,,,,,,,,,,,,,,,,,,,,,,,,,,,,,,,,,,,,,,,,,,,,,,,,,,,,,,,,,,,,,,,,,,,,,,,,,,,,,,,,,,,,,,,,,,,,,,,,,,,,,,,,,,,,,,,,,,,,,,,,,,31191600,,,,,,,,,,,,,,,,,,,,,,,,,,,,,,,,,,,,,,,,,,,
,,,,,,,Abrasives,Cutting & Grinding Wheels,Cut-Off Wheels,,49-94-0043,"49-94-0043 Milw 9""x3/32""x7/8"" Metal Cut Off Disc",-- Unbranded --,-- No Unilog Brand --,-- No DIB Brand --,Milwaukee Accessory (4031),Milwaukee Electric Tool Corporation,Milwaukee®,,49-94-0043,,Abrasives>Cutting & Grinding Wheels>Cut-Off Wheels,"Milwaukee, 49-94-0043, Cut-Off Disc, 9 x 3/32 x 7/8",CT-F DISC,"Milwaukee® 49-94-0043 Cut-Off Disc, 9 x 3/32 x 7/8","The Milwaukee® Cut-Off Disc is designed for commercial and industrial applications, measuring 9 x 3/32 x 7/8.",Cut-Off Disc,"{'Dimensions': '9""x3/32""x7/8'}",Size: 9 x 3/32 x 7/8,Size / Dimensions: 9 inx3/32 inx7/8 in,,,,,,,,,,,,,,,,,,,,,,,,Cut-Off Disc,Model,49-94-0043,,Size,9 x 3/32 x 7/8,,Dimensions,9x3/32x7/8,,Size / Dimensions,9 inx3/32 inx7/8,in,,,,,,,,,,,,,,,,,,,,,,,,,,,,,,,,,,,,,,,,,,,,,,,,,,,,,,,,,,,,,,,,,,,,,,,,,,,,,,,,,,,,,,,,,,,,,,,,,,,,,,,,,,,,,,,,,,,,,,,,,,,,,,,,,,,,,,,,,,,,,,31191600,,,,,,,,,,,,,,,,,,,,,,,,,,,,,,,,,,,,,,,,,,,
,,,,,,,Abrasives,Cutting & Grinding Wheels,Cut-Off Wheels,,49-94-0048,"49-94-0048 Milw 12""x7/64""x1"" Metal Cut Off Disc General Purpose",-- Unbranded --,-- No Unilog Brand --,-- No DIB Brand --,Milwaukee Accessory (4031),Milwaukee Electric Tool Corporation,Milwaukee®,,49-94-0048,,Abrasives>Cutting & Grinding Wheels>Cut-Off Wheels,"Milwaukee, 49-94-0048, Cut-Off Disc, 12 x 7/64 x 1",CT-F DISC,"Milwaukee® 49-94-0048 Cut-Off Disc, 12 x 7/64 x 1","The Milwaukee® Cut-Off Disc is designed for commercial and industrial applications, measuring 12 x 7/64 x 1.",Cut-Off Disc,"{'Dimensions': '12""x7/64""x1'}",Size: 12 x 7/64 x 1,Size / Dimensions: 12 inx7/64 inx1 in,,,,,,,,,,,,,,,,,,,,,,,,Cut-Off Disc,Model,49-94-0048,,Size,12 x 7/64 x 1,,Dimensions,12x7/64x1,,Size / Dimensions,12 inx7/64 inx1,in,,,,,,,,,,,,,,,,,,,,,,,,,,,,,,,,,,,,,,,,,,,,,,,,,,,,,,,,,,,,,,,,,,,,,,,,,,,,,,,,,,,,,,,,,,,,,,,,,,,,,,,,,,,,,,,,,,,,,,,,,,,,,,,,,,,,,,,,,,,,,,31191600,,,,,,,,,,,,,,,,,,,,,,,,,,,,,,,,,,,,,,,,,,,
,,,,,,,Abrasives,Cutting & Grinding Wheels,Cut-Off Wheels,,49-94-0053,"49-94-0053 Milw 12""x1/8""x1"" Metal Cut Off Disc",-- Unbranded --,-- No Unilog Brand --,-- No DIB Brand --,Milwaukee Accessory (4031),Milwaukee Electric Tool Corporation,Milwaukee®,,49-94-0053,,Abrasives>Cutting & Grinding Wheels>Cut-Off Wheels,"Milwaukee, 49-94-0053, Cut-Off Disc, 12 x 1/8 x 1",CT-F DISC,"Milwaukee® 49-94-0053 Cut-Off Disc, 12 x 1/8 x 1","The Milwaukee® Cut-Off Disc is designed for commercial and industrial applications, measuring 12 x 1/8 x 1.",Cut-Off Disc,"{'Dimensions': '12""x1/8""x1'}",Size: 12 x 1/8 x 1,Size / Dimensions: 12 inx1/8 inx1 in,,,,,,,,,,,,,,,,,,,,,,,,Cut-Off Disc,Model,49-94-0053,,Size,12 x 1/8 x 1,,Dimensions,12x1/8x1,,Size / Dimensions,12 inx1/8 inx1,in,,,,,,,,,,,,,,,,,,,,,,,,,,,,,,,,,,,,,,,,,,,,,,,,,,,,,,,,,,,,,,,,,,,,,,,,,,,,,,,,,,,,,,,,,,,,,,,,,,,,,,,,,,,,,,,,,,,,,,,,,,,,,,,,,,,,,,,,,,,,,,31191600,,,,,,,,,,,,,,,,,,,,,,,,,,,,,,,,,,,,,,,,,,,
,,,,,,,Abrasives,Cutting & Grinding Wheels,Cut-Off Wheels,,49-94-0058,"49-94-0058 Milw 12""x1/8""x20mm Metal Cut Off Disc",-- Unbranded --,-- No Unilog Brand --,-- No DIB Brand --,Milwaukee Accessory (4031),Milwaukee Electric Tool Corporation,Milwaukee®,,49-94-0058,,Abrasives>Cutting & Grinding Wheels>Cut-Off Wheels,"Milwaukee, 49-94-0058, Cut-Off Disc, 12 x 1/8 x 20",CT-F DISC,"Milwaukee® 49-94-0058 Cut-Off Disc, 12 x 1/8 x 20","The Milwaukee® Cut-Off Disc is designed for commercial and industrial applications, measuring 12 x 1/8 x 20.",Cut-Off Disc,"{'Dimensions': '12""x1/8""'}",Size: 12 x 1/8 x 20,Size / Dimensions: 12 inx1/8 inx20,,,,,,,,,,,,,,,,,,,,,,,,Cut-Off Disc,Model,49-94-0058,,Size,12 x 1/8 x 20,,Dimensions,12x1/8,,Size / Dimensions,12 inx1/8 inx20,,,,,,,,,,,,,,,,,,,,,,,,,,,,,,,,,,,,,,,,,,,,,,,,,,,,,,,,,,,,,,,,,,,,,,,,,,,,,,,,,,,,,,,,,,,,,,,,,,,,,,,,,,,,,,,,,,,,,,,,,,,,,,,,,,,,,,,,,,,,,,,31191600,,,,,,,,,,,,,,,,,,,,,,,,,,,,,,,,,,,,,,,,,,,
,,,,,,,Abrasives,Cutting & Grinding Wheels,Cut-Off Wheels,,49-94-0063,"49-94-0063 Milw 14""x7/64""x1"" Metal Cut Off Disc General Purpose",-- Unbranded --,-- No Unilog Brand --,-- No DIB Brand --,Milwaukee Accessory (4031),Milwaukee Electric Tool Corporation,Milwaukee®,,49-94-0063,,Abrasives>Cutting & Grinding Wheels>Cut-Off Wheels,"Milwaukee, 49-94-0063, Cut-Off Disc, 14 x 7/64 x 1",CT-F DISC,"Milwaukee® 49-94-0063 Cut-Off Disc, 14 x 7/64 x 1","The Milwaukee® Cut-Off Disc is designed for commercial and industrial applications, measuring 14 x 7/64 x 1.",Cut-Off Disc,"{'Dimensions': '14""x7/64""x1'}",Size: 14 x 7/64 x 1,Size / Dimensions: 14 inx7/64 inx1 in,,,,,,,,,,,,,,,,,,,,,,,,Cut-Off Disc,Model,49-94-0063,,Size,14 x 7/64 x 1,,Dimensions,14x7/64x1,,Size / Dimensions,14 inx7/64 inx1,in,,,,,,,,,,,,,,,,,,,,,,,,,,,,,,,,,,,,,,,,,,,,,,,,,,,,,,,,,,,,,,,,,,,,,,,,,,,,,,,,,,,,,,,,,,,,,,,,,,,,,,,,,,,,,,,,,,,,,,,,,,,,,,,,,,,,,,,,,,,,,,31191600,,,,,,,,,,,,,,,,,,,,,,,,,,,,,,,,,,,,,,,,,,,
,,,,,,,Abrasives,Cutting & Grinding Wheels,Cut-Off Wheels,,49-94-0068,"49-94-0068 Milw 14""x1/8""x20mm Metal Cut Off Disc",-- Unbranded --,-- No Unilog Brand --,-- No DIB Brand --,Milwaukee Accessory (4031),Milwaukee Electric Tool Corporation,Milwaukee®,,49-94-0068,,Abrasives>Cutting & Grinding Wheels>Cut-Off Wheels,"Milwaukee, 49-94-0068, Cut-Off Disc, 14 x 1/8 x 20",CT-F DISC,"Milwaukee® 49-94-0068 Cut-Off Disc, 14 x 1/8 x 20","The Milwaukee® Cut-Off Disc is designed for commercial and industrial applications, measuring 14 x 1/8 x 20.",Cut-Off Disc,"{'Dimensions': '14""x1/8""'}",Size: 14 x 1/8 x 20,Size / Dimensions: 14 inx1/8 inx20,,,,,,,,,,,,,,,,,,,,,,,,Cut-Off Disc,Model,49-94-0068,,Size,14 x 1/8 x 20,,Dimensions,14x1/8,,Size / Dimensions,14 inx1/8 inx20,,,,,,,,,,,,,,,,,,,,,,,,,,,,,,,,,,,,,,,,,,,,,,,,,,,,,,,,,,,,,,,,,,,,,,,,,,,,,,,,,,,,,,,,,,,,,,,,,,,,,,,,,,,,,,,,,,,,,,,,,,,,,,,,,,,,,,,,,,,,,,,31191600,,,,,,,,,,,,,,,,,,,,,,,,,,,,,,,,,,,,,,,,,,,
,,,,,,,Abrasives,Cutting & Grinding Wheels,Cut-Off Wheels,,49-94-0073,"49-94-0073 Milw 14""x1/8""x1"" Metal Cut Off Disc",-- Unbranded --,-- No Unilog Brand --,-- No DIB Brand --,Milwaukee Accessory (4031),Milwaukee Electric Tool Corporation,Milwaukee®,,49-94-0073,,Abrasives>Cutting & Grinding Wheels>Cut-Off Wheels,"Milwaukee, 49-94-0073, Cut-Off Disc, 14 x 1/8 x 1",CT-F DISC,"Milwaukee® 49-94-0073 Cut-Off Disc, 14 x 1/8 x 1","The Milwaukee® Cut-Off Disc is designed for commercial and industrial applications, measuring 14 x 1/8 x 1.",Cut-Off Disc,"{'Dimensions': '14""x1/8""x1'}",Size: 14 x 1/8 x 1,Size / Dimensions: 14 inx1/8 inx1 in,,,,,,,,,,,,,,,,,,,,,,,,Cut-Off Disc,Model,49-94-0073,,Size,14 x 1/8 x 1,,Dimensions,14x1/8x1,,Size / Dimensions,14 inx1/8 inx1,in,,,,,,,,,,,,,,,,,,,,,,,,,,,,,,,,,,,,,,,,,,,,,,,,,,,,,,,,,,,,,,,,,,,,,,,,,,,,,,,,,,,,,,,,,,,,,,,,,,,,,,,,,,,,,,,,,,,,,,,,,,,,,,,,,,,,,,,,,,,,,,31191600,,,,,,,,,,,,,,,,,,,,,,,,,,,,,,,,,,,,,,,,,,,
,,,,,,,Abrasives,Cutting & Grinding Wheels,Cut-Off Wheels,,49-94-0101,"49-94-0101 Milw 4-1/2""x.045""x7/8"" Perform+ Metal Cut Off Disc 10pc",-- Unbranded --,-- No Unilog Brand --,-- No DIB Brand --,Milwaukee Accessory (4031),Milwaukee Electric Tool Corporation,Milwaukee®,,49-94-0101,,Abrasives>Cutting & Grinding Wheels>Cut-Off Wheels,"Milwaukee, 49-94-0101, Cut-Off Disc, 45 x 7/8, 10 Pack",CT-F DISC 10PK,"Milwaukee® 49-94-0101 Cut-Off Disc, 45 x 7/8, 10 Pack","The Milwaukee® Cut-Off Disc is designed for commercial and industrial applications, measuring 45 x 7/8.",Cut-Off Disc,"{'Dimensions': '045""x7/8'}",Size: 45 x 7/8,10 Count Package,Size / Dimensions: 045 inx7/8 in,,,,,,,,,,,,,,,,,,,,,,,Cut-Off Disc,Model,49-94-0101,,Size,45 x 7/8,,Package Quantity,10,pk,Dimensions,045x7/8,,Size / Dimensions,045 inx7/8,in,,,,,,,,,,,,,,,,,,,,,,,,,,,,,,,,,,,,,,,,,,,,,,,,,,,,,,,,,,,,,,,,,,,,,,,,,,,,,,,,,,,,,,,,,,,,,,,,,,,,,,,,,,,,,,,,,,,,,,,,,,,,,,,,,,,,,,,,,,,31191600,,,,,,,,,,,,,,,,,,,,,,,,,,,,,,,,,,,,,,,,,,,
,,,,,,,Abrasives,Cutting & Grinding Wheels,Cut-Off Wheels,,49-94-0107,"49-94-0107 Milw 4-1/2""x.045""x7/8"" Performance+ Metal Cut Off Disc",-- Unbranded --,-- No Unilog Brand --,-- No DIB Brand --,Milwaukee Accessory (4031),Milwaukee Electric Tool Corporation,Milwaukee®,,49-94-0107,,Abrasives>Cutting & Grinding Wheels>Cut-Off Wheels,"Milwaukee, 49-94-0107, Cut-Off Disc, 45 x 7/8",CT-F DISC,"Milwaukee® 49-94-0107 Cut-Off Disc, 45 x 7/8","The Milwaukee® Cut-Off Disc is designed for commercial and industrial applications, measuring 45 x 7/8.",Cut-Off Disc,"{'Dimensions': '045""x7/8'}",Size: 45 x 7/8,Size / Dimensions: 045 inx7/8 in,,,,,,,,,,,,,,,,,,,,,,,,Cut-Off Disc,Model,49-94-0107,,Size,45 x 7/8,,Dimensions,045x7/8,,Size / Dimensions,045 inx7/8,in,,,,,,,,,,,,,,,,,,,,,,,,,,,,,,,,,,,,,,,,,,,,,,,,,,,,,,,,,,,,,,,,,,,,,,,,,,,,,,,,,,,,,,,,,,,,,,,,,,,,,,,,,,,,,,,,,,,,,,,,,,,,,,,,,,,,,,,,,,,,,,31191600,,,,,,,,,,,,,,,,,,,,,,,,,,,,,,,,,,,,,,,,,,,
,,,,,,,Abrasives,Cutting & Grinding Wheels,Cut-Off Wheels,,49-94-0117,"49-94-0117 Milw 5""x.045""x7/8"" Performance+ Metal Cut Off Disc",-- Unbranded --,-- No Unilog Brand --,-- No DIB Brand --,Milwaukee Accessory (4031),Milwaukee Electric Tool Corporation,Milwaukee®,,49-94-0117,,Abrasives>Cutting & Grinding Wheels>Cut-Off Wheels,"Milwaukee, 49-94-0117, Cut-Off Disc, 45 x 7/8",CT-F DISC,"Milwaukee® 49-94-0117 Cut-Off Disc, 45 x 7/8","The Milwaukee® Cut-Off Disc is designed for commercial and industrial applications, measuring 45 x 7/8.",Cut-Off Disc,"{'Dimensions': '045""x7/8'}",Size: 45 x 7/8,Size / Dimensions: 045 inx7/8 in,,,,,,,,,,,,,,,,,,,,,,,,Cut-Off Disc,Model,49-94-0117,,Size,45 x 7/8,,Dimensions,045x7/8,,Size / Dimensions,045 inx7/8,in,,,,,,,,,,,,,,,,,,,,,,,,,,,,,,,,,,,,,,,,,,,,,,,,,,,,,,,,,,,,,,,,,,,,,,,,,,,,,,,,,,,,,,,,,,,,,,,,,,,,,,,,,,,,,,,,,,,,,,,,,,,,,,,,,,,,,,,,,,,,,,31191600,,,,,,,,,,,,,,,,,,,,,,,,,,,,,,,,,,,,,,,,,,,
,,,,,,,Abrasives,Cutting & Grinding Wheels,Cut-Off Wheels,,49-94-0123,"49-94-0123 Milw 6""x.045""x7/8"" Performance+ Metal Cut Off Disc",-- Unbranded --,-- No Unilog Brand --,-- No DIB Brand --,Milwaukee Accessory (4031),Milwaukee Electric Tool Corporation,Milwaukee®,,49-94-0123,,Abrasives>Cutting & Grinding Wheels>Cut-Off Wheels,"Milwaukee, 49-94-0123, Cut-Off Disc, 45 x 7/8",CT-F DISC,"Milwaukee® 49-94-0123 Cut-Off Disc, 45 x 7/8","The Milwaukee® Cut-Off Disc is designed for commercial and industrial applications, measuring 45 x 7/8.",Cut-Off Disc,"{'Dimensions': '045""x7/8'}",Size: 45 x 7/8,Size / Dimensions: 045 inx7/8 in,,,,,,,,,,,,,,,,,,,,,,,,Cut-Off Disc,Model,49-94-0123,,Size,45 x 7/8,,Dimensions,045x7/8,,Size / Dimensions,045 inx7/8,in,,,,,,,,,,,,,,,,,,,,,,,,,,,,,,,,,,,,,,,,,,,,,,,,,,,,,,,,,,,,,,,,,,,,,,,,,,,,,,,,,,,,,,,,,,,,,,,,,,,,,,,,,,,,,,,,,,,,,,,,,,,,,,,,,,,,,,,,,,,,,,31191600,,,,,,,,,,,,,,,,,,,,,,,,,,,,,,,,,,,,,,,,,,,
,,,,,,,Abrasives,Cutting & Grinding Wheels,Cut-Off Wheels,,49-94-0023,"49-94-0023 Milw 6""x.045""x7/8"" Metal Cut Off Disc",-- Unbranded --,-- No Unilog Brand --,-- No DIB Brand --,Milwaukee Accessory (4031),Milwaukee Electric Tool Corporation,Milwaukee®,,49-94-0023,,Abrasives>Cutting & Grinding Wheels>Cut-Off Wheels,"Milwaukee, 49-94-0023, Cut-Off Disc, 45 x 7/8",CT-F DISC,"Milwaukee® 49-94-0023 Cut-Off Disc, 45 x 7/8","The Milwaukee® Cut-Off Disc is designed for commercial and industrial applications, measuring 45 x 7/8.",Cut-Off Disc,"{'Dimensions': '045""x7/8'}",Size: 45 x 7/8,Size / Dimensions: 045 inx7/8 in,,,,,,,,,,,,,,,,,,,,,,,,Cut-Off Disc,Model,49-94-0023,,Size,45 x 7/8,,Dimensions,045x7/8,,Size / Dimensions,045 inx7/8,in,,,,,,,,,,,,,,,,,,,,,,,,,,,,,,,,,,,,,,,,,,,,,,,,,,,,,,,,,,,,,,,,,,,,,,,,,,,,,,,,,,,,,,,,,,,,,,,,,,,,,,,,,,,,,,,,,,,,,,,,,,,,,,,,,,,,,,,,,,,,,,31191600,,,,,,,,,,,,,,,,,,,,,,,,,,,,,,,,,,,,,,,,,,,
,,,,,,,Abrasives,Cutting & Grinding Wheels,Cut-Off Wheels,,49-94-0121,"49-94-0121 Milw 6""x.045""x7/8"" Performance+ Metal Cut Off Disc 10pc",-- Unbranded --,-- No Unilog Brand --,-- No DIB Brand --,Milwaukee Accessory (4031),Milwaukee Electric Tool Corporation,Milwaukee®,,49-94-0121,,Abrasives>Cutting & Grinding Wheels>Cut-Off Wheels,"Milwaukee, 49-94-0121, Cut-Off Disc, 45 x 7/8, 10 Pack",CT-F DISC 10PK,"Milwaukee® 49-94-0121 Cut-Off Disc, 45 x 7/8, 10 Pack","The Milwaukee® Cut-Off Disc is designed for commercial and industrial applications, measuring 45 x 7/8.",Cut-Off Disc,"{'Dimensions': '045""x7/8'}",Size: 45 x 7/8,10 Count Package,Size / Dimensions: 045 inx7/8 in,,,,,,,,,,,,,,,,,,,,,,,Cut-Off Disc,Model,49-94-0121,,Size,45 x 7/8,,Package Quantity,10,pk,Dimensions,045x7/8,,Size / Dimensions,045 inx7/8,in,,,,,,,,,,,,,,,,,,,,,,,,,,,,,,,,,,,,,,,,,,,,,,,,,,,,,,,,,,,,,,,,,,,,,,,,,,,,,,,,,,,,,,,,,,,,,,,,,,,,,,,,,,,,,,,,,,,,,,,,,,,,,,,,,,,,,,,,,,,31191600,,,,,,,,,,,,,,,,,,,,,,,,,,,,,,,,,,,,,,,,,,,
,,,,,,,Abrasives,Cutting & Grinding Wheels,Cut-Off Wheels,,49-94-0127,"49-94-0127 Milw 6""x.045""x7/8"" Performance+Metal Cut Off Disc",-- Unbranded --,-- No Unilog Brand --,-- No DIB Brand --,Milwaukee Accessory (4031),Milwaukee Electric Tool Corporation,Milwaukee®,,49-94-0127,,Abrasives>Cutting & Grinding Wheels>Cut-Off Wheels,"Milwaukee, 49-94-0127, Cut-Off Disc, 45 x 7/8",CT-F DISC,"Milwaukee® 49-94-0127 Cut-Off Disc, 45 x 7/8","The Milwaukee® Cut-Off Disc is designed for commercial and industrial applications, measuring 45 x 7/8.",Cut-Off Disc,"{'Dimensions': '045""x7/8'}",Size: 45 x 7/8,Size / Dimensions: 045 inx7/8 in,,,,,,,,,,,,,,,,,,,,,,,,Cut-Off Disc,Model,49-94-0127,,Size,45 x 7/8,,Dimensions,045x7/8,,Size / Dimensions,045 inx7/8,in,,,,,,,,,,,,,,,,,,,,,,,,,,,,,,,,,,,,,,,,,,,,,,,,,,,,,,,,,,,,,,,,,,,,,,,,,,,,,,,,,,,,,,,,,,,,,,,,,,,,,,,,,,,,,,,,,,,,,,,,,,,,,,,,,,,,,,,,,,,,,,31191600,,,,,,,,,,,,,,,,,,,,,,,,,,,,,,,,,,,,,,,,,,,
,,,,,,,Abrasives,Cutting & Grinding Wheels,Cut-Off Wheels,,49-94-0137,"49-94-0137 Milw 7""x3/32""x7/8"" Performance+ Metal Cut Off Disc",-- Unbranded --,-- No Unilog Brand --,-- No DIB Brand --,Milwaukee Accessory (4031),Milwaukee Electric Tool Corporation,Milwaukee®,,49-94-0137,,Abrasives>Cutting & Grinding Wheels>Cut-Off Wheels,"Milwaukee, 49-94-0137, Cut-Off Disc, 7 x 3/32 x 7/8",CT-F DISC,"Milwaukee® 49-94-0137 Cut-Off Disc, 7 x 3/32 x 7/8","The Milwaukee® Cut-Off Disc is designed for commercial and industrial applications, measuring 7 x 3/32 x 7/8.",Cut-Off Disc,"{'Dimensions': '7""x3/32""x7/8'}",Size: 7 x 3/32 x 7/8,Size / Dimensions: 7 inx3/32 inx7/8 in,,,,,,,,,,,,,,,,,,,,,,,,Cut-Off Disc,Model,49-94-0137,,Size,7 x 3/32 x 7/8,,Dimensions,7x3/32x7/8,,Size / Dimensions,7 inx3/32 inx7/8,in,,,,,,,,,,,,,,,,,,,,,,,,,,,,,,,,,,,,,,,,,,,,,,,,,,,,,,,,,,,,,,,,,,,,,,,,,,,,,,,,,,,,,,,,,,,,,,,,,,,,,,,,,,,,,,,,,,,,,,,,,,,,,,,,,,,,,,,,,,,,,,31191600,,,,,,,,,,,,,,,,,,,,,,,,,,,,,,,,,,,,,,,,,,,
,,,,,,,Abrasives,Cutting & Grinding Wheels,Cut-Off Wheels,,49-94-0160,"49-94-0160 Milw 14""x7/64""x1"" Performance+ Metal Cut Off Disc",-- Unbranded --,-- No Unilog Brand --,-- No DIB Brand --,Milwaukee Accessory (4031),Milwaukee Electric Tool Corporation,Milwaukee®,,49-94-0160,,Abrasives>Cutting & Grinding Wheels>Cut-Off Wheels,"Milwaukee, 49-94-0160, Cut-Off Disc, 14 x 7/64 x 1",CT-F DISC,"Milwaukee® 49-94-0160 Cut-Off Disc, 14 x 7/64 x 1","The Milwaukee® Cut-Off Disc is designed for commercial and industrial applications, measuring 14 x 7/64 x 1.",Cut-Off Disc,"{'Dimensions': '14""x7/64""x1'}",Size: 14 x 7/64 x 1,Size / Dimensions: 14 inx7/64 inx1 in,,,,,,,,,,,,,,,,,,,,,,,,Cut-Off Disc,Model,49-94-0160,,Size,14 x 7/64 x 1,,Dimensions,14x7/64x1,,Size / Dimensions,14 inx7/64 inx1,in,,,,,,,,,,,,,,,,,,,,,,,,,,,,,,,,,,,,,,,,,,,,,,,,,,,,,,,,,,,,,,,,,,,,,,,,,,,,,,,,,,,,,,,,,,,,,,,,,,,,,,,,,,,,,,,,,,,,,,,,,,,,,,,,,,,,,,,,,,,,,,31191600,,,,,,,,,,,,,,,,,,,,,,,,,,,,,,,,,,,,,,,,,,,
,,,,,,,Abrasives,Cutting & Grinding Wheels,Cut-Off Wheels,,49-94-0223,"49-94-0223 Milw 6""x.045""x7/8"" Ceramic+ Metal Cut Off Disc",-- Unbranded --,-- No Unilog Brand --,-- No DIB Brand --,Milwaukee Accessory (4031),Milwaukee Electric Tool Corporation,Milwaukee®,,49-94-0223,,Abrasives>Cutting & Grinding Wheels>Cut-Off Wheels,"Milwaukee, 49-94-0223, Cut-Off Disc, 45 x 7/8",CT-F DISC,"Milwaukee® 49-94-0223 Cut-Off Disc, 45 x 7/8","The Milwaukee® Cut-Off Disc is designed for commercial and industrial applications, measuring 45 x 7/8.",Cut-Off Disc,"{'Dimensions': '045""x7/8'}",Size: 45 x 7/8,Size / Dimensions: 045 inx7/8 in,,,,,,,,,,,,,,,,,,,,,,,,Cut-Off Disc,Model,49-94-0223,,Size,45 x 7/8,,Dimensions,045x7/8,,Size / Dimensions,045 inx7/8,in,,,,,,,,,,,,,,,,,,,,,,,,,,,,,,,,,,,,,,,,,,,,,,,,,,,,,,,,,,,,,,,,,,,,,,,,,,,,,,,,,,,,,,,,,,,,,,,,,,,,,,,,,,,,,,,,,,,,,,,,,,,,,,,,,,,,,,,,,,,,,,31191600,,,,,,,,,,,,,,,,,,,,,,,,,,,,,,,,,,,,,,,,,,,
,,,,,,,Abrasives,Cutting & Grinding Wheels,Cut-Off Wheels,,49-94-0445,"49-94-0445 Milw 10""x3/32""x5/8"" Performance+ Metal Cut Off Disc",-- Unbranded --,-- No Unilog Brand --,-- No DIB Brand --,Milwaukee Accessory (4031),Milwaukee Electric Tool Corporation,Milwaukee®,,49-94-0445,,Abrasives>Cutting & Grinding Wheels>Cut-Off Wheels,"Milwaukee, 49-94-0445, Cut-Off Disc, 10 x 3/32 x 5/8",CT-F DISC,"Milwaukee® 49-94-0445 Cut-Off Disc, 10 x 3/32 x 5/8","The Milwaukee® Cut-Off Disc is designed for commercial and industrial applications, measuring 10 x 3/32 x 5/8.",Cut-Off Disc,"{'Dimensions': '10""x3/32""x5/8'}",Size: 10 x 3/32 x 5/8,Size / Dimensions: 10 inx3/32 inx5/8 in,,,,,,,,,,,,,,,,,,,,,,,,Cut-Off Disc,Model,49-94-0445,,Size,10 x 3/32 x 5/8,,Dimensions,10x3/32x5/8,,Size / Dimensions,10 inx3/32 inx5/8,in,,,,,,,,,,,,,,,,,,,,,,,,,,,,,,,,,,,,,,,,,,,,,,,,,,,,,,,,,,,,,,,,,,,,,,,,,,,,,,,,,,,,,,,,,,,,,,,,,,,,,,,,,,,,,,,,,,,,,,,,,,,,,,,,,,,,,,,,,,,,,,31191600,,,,,,,,,,,,,,,,,,,,,,,,,,,,,,,,,,,,,,,,,,,
,,,,,,,Abrasives,Cutting & Grinding Wheels,Grinding Wheels,,49-94-0803,"49-94-0803 Milw 4-1/2""x1/8""x7/8"" Dual Metal Cut and Grind Disc",-- Unbranded --,-- No Unilog Brand --,-- No DIB Brand --,Milwaukee Accessory (4031),Milwaukee Electric Tool Corporation,Milwaukee®,,49-94-0803,,Abrasives>Cutting & Grinding Wheels>Grinding Wheels,"Milwaukee, 49-94-0803, Grinding Wheel, 1/2 x 1/8 x 7/8",GRND WHL,"Milwaukee® 49-94-0803 Grinding Wheel, 1/2 x 1/8 x 7/8","The Milwaukee® Grinding Wheel is designed for commercial and industrial applications, measuring 1/2 x 1/8 x 7/8.",Grinding Wheel,"{'Dimensions': '1/2""x1/8""x7/8'}",Size: 1/2 x 1/8 x 7/8,Size / Dimensions: 1/2 inx1/8 inx7/8 in,,,,,,,,,,,,,,,,,,,,,,,,Grinding Wheel,Model,49-94-0803,,Size,1/2 x 1/8 x 7/8,,Dimensions,1/2x1/8x7/8,,Size / Dimensions,1/2 inx1/8 inx7/8,in,,,,,,,,,,,,,,,,,,,,,,,,,,,,,,,,,,,,,,,,,,,,,,,,,,,,,,,,,,,,,,,,,,,,,,,,,,,,,,,,,,,,,,,,,,,,,,,,,,,,,,,,,,,,,,,,,,,,,,,,,,,,,,,,,,,,,,,,,,,,,,31191600,,,,,,,,,,,,,,,,,,,,,,,,,,,,,,,,,,,,,,,,,,,
,,,,,,,Abrasives,Cutting & Grinding Wheels,Grinding Wheels,,49-94-0903,"49-94-0903 Milw 4-1/2""x1/8""x7/8""Perform+Dual Metal Cut and Grind Disc",-- Unbranded --,-- No Unilog Brand --,-- No DIB Brand --,Milwaukee Accessory (4031),Milwaukee Electric Tool Corporation,Milwaukee®,,49-94-0903,,Abrasives>Cutting & Grinding Wheels>Grinding Wheels,"Milwaukee, 49-94-0903, Grinding Wheel, 1/2 x 1/8 x 7/8",GRND WHL,"Milwaukee® 49-94-0903 Grinding Wheel, 1/2 x 1/8 x 7/8","The Milwaukee® Grinding Wheel is designed for commercial and industrial applications, measuring 1/2 x 1/8 x 7/8.",Grinding Wheel,"{'Dimensions': '1/2""x1/8""x7/8""'}",Size: 1/2 x 1/8 x 7/8,Size / Dimensions: 1/2 inx1/8 inx7/8 in,,,,,,,,,,,,,,,,,,,,,,,,Grinding Wheel,Model,49-94-0903,,Size,1/2 x 1/8 x 7/8,,Dimensions,1/2x1/8x7/8,,Size / Dimensions,1/2 inx1/8 inx7/8,in,,,,,,,,,,,,,,,,,,,,,,,,,,,,,,,,,,,,,,,,,,,,,,,,,,,,,,,,,,,,,,,,,,,,,,,,,,,,,,,,,,,,,,,,,,,,,,,,,,,,,,,,,,,,,,,,,,,,,,,,,,,,,,,,,,,,,,,,,,,,,,31191600,,,,,,,,,,,,,,,,,,,,,,,,,,,,,,,,,,,,,,,,,,,
,,,,,,,Abrasives,Cutting & Grinding Wheels,Cut-Off Wheels,,49-94-0907,"49-94-0907 Milw 4-1/2""x1/8""x5/8-11""Perform+Dual Metal Cut n Grind Disc",-- Unbranded --,-- No Unilog Brand --,-- No DIB Brand --,Milwaukee Accessory (4031),Milwaukee Electric Tool Corporation,Milwaukee®,,49-94-0907,,Abrasives>Cutting & Grinding Wheels>Cut-Off Wheels,"Milwaukee, 49-94-0907, Cut-Off Disc, 1/2 x 1/8 x 5/8",CT-F DISC,"Milwaukee® 49-94-0907 Cut-Off Disc, 1/2 x 1/8 x 5/8","The Milwaukee® Cut-Off Disc is designed for commercial and industrial applications, measuring 1/2 x 1/8 x 5/8.",Cut-Off Disc,"{'Dimensions': '1/2""x1/8""x5/8'}",Size: 1/2 x 1/8 x 5/8,Size / Dimensions: 1/2 inx1/8 inx5/8,,,,,,,,,,,,,,,,,,,,,,,,Cut-Off Disc,Model,49-94-0907,,Size,1/2 x 1/8 x 5/8,,Dimensions,1/2x1/8x5/8,,Size / Dimensions,1/2 inx1/8 inx5/8,,,,,,,,,,,,,,,,,,,,,,,,,,,,,,,,,,,,,,,,,,,,,,,,,,,,,,,,,,,,,,,,,,,,,,,,,,,,,,,,,,,,,,,,,,,,,,,,,,,,,,,,,,,,,,,,,,,,,,,,,,,,,,,,,,,,,,,,,,,,,,,31191600,,,,,,,,,,,,,,,,,,,,,,,,,,,,,,,,,,,,,,,,,,,
,,,,,,,Abrasives,Cutting & Grinding Wheels,Grinding Wheels,,49-94-0923,"49-94-0923 Milw 6""x1/8""x7/8"" Perform+Dual Metal Cut and Grind Disc",-- Unbranded --,-- No Unilog Brand --,-- No DIB Brand --,Milwaukee Accessory (4031),Milwaukee Electric Tool Corporation,Milwaukee®,,49-94-0923,,Abrasives>Cutting & Grinding Wheels>Grinding Wheels,"Milwaukee, 49-94-0923, Grinding Wheel, 6 x 1/8 x 7/8",GRND WHL,"Milwaukee® 49-94-0923 Grinding Wheel, 6 x 1/8 x 7/8","The Milwaukee® Grinding Wheel is designed for commercial and industrial applications, measuring 6 x 1/8 x 7/8.",Grinding Wheel,"{'Dimensions': '6""x1/8""x7/8'}",Size: 6 x 1/8 x 7/8,Size / Dimensions: 6 inx1/8 inx7/8 in,,,,,,,,,,,,,,,,,,,,,,,,Grinding Wheel,Model,49-94-0923,,Size,6 x 1/8 x 7/8,,Dimensions,6x1/8x7/8,,Size / Dimensions,6 inx1/8 inx7/8,in,,,,,,,,,,,,,,,,,,,,,,,,,,,,,,,,,,,,,,,,,,,,,,,,,,,,,,,,,,,,,,,,,,,,,,,,,,,,,,,,,,,,,,,,,,,,,,,,,,,,,,,,,,,,,,,,,,,,,,,,,,,,,,,,,,,,,,,,,,,,,,31191600,,,,,,,,,,,,,,,,,,,,,,,,,,,,,,,,,,,,,,,,,,,
,,,,,,,Abrasives,Cutting & Grinding Wheels,Cut-Off Wheels,,49-94-1900,"49-94-1900 Milw 4""x1/8""x5/8"" Masonry Cut Off Disc",-- Unbranded --,-- No Unilog Brand --,-- No DIB Brand --,Milwaukee Accessory (4031),Milwaukee Electric Tool Corporation,Milwaukee®,,49-94-1900,,Abrasives>Cutting & Grinding Wheels>Cut-Off Wheels,"Milwaukee, 49-94-1900, Cut-Off Disc, 4 x 1/8 x 5/8",CT-F DISC,"Milwaukee® 49-94-1900 Cut-Off Disc, 4 x 1/8 x 5/8","The Milwaukee® Cut-Off Disc is designed for commercial and industrial applications, measuring 4 x 1/8 x 5/8.",Cut-Off Disc,"{'Dimensions': '4""x1/8""x5/8'}",Size: 4 x 1/8 x 5/8,Size / Dimensions: 4 inx1/8 inx5/8 in,,,,,,,,,,,,,,,,,,,,,,,,Cut-Off Disc,Model,49-94-1900,,Size,4 x 1/8 x 5/8,,Dimensions,4x1/8x5/8,,Size / Dimensions,4 inx1/8 inx5/8,in,,,,,,,,,,,,,,,,,,,,,,,,,,,,,,,,,,,,,,,,,,,,,,,,,,,,,,,,,,,,,,,,,,,,,,,,,,,,,,,,,,,,,,,,,,,,,,,,,,,,,,,,,,,,,,,,,,,,,,,,,,,,,,,,,,,,,,,,,,,,,,31191600,,,,,,,,,,,,,,,,,,,,,,,,,,,,,,,,,,,,,,,,,,,
,,,,,,,Abrasives,Cutting & Grinding Wheels,Cut-Off Wheels,,49-94-1905,"49-94-1905 Milw 4-1/2""x1/8""x7/8"" Masonry Cut Off Disc",-- Unbranded --,-- No Unilog Brand --,-- No DIB Brand --,Milwaukee Accessory (4031),Milwaukee Electric Tool Corporation,Milwaukee®,,49-94-1905,,Abrasives>Cutting & Grinding Wheels>Cut-Off Wheels,"Milwaukee, 49-94-1905, Cut-Off Disc, 1/2 x 1/8 x 7/8",CT-F DISC,"Milwaukee® 49-94-1905 Cut-Off Disc, 1/2 x 1/8 x 7/8","The Milwaukee® Cut-Off Disc is designed for commercial and industrial applications, measuring 1/2 x 1/8 x 7/8.",Cut-Off Disc,"{'Dimensions': '1/2""x1/8""x7/8'}",Size: 1/2 x 1/8 x 7/8,Size / Dimensions: 1/2 inx1/8 inx7/8 in,,,,,,,,,,,,,,,,,,,,,,,,Cut-Off Disc,Model,49-94-1905,,Size,1/2 x 1/8 x 7/8,,Dimensions,1/2x1/8x7/8,,Size / Dimensions,1/2 inx1/8 inx7/8,in,,,,,,,,,,,,,,,,,,,,,,,,,,,,,,,,,,,,,,,,,,,,,,,,,,,,,,,,,,,,,,,,,,,,,,,,,,,,,,,,,,,,,,,,,,,,,,,,,,,,,,,,,,,,,,,,,,,,,,,,,,,,,,,,,,,,,,,,,,,,,,31191600,,,,,,,,,,,,,,,,,,,,,,,,,,,,,,,,,,,,,,,,,,,
,,,,,,,Abrasives,Cutting & Grinding Wheels,Cut-Off Wheels,,49-94-1915,"49-94-1915 Milw 6-1/2""x1/8""x5/8"" DKO Masonry Cut Off Disc",-- Unbranded --,-- No Unilog Brand --,-- No DIB Brand --,Milwaukee Accessory (4031),Milwaukee Electric Tool Corporation,Milwaukee®,,49-94-1915,,Abrasives>Cutting & Grinding Wheels>Cut-Off Wheels,"Milwaukee, 49-94-1915, Cut-Off Disc, 1/2 x 1/8 x 5/8",CT-F DISC,"Milwaukee® 49-94-1915 Cut-Off Disc, 1/2 x 1/8 x 5/8","The Milwaukee® Cut-Off Disc is designed for commercial and industrial applications, measuring 1/2 x 1/8 x 5/8.",Cut-Off Disc,"{'Dimensions': '1/2""x1/8""x5/8'}",Size: 1/2 x 1/8 x 5/8,Size / Dimensions: 1/2 inx1/8 inx5/8 in,,,,,,,,,,,,,,,,,,,,,,,,Cut-Off Disc,Model,49-94-1915,,Size,1/2 x 1/8 x 5/8,,Dimensions,1/2x1/8x5/8,,Size / Dimensions,1/2 inx1/8 inx5/8,in,,,,,,,,,,,,,,,,,,,,,,,,,,,,,,,,,,,,,,,,,,,,,,,,,,,,,,,,,,,,,,,,,,,,,,,,,,,,,,,,,,,,,,,,,,,,,,,,,,,,,,,,,,,,,,,,,,,,,,,,,,,,,,,,,,,,,,,,,,,,,,31191600,,,,,,,,,,,,,,,,,,,,,,,,,,,,,,,,,,,,,,,,,,,
,,,,,,,Abrasives,Cutting & Grinding Wheels,Cut-Off Wheels,,49-94-1920,"49-94-1920 Milw 7""x1/8""x5/8"" DKO Masonry Cut Off Disc",-- Unbranded --,-- No Unilog Brand --,-- No DIB Brand --,Milwaukee Accessory (4031),Milwaukee Electric Tool Corporation,Milwaukee®,,49-94-1920,,Abrasives>Cutting & Grinding Wheels>Cut-Off Wheels,"Milwaukee, 49-94-1920, Cut-Off Disc, 7 x 1/8 x 5/8",CT-F DISC,"Milwaukee® 49-94-1920 Cut-Off Disc, 7 x 1/8 x 5/8","The Milwaukee® Cut-Off Disc is designed for commercial and industrial applications, measuring 7 x 1/8 x 5/8.",Cut-Off Disc,"{'Dimensions': '7""x1/8""x5/8'}",Size: 7 x 1/8 x 5/8,Size / Dimensions: 7 inx1/8 inx5/8 in,,,,,,,,,,,,,,,,,,,,,,,,Cut-Off Disc,Model,49-94-1920,,Size,7 x 1/8 x 5/8,,Dimensions,7x1/8x5/8,,Size / Dimensions,7 inx1/8 inx5/8,in,,,,,,,,,,,,,,,,,,,,,,,,,,,,,,,,,,,,,,,,,,,,,,,,,,,,,,,,,,,,,,,,,,,,,,,,,,,,,,,,,,,,,,,,,,,,,,,,,,,,,,,,,,,,,,,,,,,,,,,,,,,,,,,,,,,,,,,,,,,,,,31191600,,,,,,,,,,,,,,,,,,,,,,,,,,,,,,,,,,,,,,,,,,,
,,,,,,,Abrasives,Cutting & Grinding Wheels,Cut-Off Wheels,,49-94-1925,"49-94-1925 Milw 10""x1/8""x5/8"" Masonry Cut Off Disc",-- Unbranded --,-- No Unilog Brand --,-- No DIB Brand --,Milwaukee Accessory (4031),Milwaukee Electric Tool Corporation,Milwaukee®,,49-94-1925,,Abrasives>Cutting & Grinding Wheels>Cut-Off Wheels,"Milwaukee, 49-94-1925, Cut-Off Disc, 10 x 1/8 x 5/8",CT-F DISC,"Milwaukee® 49-94-1925 Cut-Off Disc, 10 x 1/8 x 5/8","The Milwaukee® Cut-Off Disc is designed for commercial and industrial applications, measuring 10 x 1/8 x 5/8.",Cut-Off Disc,"{'Dimensions': '10""x1/8""x5/8'}",Size: 10 x 1/8 x 5/8,Size / Dimensions: 10 inx1/8 inx5/8 in,,,,,,,,,,,,,,,,,,,,,,,,Cut-Off Disc,Model,49-94-1925,,Size,10 x 1/8 x 5/8,,Dimensions,10x1/8x5/8,,Size / Dimensions,10 inx1/8 inx5/8,in,,,,,,,,,,,,,,,,,,,,,,,,,,,,,,,,,,,,,,,,,,,,,,,,,,,,,,,,,,,,,,,,,,,,,,,,,,,,,,,,,,,,,,,,,,,,,,,,,,,,,,,,,,,,,,,,,,,,,,,,,,,,,,,,,,,,,,,,,,,,,,31191600,,,,,,,,,,,,,,,,,,,,,,,,,,,,,,,,,,,,,,,,,,,
,,,,,,,Abrasives,Cutting & Grinding Wheels,Cut-Off Wheels,,49-94-1935,"49-94-1935 Milw 12""x1/8""x1"" Masonry Cut Off Disc",-- Unbranded --,-- No Unilog Brand --,-- No DIB Brand --,Milwaukee Accessory (4031),Milwaukee Electric Tool Corporation,Milwaukee®,,49-94-1935,,Abrasives>Cutting & Grinding Wheels>Cut-Off Wheels,"Milwaukee, 49-94-1935, Cut-Off Disc, 12 x 1/8 x 1",CT-F DISC,"Milwaukee® 49-94-1935 Cut-Off Disc, 12 x 1/8 x 1","The Milwaukee® Cut-Off Disc is designed for commercial and industrial applications, measuring 12 x 1/8 x 1.",Cut-Off Disc,"{'Dimensions': '12""x1/8""x1'}",Size: 12 x 1/8 x 1,Size / Dimensions: 12 inx1/8 inx1 in,,,,,,,,,,,,,,,,,,,,,,,,Cut-Off Disc,Model,49-94-1935,,Size,12 x 1/8 x 1,,Dimensions,12x1/8x1,,Size / Dimensions,12 inx1/8 inx1,in,,,,,,,,,,,,,,,,,,,,,,,,,,,,,,,,,,,,,,,,,,,,,,,,,,,,,,,,,,,,,,,,,,,,,,,,,,,,,,,,,,,,,,,,,,,,,,,,,,,,,,,,,,,,,,,,,,,,,,,,,,,,,,,,,,,,,,,,,,,,,,31191600,,,,,,,,,,,,,,,,,,,,,,,,,,,,,,,,,,,,,,,,,,,
,,,,,,,Abrasives,Cutting & Grinding Wheels,Cut-Off Wheels,,49-94-1940,"49-94-1940 Milw 14""x1/8""x1"" Masonry Cut Off Disc",-- Unbranded --,-- No Unilog Brand --,-- No DIB Brand --,Milwaukee Accessory (4031),Milwaukee Electric Tool Corporation,Milwaukee®,,49-94-1940,,Abrasives>Cutting & Grinding Wheels>Cut-Off Wheels,"Milwaukee, 49-94-1940, Cut-Off Disc, 14 x 1/8 x 1",CT-F DISC,"Milwaukee® 49-94-1940 Cut-Off Disc, 14 x 1/8 x 1","The Milwaukee® Cut-Off Disc is designed for commercial and industrial applications, measuring 14 x 1/8 x 1.",Cut-Off Disc,"{'Dimensions': '14""x1/8""x1'}",Size: 14 x 1/8 x 1,Size / Dimensions: 14 inx1/8 inx1 in,,,,,,,,,,,,,,,,,,,,,,,,Cut-Off Disc,Model,49-94-1940,,Size,14 x 1/8 x 1,,Dimensions,14x1/8x1,,Size / Dimensions,14 inx1/8 inx1,in,,,,,,,,,,,,,,,,,,,,,,,,,,,,,,,,,,,,,,,,,,,,,,,,,,,,,,,,,,,,,,,,,,,,,,,,,,,,,,,,,,,,,,,,,,,,,,,,,,,,,,,,,,,,,,,,,,,,,,,,,,,,,,,,,,,,,,,,,,,,,,31191600,,,,,,,,,,,,,,,,,,,,,,,,,,,,,,,,,,,,,,,,,,,
,,,,,,,Abrasives,Cutting & Grinding Wheels,Grinding Wheels,,49-94-0501,"49-94-0501 Milw 4""x1/4""x5/8"" Metal Grinding Wheel",-- Unbranded --,-- No Unilog Brand --,-- No DIB Brand --,Milwaukee Accessory (4031),Milwaukee Electric Tool Corporation,Milwaukee®,,49-94-0501,,Abrasives>Cutting & Grinding Wheels>Grinding Wheels,"Milwaukee, 49-94-0501, Grinding Wheel, 4 x 1/4 x 5/8",GRND WHL,"Milwaukee® 49-94-0501 Grinding Wheel, 4 x 1/4 x 5/8","The Milwaukee® Grinding Wheel is designed for commercial and industrial applications, measuring 4 x 1/4 x 5/8.",Grinding Wheel,"{'Dimensions': '4""x1/4""x5/8'}",Size: 4 x 1/4 x 5/8,Size / Dimensions: 4 inx1/4 inx5/8 in,,,,,,,,,,,,,,,,,,,,,,,,Grinding Wheel,Model,49-94-0501,,Size,4 x 1/4 x 5/8,,Dimensions,4x1/4x5/8,,Size / Dimensions,4 inx1/4 inx5/8,in,,,,,,,,,,,,,,,,,,,,,,,,,,,,,,,,,,,,,,,,,,,,,,,,,,,,,,,,,,,,,,,,,,,,,,,,,,,,,,,,,,,,,,,,,,,,,,,,,,,,,,,,,,,,,,,,,,,,,,,,,,,,,,,,,,,,,,,,,,,,,,31191600,,,,,,,,,,,,,,,,,,,,,,,,,,,,,,,,,,,,,,,,,,,
,,,,,,,Abrasives,Cutting & Grinding Wheels,Grinding Wheels,,49-94-0503,"49-94-0503 Milw 4-1/2""x1/4""x7/8"" Metal Grinding Wheel",-- Unbranded --,-- No Unilog Brand --,-- No DIB Brand --,Milwaukee Accessory (4031),Milwaukee Electric Tool Corporation,Milwaukee®,,49-94-0503,,Abrasives>Cutting & Grinding Wheels>Grinding Wheels,"Milwaukee, 49-94-0503, Grinding Wheel, 1/2 x 1/4 x 7/8",GRND WHL,"Milwaukee® 49-94-0503 Grinding Wheel, 1/2 x 1/4 x 7/8","The Milwaukee® Grinding Wheel is designed for commercial and industrial applications, measuring 1/2 x 1/4 x 7/8.",Grinding Wheel,"{'Dimensions': '1/2""x1/4""x7/8'}",Size: 1/2 x 1/4 x 7/8,Size / Dimensions: 1/2 inx1/4 inx7/8 in,,,,,,,,,,,,,,,,,,,,,,,,Grinding Wheel,Model,49-94-0503,,Size,1/2 x 1/4 x 7/8,,Dimensions,1/2x1/4x7/8,,Size / Dimensions,1/2 inx1/4 inx7/8,in,,,,,,,,,,,,,,,,,,,,,,,,,,,,,,,,,,,,,,,,,,,,,,,,,,,,,,,,,,,,,,,,,,,,,,,,,,,,,,,,,,,,,,,,,,,,,,,,,,,,,,,,,,,,,,,,,,,,,,,,,,,,,,,,,,,,,,,,,,,,,,31191600,,,,,,,,,,,,,,,,,,,,,,,,,,,,,,,,,,,,,,,,,,,
,,,,,,,Abrasives,Cutting & Grinding Wheels,Grinding Wheels,,49-94-0523,"49-94-0523 Milw 6""x1/4""x7/8"" Metal Grinding Wheel",-- Unbranded --,-- No Unilog Brand --,-- No DIB Brand --,Milwaukee Accessory (4031),Milwaukee Electric Tool Corporation,Milwaukee®,,49-94-0523,,Abrasives>Cutting & Grinding Wheels>Grinding Wheels,"Milwaukee, 49-94-0523, Grinding Wheel, 6 x 1/4 x 7/8",GRND WHL,"Milwaukee® 49-94-0523 Grinding Wheel, 6 x 1/4 x 7/8","The Milwaukee® Grinding Wheel is designed for commercial and industrial applications, measuring 6 x 1/4 x 7/8.",Grinding Wheel,"{'Dimensions': '6""x1/4""x7/8'}",Size: 6 x 1/4 x 7/8,Size / Dimensions: 6 inx1/4 inx7/8 in,,,,,,,,,,,,,,,,,,,,,,,,Grinding Wheel,Model,49-94-0523,,Size,6 x 1/4 x 7/8,,Dimensions,6x1/4x7/8,,Size / Dimensions,6 inx1/4 inx7/8,in,,,,,,,,,,,,,,,,,,,,,,,,,,,,,,,,,,,,,,,,,,,,,,,,,,,,,,,,,,,,,,,,,,,,,,,,,,,,,,,,,,,,,,,,,,,,,,,,,,,,,,,,,,,,,,,,,,,,,,,,,,,,,,,,,,,,,,,,,,,,,,31191600,,,,,,,,,,,,,,,,,,,,,,,,,,,,,,,,,,,,,,,,,,,
,,,,,,,Abrasives,Cutting & Grinding Wheels,Grinding Wheels,,49-94-1955,"49-94-1955 Milw 4-1/2""x1/4""x7/8"" Masonry Grinding Wheel",-- Unbranded --,-- No Unilog Brand --,-- No DIB Brand --,Milwaukee Accessory (4031),Milwaukee Electric Tool Corporation,Milwaukee®,,49-94-1955,,Abrasives>Cutting & Grinding Wheels>Grinding Wheels,"Milwaukee, 49-94-1955, Grinding Wheel, 1/2 x 1/4 x 7/8",GRND WHL,"Milwaukee® 49-94-1955 Grinding Wheel, 1/2 x 1/4 x 7/8","The Milwaukee® Grinding Wheel is designed for commercial and industrial applications, measuring 1/2 x 1/4 x 7/8.",Grinding Wheel,"{'Dimensions': '1/2""x1/4""x7/8'}",Size: 1/2 x 1/4 x 7/8,Size / Dimensions: 1/2 inx1/4 inx7/8 in,,,,,,,,,,,,,,,,,,,,,,,,Grinding Wheel,Model,49-94-1955,,Size,1/2 x 1/4 x 7/8,,Dimensions,1/2x1/4x7/8,,Size / Dimensions,1/2 inx1/4 inx7/8,in,,,,,,,,,,,,,,,,,,,,,,,,,,,,,,,,,,,,,,,,,,,,,,,,,,,,,,,,,,,,,,,,,,,,,,,,,,,,,,,,,,,,,,,,,,,,,,,,,,,,,,,,,,,,,,,,,,,,,,,,,,,,,,,,,,,,,,,,,,,,,,31191600,,,,,,,,,,,,,,,,,,,,,,,,,,,,,,,,,,,,,,,,,,,
,,,,,,,Abrasives,Cutting & Grinding Wheels,Grinding Wheels,,49-94-1965,"49-94-1965 Milw 7""x1/4""x7/8"" Masonry Grinding Wheel",-- Unbranded --,-- No Unilog Brand --,-- No DIB Brand --,Milwaukee Accessory (4031),Milwaukee Electric Tool Corporation,Milwaukee®,,49-94-1965,,Abrasives>Cutting & Grinding Wheels>Grinding Wheels,"Milwaukee, 49-94-1965, Grinding Wheel, 7 x 1/4 x 7/8",GRND WHL,"Milwaukee® 49-94-1965 Grinding Wheel, 7 x 1/4 x 7/8","The Milwaukee® Grinding Wheel is designed for commercial and industrial applications, measuring 7 x 1/4 x 7/8.",Grinding Wheel,"{'Dimensions': '7""x1/4""x7/8'}",Size: 7 x 1/4 x 7/8,Size / Dimensions: 7 inx1/4 inx7/8 in,,,,,,,,,,,,,,,,,,,,,,,,Grinding Wheel,Model,49-94-1965,,Size,7 x 1/4 x 7/8,,Dimensions,7x1/4x7/8,,Size / Dimensions,7 inx1/4 inx7/8,in,,,,,,,,,,,,,,,,,,,,,,,,,,,,,,,,,,,,,,,,,,,,,,,,,,,,,,,,,,,,,,,,,,,,,,,,,,,,,,,,,,,,,,,,,,,,,,,,,,,,,,,,,,,,,,,,,,,,,,,,,,,,,,,,,,,,,,,,,,,,,,31191600,,,,,,,,,,,,,,,,,,,,,,,,,,,,,,,,,,,,,,,,,,,
,,,,,,,Abrasives,Cutting & Grinding Wheels,Grinding Wheels,,49-94-0513,"49-94-0513 Milw 5""x1/4""x7/8"" Metal Grinding Wheel",-- Unbranded --,-- No Unilog Brand --,-- No DIB Brand --,Milwaukee Accessory (4031),Milwaukee Electric Tool Corporation,Milwaukee®,,49-94-0513,,Abrasives>Cutting & Grinding Wheels>Grinding Wheels,"Milwaukee, 49-94-0513, Grinding Wheel, 5 x 1/4 x 7/8",GRND WHL,"Milwaukee® 49-94-0513 Grinding Wheel, 5 x 1/4 x 7/8","The Milwaukee® Grinding Wheel is designed for commercial and industrial applications, measuring 5 x 1/4 x 7/8.",Grinding Wheel,"{'Dimensions': '5""x1/4""x7/8'}",Size: 5 x 1/4 x 7/8,Size / Dimensions: 5 inx1/4 inx7/8 in,,,,,,,,,,,,,,,,,,,,,,,,Grinding Wheel,Model,49-94-0513,,Size,5 x 1/4 x 7/8,,Dimensions,5x1/4x7/8,,Size / Dimensions,5 inx1/4 inx7/8,in,,,,,,,,,,,,,,,,,,,,,,,,,,,,,,,,,,,,,,,,,,,,,,,,,,,,,,,,,,,,,,,,,,,,,,,,,,,,,,,,,,,,,,,,,,,,,,,,,,,,,,,,,,,,,,,,,,,,,,,,,,,,,,,,,,,,,,,,,,,,,,31191600,,,,,,,,,,,,,,,,,,,,,,,,,,,,,,,,,,,,,,,,,,,
,,,,,,,Abrasives,Cutting & Grinding Wheels,Grinding Wheels,,49-94-0533,"49-94-0533 Milw 7""x1/4""x7/8"" Metal Grinding Wheel",-- Unbranded --,-- No Unilog Brand --,-- No DIB Brand --,Milwaukee Accessory (4031),Milwaukee Electric Tool Corporation,Milwaukee®,,49-94-0533,,Abrasives>Cutting & Grinding Wheels>Grinding Wheels,"Milwaukee, 49-94-0533, Grinding Wheel, 7 x 1/4 x 7/8",GRND WHL,"Milwaukee® 49-94-0533 Grinding Wheel, 7 x 1/4 x 7/8","The Milwaukee® Grinding Wheel is designed for commercial and industrial applications, measuring 7 x 1/4 x 7/8.",Grinding Wheel,"{'Dimensions': '7""x1/4""x7/8'}",Size: 7 x 1/4 x 7/8,Size / Dimensions: 7 inx1/4 inx7/8 in,,,,,,,,,,,,,,,,,,,,,,,,Grinding Wheel,Model,49-94-0533,,Size,7 x 1/4 x 7/8,,Dimensions,7x1/4x7/8,,Size / Dimensions,7 inx1/4 inx7/8,in,,,,,,,,,,,,,,,,,,,,,,,,,,,,,,,,,,,,,,,,,,,,,,,,,,,,,,,,,,,,,,,,,,,,,,,,,,,,,,,,,,,,,,,,,,,,,,,,,,,,,,,,,,,,,,,,,,,,,,,,,,,,,,,,,,,,,,,,,,,,,,31191600,,,,,,,,,,,,,,,,,,,,,,,,,,,,,,,,,,,,,,,,,,,
,,,,,,,Abrasives,Sanding & Finishing,Sanding Sponges,,DFBLBLOMFN01G,DFBLBLOMFN01G Diablo 220 Grit - Flat Edge Sanding Sponge,-- Unbranded --,-- No Unilog Brand --,-- No DIB Brand --,Freud Inc (2435),"Freud America, Inc.",Diablo®,,DFBLBLOMFN01G,,Abrasives>Sanding & Finishing>Sanding Sponges,"Freud America, Inc. Diablo, DFBLBLOMFN01G, Sanding Sponge, P220",SNDN SPNG P220,"Diablo® DFBLBLOMFN01G Sanding Sponge, P220 Grit",The Diablo® Sanding Sponge (Part Number: DFBLBLOMFN01G).,Sanding Sponge,{},P220 Abrasive Grit,,,,,,,,,,,,,,,,,,,,,,,,,Sanding Sponge,Model,DFBLBLOMFN01G,,Grit,P220,,,,,,,,,,,,,,,,,,,,,,,,,,,,,,,,,,,,,,,,,,,,,,,,,,,,,,,,,,,,,,,,,,,,,,,,,,,,,,,,,,,,,,,,,,,,,,,,,,,,,,,,,,,,,,,,,,,,,,,,,,,,,,,,,,,,,,,,,,,,,,,,,,,,,31191500,,,,,,,,,,,,,,,,,,,,,,,,,,,,,,,,,,,,,,,,,,,
,,,,,,,Building Materials,Waterproofing,Joist Tape,,1700-1PK-BB40,3/4x60' Vinyl Elect Tape,-- Unbranded --,-- No Unilog Brand --,3M,3 M Co (5293),3M Company,3M™,,1700-1PK-BB40,,Building Materials>Waterproofing>Flashing Tapes,"3M Company 3M, 1700-1PK-BB40, Deck Joist Flashing Tape, 3/4 x 60', 1 Pack",DECK JST FLSH TAPE 1PK,"3M™ 1700-1PK-BB40 Deck Joist Flashing Tape, 3/4 x 60', 1 Pack","The 3M™ Deck Joist Flashing Tape is designed for commercial and industrial applications, measuring 3/4 x 60'.",Deck Joist Flashing Tape,{'Dimensions': '3/4x60'},Size: 3/4 x 60',1 Count Package,Size / Dimensions: 3/4x60',,,,,,,,,,,,,,,,,,,,,,,Deck Joist Flashing Tape,Model,1700-1PK-BB40,,Size,3/4 x 60',,Package Quantity,1,pk,Dimensions,3/4x60,,Size / Dimensions,3/4x60',,,,,,,,,,,,,,,,,,,,,,,,,,,,,,,,,,,,,,,,,,,,,,,,,,,,,,,,,,,,,,,,,,,,,,,,,,,,,,,,,,,,,,,,,,,,,,,,,,,,,,,,,,,,,,,,,,,,,,,,,,,,,,,,,,,,,,,,,,,,30151600,,,,,,,,,,,,,,,,,,,,,,,,,,,,,,,,,,,,,,,,,,,
,,,,,,,Building Materials,Waterproofing,Joist Tape,,ASH-40-40-04,1.5x1.5x13' Legacy Emseal Tape,-- Unbranded --,-- No Unilog Brand --,-- No DIB Brand --,Emseal Joint Systems Ltd (EMSJO),Emseal Joint Systems Ltd.,EMSEAL®,,ASH-40-40-04,,Building Materials>Waterproofing>Flashing Tapes,"EMSEAL, ASH-40-40-04, Deck Joist Flashing Tape, 1-1/2 x 1-1/2 x 13'",DECK JST FLSH TAPE,"EMSEAL® ASH-40-40-04 Deck Joist Flashing Tape, 1-1/2 x 1-1/2 x 13'","The EMSEAL® Deck Joist Flashing Tape is designed for commercial and industrial applications, measuring 1-1/2 x 1-1/2 x 13'.",Deck Joist Flashing Tape,{'Dimensions': '1.5x1.5x13'},Size: 1-1/2 x 1-1/2 x 13',Size / Dimensions: 1.5x1.5x13',,,,,,,,,,,,,,,,,,,,,,,,Deck Joist Flashing Tape,Model,ASH-40-40-04,,Size,1-1/2 x 1-1/2 x 13',,Dimensions,1.5x1.5x13,,Size / Dimensions,1.5x1.5x13',,,,,,,,,,,,,,,,,,,,,,,,,,,,,,,,,,,,,,,,,,,,,,,,,,,,,,,,,,,,,,,,,,,,,,,,,,,,,,,,,,,,,,,,,,,,,,,,,,,,,,,,,,,,,,,,,,,,,,,,,,,,,,,,,,,,,,,,,,,,,,,30151600,,,,,,,,,,,,,,,,,,,,,,,,,,,,,,,,,,,,,,,,,,,
,,,,,,,Appliances,Large Appliances,Dishwashers,,KDFM404KPS,KDFM404KPS Dishwasher SS,-- Unbranded --,-- No Unilog Brand --,-- No DIB Brand --,Appliance Dealers Cooperative (APPDE),Appliance Dealers Cooperative,-- Unbranded --,,KDFM404KPS,,Appliances & Consumer Electronics>Kitchen Appliances>Built-In Dishwashers,"Appliance Dealers Cooperative, KDFM404KPS, Dishwasher, Stainless Steel",DSHW SST,"Appliance Dealers Cooperative KDFM404KPS Dishwasher, Stainless Steel","The Appliance Dealers Cooperative Dishwasher is designed for commercial and industrial applications, constructed from Stainless Steel.","Dishwasher, Stainless Steel",{},Finish: Stainless Steel,Material: Stainless Steel,,,,,,,,,,,,,,,,,,,,,,,,Dishwasher,Model,KDFM404KPS,,Material,Stainless Steel,,Color,Stainless Steel,,,,,,,,,,,,,,,,,,,,,,,,,,,,,,,,,,,,,,,,,,,,,,,,,,,,,,,,,,,,,,,,,,,,,,,,,,,,,,,,,,,,,,,,,,,,,,,,,,,,,,,,,,,,,,,,,,,,,,,,,,,,,,,,,,,,,,,,,,,,,,,,,,52141505,,,,,,,,,,,,,,,,,,,,,,,,,,,,,,,,,,,,,,,,,,,
,,,,,,,Appliances,Large Appliances,Dishwashers,,PDSH4816AF,PDSH4816AF Dishwasher SS - Display Only,-- Unbranded --,-- No Unilog Brand --,-- No DIB Brand --,Appliance Dealers Cooperative (APPDE),Appliance Dealers Cooperative,-- Unbranded --,,PDSH4816AF,,Appliances & Consumer Electronics>Kitchen Appliances>Built-In Dishwashers,"Appliance Dealers Cooperative, PDSH4816AF, Dishwasher, Stainless Steel",DSHW SST,"Appliance Dealers Cooperative PDSH4816AF Dishwasher, Stainless Steel","The Appliance Dealers Cooperative Dishwasher is designed for commercial and industrial applications, constructed from Stainless Steel.","Dishwasher, Stainless Steel",{},Finish: Stainless Steel,Material: Stainless Steel,,,,,,,,,,,,,,,,,,,,,,,,Dishwasher,Model,PDSH4816AF,,Material,Stainless Steel,,Color,Stainless Steel,,,,,,,,,,,,,,,,,,,,,,,,,,,,,,,,,,,,,,,,,,,,,,,,,,,,,,,,,,,,,,,,,,,,,,,,,,,,,,,,,,,,,,,,,,,,,,,,,,,,,,,,,,,,,,,,,,,,,,,,,,,,,,,,,,,,,,,,,,,,,,,,,,52141505,,,,,,,,,,,,,,,,,,,,,,,,,,,,,,,,,,,,,,,,,,,
,,,,,,,Appliances,Large Appliances,Dishwashers,,PDT715SYVFS,PDT715SYVFS Ge Dishwasher SS,-- Unbranded --,-- No Unilog Brand --,-- No DIB Brand --,Appliance Dealers Cooperative (APPDE),"GE Appliances, a Haier company",GE®,,PDT715SYVFS,,Appliances & Consumer Electronics>Kitchen Appliances>Built-In Dishwashers,"GE, PDT715SYVFS, Dishwasher, Stainless Steel",DSHW SST,"GE® PDT715SYVFS Dishwasher, Stainless Steel","The GE® Dishwasher is designed for commercial and industrial applications, constructed from Stainless Steel.","Dishwasher, Stainless Steel",{},Finish: Stainless Steel,Material: Stainless Steel,,,,,,,,,,,,,,,,,,,,,,,,Dishwasher,Model,PDT715SYVFS,,Material,Stainless Steel,,Color,Stainless Steel,,,,,,,,,,,,,,,,,,,,,,,,,,,,,,,,,,,,,,,,,,,,,,,,,,,,,,,,,,,,,,,,,,,,,,,,,,,,,,,,,,,,,,,,,,,,,,,,,,,,,,,,,,,,,,,,,,,,,,,,,,,,,,,,,,,,,,,,,,,,,,,,,,52141505,,,,,,,,,,,,,,,,,,,,,,,,,,,,,,,,,,,,,,,,,,,
,,,,,,,Appliances,Large Appliances,Dishwashers,,LDPH5554D,LDPH5554D LG Dishwasher BSS,-- Unbranded --,-- No Unilog Brand --,-- No DIB Brand --,Appliance Dealers Cooperative (APPDE),"LG Electronics U.S.A., Inc.",LG®,,LDPH5554D,,Appliances & Consumer Electronics>Kitchen Appliances>Built-In Dishwashers,"LG, LDPH5554D, Dishwasher, Black Stainless Steel",DSHW SST,"LG® LDPH5554D Dishwasher, Stainless Steel","The LG® Dishwasher is designed for commercial and industrial applications, constructed from Stainless Steel.","Dishwasher, Stainless Steel",{},Finish: Black Stainless Steel,Material: Stainless Steel,,,,,,,,,,,,,,,,,,,,,,,,Dishwasher,Model,LDPH5554D,,Material,Stainless Steel,,Color,Black Stainless Steel,,,,,,,,,,,,,,,,,,,,,,,,,,,,,,,,,,,,,,,,,,,,,,,,,,,,,,,,,,,,,,,,,,,,,,,,,,,,,,,,,,,,,,,,,,,,,,,,,,,,,,,,,,,,,,,,,,,,,,,,,,,,,,,,,,,,,,,,,,,,,,,,,,52141505,,,,,,,,,,,,,,,,,,,,,,,,,,,,,,,,,,,,,,,,,,,
,,,,,,,Appliances,Large Appliances,Dishwashers,,WDTS7024RZ,WDTS7024RZ Dishwasher SS - Display Only,-- Unbranded --,-- No Unilog Brand --,-- No DIB Brand --,Appliance Dealers Cooperative (APPDE),Appliance Dealers Cooperative,-- Unbranded --,,WDTS7024RZ,,Appliances & Consumer Electronics>Kitchen Appliances>Built-In Dishwashers,"Appliance Dealers Cooperative, WDTS7024RZ, Dishwasher, Stainless Steel",DSHW SST,"Appliance Dealers Cooperative WDTS7024RZ Dishwasher, Stainless Steel","The Appliance Dealers Cooperative Dishwasher is designed for commercial and industrial applications, constructed from Stainless Steel.","Dishwasher, Stainless Steel",{},Finish: Stainless Steel,Material: Stainless Steel,,,,,,,,,,,,,,,,,,,,,,,,Dishwasher,Model,WDTS7024RZ,,Material,Stainless Steel,,Color,Stainless Steel,,,,,,,,,,,,,,,,,,,,,,,,,,,,,,,,,,,,,,,,,,,,,,,,,,,,,,,,,,,,,,,,,,,,,,,,,,,,,,,,,,,,,,,,,,,,,,,,,,,,,,,,,,,,,,,,,,,,,,,,,,,,,,,,,,,,,,,,,,,,,,,,,,52141505,,,,,,,,,,,,,,,,,,,,,,,,,,,,,,,,,,,,,,,,,,,
,,,,,,,Appliances,Large Appliances,Dishwashers,,PDD415PYYFS,PDD415PYYFS GE Dishwasher SS,-- Unbranded --,-- No Unilog Brand --,-- No DIB Brand --,Appliance Dealers Cooperative (APPDE),"GE Appliances, a Haier company",GE®,,PDD415PYYFS,,Appliances & Consumer Electronics>Kitchen Appliances>Built-In Dishwashers,"GE, PDD415PYYFS, Dishwasher, Stainless Steel",DSHW SST,"GE® PDD415PYYFS Dishwasher, Stainless Steel","The GE® Dishwasher is designed for commercial and industrial applications, constructed from Stainless Steel.","Dishwasher, Stainless Steel",{},Finish: Stainless Steel,Material: Stainless Steel,,,,,,,,,,,,,,,,,,,,,,,,Dishwasher,Model,PDD415PYYFS,,Material,Stainless Steel,,Color,Stainless Steel,,,,,,,,,,,,,,,,,,,,,,,,,,,,,,,,,,,,,,,,,,,,,,,,,,,,,,,,,,,,,,,,,,,,,,,,,,,,,,,,,,,,,,,,,,,,,,,,,,,,,,,,,,,,,,,,,,,,,,,,,,,,,,,,,,,,,,,,,,,,,,,,,,52141505,,,,,,,,,,,,,,,,,,,,,,,,,,,,,,,,,,,,,,,,,,,
,,,,,,,Appliances,Large Appliances,Dishwashers,,KDTS424SBE,KDTS424SBE Kitchen Aid Dishwasher Bk,-- Unbranded --,-- No Unilog Brand --,-- No DIB Brand --,Appliance Dealers Cooperative (APPDE),Whirlpool Corporation,KitchenAid®,,KDTS424SBE,,Appliances & Consumer Electronics>Kitchen Appliances>Built-In Dishwashers,"Whirlpool Corporation KitchenAid, KDTS424SBE, Dishwasher, Black",DSHW,"KitchenAid® KDTS424SBE Dishwasher, Black","The KitchenAid® Dishwasher is designed for commercial and industrial applications, finished in Black.","Dishwasher, Black",{},Finish: Black,,,,,,,,,,,,,,,,,,,,,,,,,Dishwasher,Model,KDTS424SBE,,Color,Black,,,,,,,,,,,,,,,,,,,,,,,,,,,,,,,,,,,,,,,,,,,,,,,,,,,,,,,,,,,,,,,,,,,,,,,,,,,,,,,,,,,,,,,,,,,,,,,,,,,,,,,,,,,,,,,,,,,,,,,,,,,,,,,,,,,,,,,,,,,,,,,,,,,,,52141505,,,,,,,,,,,,,,,,,,,,,,,,,,,,,,,,,,,,,,,,,,,
,,,,,,,Appliances,Large Appliances,Dishwashers,,KDTS324SPS,KDTS324SPS Kitchen Aid Dishwasher SS,-- Unbranded --,-- No Unilog Brand --,-- No DIB Brand --,Appliance Dealers Cooperative (APPDE),Whirlpool Corporation,KitchenAid®,,KDTS324SPS,,Appliances & Consumer Electronics>Kitchen Appliances>Built-In Dishwashers,"Whirlpool Corporation KitchenAid, KDTS324SPS, Dishwasher, Stainless Steel",DSHW SST,"KitchenAid® KDTS324SPS Dishwasher, Stainless Steel","The KitchenAid® Dishwasher is designed for commercial and industrial applications, constructed from Stainless Steel.","Dishwasher, Stainless Steel",{},Finish: Stainless Steel,Material: Stainless Steel,,,,,,,,,,,,,,,,,,,,,,,,Dishwasher,Model,KDTS324SPS,,Material,Stainless Steel,,Color,Stainless Steel,,,,,,,,,,,,,,,,,,,,,,,,,,,,,,,,,,,,,,,,,,,,,,,,,,,,,,,,,,,,,,,,,,,,,,,,,,,,,,,,,,,,,,,,,,,,,,,,,,,,,,,,,,,,,,,,,,,,,,,,,,,,,,,,,,,,,,,,,,,,,,,,,,52141505,,,,,,,,,,,,,,,,,,,,,,,,,,,,,,,,,,,,,,,,,,,
,,,,,,,Appliances,Large Appliances,Dishwashers,,KDPS624SJP,KDPS624SJP Dishwasher Juniper - Display Only,-- Unbranded --,-- No Unilog Brand --,-- No DIB Brand --,Appliance Dealers Cooperative (APPDE),Appliance Dealers Cooperative,-- Unbranded --,,KDPS624SJP,,Appliances & Consumer Electronics>Kitchen Appliances>Built-In Dishwashers,"Appliance Dealers Cooperative, KDPS624SJP, Dishwasher, Juniper",DSHW,"Appliance Dealers Cooperative KDPS624SJP Dishwasher, Juniper","The Appliance Dealers Cooperative Dishwasher is designed for commercial and industrial applications, finished in Juniper.","Dishwasher, Juniper",{},Finish: Juniper,,,,,,,,,,,,,,,,,,,,,,,,,Dishwasher,Model,KDPS624SJP,,Color,Juniper,,,,,,,,,,,,,,,,,,,,,,,,,,,,,,,,,,,,,,,,,,,,,,,,,,,,,,,,,,,,,,,,,,,,,,,,,,,,,,,,,,,,,,,,,,,,,,,,,,,,,,,,,,,,,,,,,,,,,,,,,,,,,,,,,,,,,,,,,,,,,,,,,,,,,52141505,,,,,,,,,,,,,,,,,,,,,,,,,,,,,,,,,,,,,,,,,,,
,,,,,,,Appliances,Large Appliances,Dishwashers,,KDTS624SBE,KDTS624SBE Dishwasher BO Display Only,-- Unbranded --,-- No Unilog Brand --,-- No DIB Brand --,Appliance Dealers Cooperative (APPDE),Appliance Dealers Cooperative,-- Unbranded --,,KDTS624SBE,,Appliances & Consumer Electronics>Kitchen Appliances>Built-In Dishwashers,"Appliance Dealers Cooperative, KDTS624SBE, Dishwasher",DSHW,Appliance Dealers Cooperative KDTS624SBE Dishwasher,The Appliance Dealers Cooperative Dishwasher (Part Number: KDTS624SBE).,Dishwasher,{},,,,,,,,,,,,,,,,,,,,,,,,,,Dishwasher,Model,KDTS624SBE,,,,,,,,,,,,,,,,,,,,,,,,,,,,,,,,,,,,,,,,,,,,,,,,,,,,,,,,,,,,,,,,,,,,,,,,,,,,,,,,,,,,,,,,,,,,,,,,,,,,,,,,,,,,,,,,,,,,,,,,,,,,,,,,,,,,,,,,,,,,,,,,,,,,,,,,52141505,,,,,,,,,,,,,,,,,,,,,,,,,,,,,,,,,,,,,,,,,,,
,,,,,,,Appliances,Laundry Accessories,Dryer Heating Elements,,D519127,D519127 Heater Kit,-- Unbranded --,-- No Unilog Brand --,-- No DIB Brand --,V & V Appliance Parts Inc (VVAPP),V & V Appliance Parts Inc,-- Unbranded --,,D519127,,Appliances & Consumer Electronics>Laundry Appliances>Dryer Replacement Parts,"V & V Appliance Parts Inc, D519127, Dryer Heater Kit",DRYR HTR KIT,V & V Appliance Parts Inc D519127 Dryer Heater Kit,The V & V Appliance Parts Inc Dryer Heater Kit (Part Number: D519127).,Dryer Heater Kit,{},,,,,,,,,,,,,,,,,,,,,,,,,,Dryer Heater Kit,Model,D519127,,,,,,,,,,,,,,,,,,,,,,,,,,,,,,,,,,,,,,,,,,,,,,,,,,,,,,,,,,,,,,,,,,,,,,,,,,,,,,,,,,,,,,,,,,,,,,,,,,,,,,,,,,,,,,,,,,,,,,,,,,,,,,,,,,,,,,,,,,,,,,,,,,,,,,,,52141602,,,,,,,,,,,,,,,,,,,,,,,,,,,,,,,,,,,,,,,,,,,
,,,,,,,Appliances,Laundry,Clothes Dryers,,DF7004WE,DF7004WE Speed Queen Elect Dryer Wh,-- Unbranded --,-- No Unilog Brand --,-- No DIB Brand --,Appliance Dealers Cooperative (APPDE),Alliance Laundry Systems LLC,Speed Queen®,,DF7004WE,,Appliances & Consumer Electronics>Laundry Appliances>Clothes Dryers,"Speed Queen, DF7004WE, Clothes Dryer, White",CLTH DRYR,"Speed Queen® DF7004WE Clothes Dryer, White","The Speed Queen® Clothes Dryer is designed for commercial and industrial applications, finished in White.","Clothes Dryer, White",{},Finish: White,,,,,,,,,,,,,,,,,,,,,,,,,Clothes Dryer,Model,DF7004WE,,Color,White,,,,,,,,,,,,,,,,,,,,,,,,,,,,,,,,,,,,,,,,,,,,,,,,,,,,,,,,,,,,,,,,,,,,,,,,,,,,,,,,,,,,,,,,,,,,,,,,,,,,,,,,,,,,,,,,,,,,,,,,,,,,,,,,,,,,,,,,,,,,,,,,,,,,,52141602,,,,,,,,,,,,,,,,,,,,,,,,,,,,,,,,,,,,,,,,,,,
,,,,,,,Appliances,Laundry,Clothes Dryers,,DR7004BE,DR7004BE SQ Elect Dryer Bk,-- Unbranded --,-- No Unilog Brand --,-- No DIB Brand --,Appliance Dealers Cooperative (APPDE),Alliance Laundry Systems LLC,Speed Queen®,,DR7004BE,,Appliances & Consumer Electronics>Laundry Appliances>Clothes Dryers,"Speed Queen, DR7004BE, Clothes Dryer, Black",CLTH DRYR,"Speed Queen® DR7004BE Clothes Dryer, Black","The Speed Queen® Clothes Dryer is designed for commercial and industrial applications, finished in Black.","Clothes Dryer, Black",{},Finish: Black,,,,,,,,,,,,,,,,,,,,,,,,,Clothes Dryer,Model,DR7004BE,,Color,Black,,,,,,,,,,,,,,,,,,,,,,,,,,,,,,,,,,,,,,,,,,,,,,,,,,,,,,,,,,,,,,,,,,,,,,,,,,,,,,,,,,,,,,,,,,,,,,,,,,,,,,,,,,,,,,,,,,,,,,,,,,,,,,,,,,,,,,,,,,,,,,,,,,,,,52141602,,,,,,,,,,,,,,,,,,,,,,,,,,,,,,,,,,,,,,,,,,,
,,,,,,,Appliances,Laundry,Clothes Dryers,,DV2000WE,DV2000WE SQ Elect Dryer Wh,-- Unbranded --,-- No Unilog Brand --,-- No DIB Brand --,Appliance Dealers Cooperative (APPDE),Alliance Laundry Systems LLC,Speed Queen®,,DV2000WE,,Appliances & Consumer Electronics>Laundry Appliances>Clothes Dryers,"Speed Queen, DV2000WE, Clothes Dryer, White",CLTH DRYR,"Speed Queen® DV2000WE Clothes Dryer, White","The Speed Queen® Clothes Dryer is designed for commercial and industrial applications, finished in White.","Clothes Dryer, White",{},Finish: White,,,,,,,,,,,,,,,,,,,,,,,,,Clothes Dryer,Model,DV2000WE,,Color,White,,,,,,,,,,,,,,,,,,,,,,,,,,,,,,,,,,,,,,,,,,,,,,,,,,,,,,,,,,,,,,,,,,,,,,,,,,,,,,,,,,,,,,,,,,,,,,,,,,,,,,,,,,,,,,,,,,,,,,,,,,,,,,,,,,,,,,,,,,,,,,,,,,,,,52141602,,,,,,,,,,,,,,,,,,,,,,,,,,,,,,,,,,,,,,,,,,,
,,,,,,,Appliances,Laundry,Clothes Dryers,,DC5004WE,DC5004WE SQ Elect Dryer Wh,-- Unbranded --,-- No Unilog Brand --,-- No DIB Brand --,Appliance Dealers Cooperative (APPDE),Alliance Laundry Systems LLC,Speed Queen®,,DC5004WE,,Appliances & Consumer Electronics>Laundry Appliances>Clothes Dryers,"Speed Queen, DC5004WE, Clothes Dryer, White",CLTH DRYR,"Speed Queen® DC5004WE Clothes Dryer, White","The Speed Queen® Clothes Dryer is designed for commercial and industrial applications, finished in White.","Clothes Dryer, White",{},Finish: White,,,,,,,,,,,,,,,,,,,,,,,,,Clothes Dryer,Model,DC5004WE,,Color,White,,,,,,,,,,,,,,,,,,,,,,,,,,,,,,,,,,,,,,,,,,,,,,,,,,,,,,,,,,,,,,,,,,,,,,,,,,,,,,,,,,,,,,,,,,,,,,,,,,,,,,,,,,,,,,,,,,,,,,,,,,,,,,,,,,,,,,,,,,,,,,,,,,,,,52141602,,,,,,,,,,,,,,,,,,,,,,,,,,,,,,,,,,,,,,,,,,,
,,,,,,,Appliances,Laundry,Clothes Dryers,,DC5004BE,DC5004BE SQ Elect Dryer Bk,-- Unbranded --,-- No Unilog Brand --,-- No DIB Brand --,Appliance Dealers Cooperative (APPDE),Alliance Laundry Systems LLC,Speed Queen®,,DC5004BE,,Appliances & Consumer Electronics>Laundry Appliances>Clothes Dryers,"Speed Queen, DC5004BE, Clothes Dryer, Black",CLTH DRYR,"Speed Queen® DC5004BE Clothes Dryer, Black","The Speed Queen® Clothes Dryer is designed for commercial and industrial applications, finished in Black.","Clothes Dryer, Black",{},Finish: Black,,,,,,,,,,,,,,,,,,,,,,,,,Clothes Dryer,Model,DC5004BE,,Color,Black,,,,,,,,,,,,,,,,,,,,,,,,,,,,,,,,,,,,,,,,,,,,,,,,,,,,,,,,,,,,,,,,,,,,,,,,,,,,,,,,,,,,,,,,,,,,,,,,,,,,,,,,,,,,,,,,,,,,,,,,,,,,,,,,,,,,,,,,,,,,,,,,,,,,,52141602,,,,,,,,,,,,,,,,,,,,,,,,,,,,,,,,,,,,,,,,,,,
,,,,,,,Appliances,Laundry,Washing Machines,,WKE100HWA,WKE100HWA LG Laundry Center Wh - Display Only,-- Unbranded --,-- No Unilog Brand --,-- No DIB Brand --,Appliance Dealers Cooperative (APPDE),"LG Electronics U.S.A., Inc.",LG®,,WKE100HWA,,Appliances & Consumer Electronics>Laundry Appliances>Washing Machines,"LG, WKE100HWA, Washing Machine, White",WSHN MCHN,"LG® WKE100HWA Washing Machine, White","The LG® Washing Machine is designed for commercial and industrial applications, finished in White.","Washing Machine, White",{},Finish: White,,,,,,,,,,,,,,,,,,,,,,,,,Washing Machine,Model,WKE100HWA,,Color,White,,,,,,,,,,,,,,,,,,,,,,,,,,,,,,,,,,,,,,,,,,,,,,,,,,,,,,,,,,,,,,,,,,,,,,,,,,,,,,,,,,,,,,,,,,,,,,,,,,,,,,,,,,,,,,,,,,,,,,,,,,,,,,,,,,,,,,,,,,,,,,,,,,,,,52141601,,,,,,,,,,,,,,,,,,,,,,,,,,,,,,,,,,,,,,,,,,,
,,,,,,,Appliances,Laundry,Washing Machines,,FF7011WN,FF7011WN Speed Queen Washer Wh,-- Unbranded --,-- No Unilog Brand --,-- No DIB Brand --,Appliance Dealers Cooperative (APPDE),Alliance Laundry Systems LLC,Speed Queen®,,FF7011WN,,Appliances & Consumer Electronics>Laundry Appliances>Washing Machines,"Speed Queen, FF7011WN, Washing Machine, White",WSHN MCHN,"Speed Queen® FF7011WN Washing Machine, White","The Speed Queen® Washing Machine is designed for commercial and industrial applications, finished in White.","Washing Machine, White",{},Finish: White,,,,,,,,,,,,,,,,,,,,,,,,,Washing Machine,Model,FF7011WN,,Color,White,,,,,,,,,,,,,,,,,,,,,,,,,,,,,,,,,,,,,,,,,,,,,,,,,,,,,,,,,,,,,,,,,,,,,,,,,,,,,,,,,,,,,,,,,,,,,,,,,,,,,,,,,,,,,,,,,,,,,,,,,,,,,,,,,,,,,,,,,,,,,,,,,,,,,52141601,,,,,,,,,,,,,,,,,,,,,,,,,,,,,,,,,,,,,,,,,,,
,,,,,,,Appliances,Laundry,Clothes Dryers,,PTD70GBPTDG,PTD70GBPTDG GE Gas Dryer DG,-- Unbranded --,-- No Unilog Brand --,-- No DIB Brand --,Appliance Dealers Cooperative (APPDE),"GE Appliances, a Haier company",GE®,,PTD70GBPTDG,,Appliances & Consumer Electronics>Laundry Appliances>Clothes Dryers,"GE, PTD70GBPTDG, Clothes Dryer",CLTH DRYR,GE® PTD70GBPTDG Clothes Dryer,The GE® Clothes Dryer (Part Number: PTD70GBPTDG).,Clothes Dryer,{},,,,,,,,,,,,,,,,,,,,,,,,,,Clothes Dryer,Model,PTD70GBPTDG,,,,,,,,,,,,,,,,,,,,,,,,,,,,,,,,,,,,,,,,,,,,,,,,,,,,,,,,,,,,,,,,,,,,,,,,,,,,,,,,,,,,,,,,,,,,,,,,,,,,,,,,,,,,,,,,,,,,,,,,,,,,,,,,,,,,,,,,,,,,,,,,,,,,,,,,52141602,,,,,,,,,,,,,,,,,,,,,,,,,,,,,,,,,,,,,,,,,,,
,,,,,,,Appliances,Laundry,Clothes Dryers,,PTD70GBSTWS,PTD70GBSTWS GE Gas Dryer Wh,-- Unbranded --,-- No Unilog Brand --,-- No DIB Brand --,Appliance Dealers Cooperative (APPDE),"GE Appliances, a Haier company",GE®,,PTD70GBSTWS,,Appliances & Consumer Electronics>Laundry Appliances>Clothes Dryers,"GE, PTD70GBSTWS, Clothes Dryer, White",CLTH DRYR,"GE® PTD70GBSTWS Clothes Dryer, White","The GE® Clothes Dryer is designed for commercial and industrial applications, finished in White.","Clothes Dryer, White",{},Finish: White,,,,,,,,,,,,,,,,,,,,,,,,,Clothes Dryer,Model,PTD70GBSTWS,,Color,White,,,,,,,,,,,,,,,,,,,,,,,,,,,,,,,,,,,,,,,,,,,,,,,,,,,,,,,,,,,,,,,,,,,,,,,,,,,,,,,,,,,,,,,,,,,,,,,,,,,,,,,,,,,,,,,,,,,,,,,,,,,,,,,,,,,,,,,,,,,,,,,,,,,,,52141602,,,,,,,,,,,,,,,,,,,,,,,,,,,,,,,,,,,,,,,,,,,
,,,,,,,Appliances,Laundry,Clothes Dryers,,DR5004WG,DR5004WG SQ Gas Dryer Wh,-- Unbranded --,-- No Unilog Brand --,-- No DIB Brand --,Appliance Dealers Cooperative (APPDE),Alliance Laundry Systems LLC,Speed Queen®,,DR5004WG,,Appliances & Consumer Electronics>Laundry Appliances>Clothes Dryers,"Speed Queen, DR5004WG, Clothes Dryer, White",CLTH DRYR,"Speed Queen® DR5004WG Clothes Dryer, White","The Speed Queen® Clothes Dryer is designed for commercial and industrial applications, finished in White.","Clothes Dryer, White",{},Finish: White,,,,,,,,,,,,,,,,,,,,,,,,,Clothes Dryer,Model,DR5004WG,,Color,White,,,,,,,,,,,,,,,,,,,,,,,,,,,,,,,,,,,,,,,,,,,,,,,,,,,,,,,,,,,,,,,,,,,,,,,,,,,,,,,,,,,,,,,,,,,,,,,,,,,,,,,,,,,,,,,,,,,,,,,,,,,,,,,,,,,,,,,,,,,,,,,,,,,,,52141602,,,,,,,,,,,,,,,,,,,,,,,,,,,,,,,,,,,,,,,,,,,
,,,,,,,Appliances,Laundry,Clothes Dryers,,DR7004BG,DR7004BG SQ Gas Dryer Bk,-- Unbranded --,-- No Unilog Brand --,-- No DIB Brand --,Appliance Dealers Cooperative (APPDE),Alliance Laundry Systems LLC,Speed Queen®,,DR7004BG,,Appliances & Consumer Electronics>Laundry Appliances>Clothes Dryers,"Speed Queen, DR7004BG, Clothes Dryer, Black",CLTH DRYR,"Speed Queen® DR7004BG Clothes Dryer, Black","The Speed Queen® Clothes Dryer is designed for commercial and industrial applications, finished in Black.","Clothes Dryer, Black",{},Finish: Black,,,,,,,,,,,,,,,,,,,,,,,,,Clothes Dryer,Model,DR7004BG,,Color,Black,,,,,,,,,,,,,,,,,,,,,,,,,,,,,,,,,,,,,,,,,,,,,,,,,,,,,,,,,,,,,,,,,,,,,,,,,,,,,,,,,,,,,,,,,,,,,,,,,,,,,,,,,,,,,,,,,,,,,,,,,,,,,,,,,,,,,,,,,,,,,,,,,,,,,52141602,,,,,,,,,,,,,,,,,,,,,,,,,,,,,,,,,,,,,,,,,,,
,,,,,,,Appliances,Laundry,Clothes Dryers,,DR7004WG,DR7004WG SQ Gas Dryer Wh,-- Unbranded --,-- No Unilog Brand --,-- No DIB Brand --,Appliance Dealers Cooperative (APPDE),Alliance Laundry Systems LLC,Speed Queen®,,DR7004WG,,Appliances & Consumer Electronics>Laundry Appliances>Clothes Dryers,"Speed Queen, DR7004WG, Clothes Dryer, White",CLTH DRYR,"Speed Queen® DR7004WG Clothes Dryer, White","The Speed Queen® Clothes Dryer is designed for commercial and industrial applications, finished in White.","Clothes Dryer, White",{},Finish: White,,,,,,,,,,,,,,,,,,,,,,,,,Clothes Dryer,Model,DR7004WG,,Color,White,,,,,,,,,,,,,,,,,,,,,,,,,,,,,,,,,,,,,,,,,,,,,,,,,,,,,,,,,,,,,,,,,,,,,,,,,,,,,,,,,,,,,,,,,,,,,,,,,,,,,,,,,,,,,,,,,,,,,,,,,,,,,,,,,,,,,,,,,,,,,,,,,,,,,52141602,,,,,,,,,,,,,,,,,,,,,,,,,,,,,,,,,,,,,,,,,,,
,,,,,,,Appliances,Laundry,Clothes Dryers,,DV2000WG,DV2000WG SQ Gas Dryer Wh,-- Unbranded --,-- No Unilog Brand --,-- No DIB Brand --,Appliance Dealers Cooperative (APPDE),Alliance Laundry Systems LLC,Speed Queen®,,DV2000WG,,Appliances & Consumer Electronics>Laundry Appliances>Clothes Dryers,"Speed Queen, DV2000WG, Clothes Dryer, White",CLTH DRYR,"Speed Queen® DV2000WG Clothes Dryer, White","The Speed Queen® Clothes Dryer is designed for commercial and industrial applications, finished in White.","Clothes Dryer, White",{},Finish: White,,,,,,,,,,,,,,,,,,,,,,,,,Clothes Dryer,Model,DV2000WG,,Color,White,,,,,,,,,,,,,,,,,,,,,,,,,,,,,,,,,,,,,,,,,,,,,,,,,,,,,,,,,,,,,,,,,,,,,,,,,,,,,,,,,,,,,,,,,,,,,,,,,,,,,,,,,,,,,,,,,,,,,,,,,,,,,,,,,,,,,,,,,,,,,,,,,,,,,52141602,,,,,,,,,,,,,,,,,,,,,,,,,,,,,,,,,,,,,,,,,,,
,,,,,,,Appliances,Laundry,Clothes Dryers,,DC5004WG,DC5004WG SQ Gas Dryer Wh,-- Unbranded --,-- No Unilog Brand --,-- No DIB Brand --,Appliance Dealers Cooperative (APPDE),Alliance Laundry Systems LLC,Speed Queen®,,DC5004WG,,Appliances & Consumer Electronics>Laundry Appliances>Clothes Dryers,"Speed Queen, DC5004WG, Clothes Dryer, White",CLTH DRYR,"Speed Queen® DC5004WG Clothes Dryer, White","The Speed Queen® Clothes Dryer is designed for commercial and industrial applications, finished in White.","Clothes Dryer, White",{},Finish: White,,,,,,,,,,,,,,,,,,,,,,,,,Clothes Dryer,Model,DC5004WG,,Color,White,,,,,,,,,,,,,,,,,,,,,,,,,,,,,,,,,,,,,,,,,,,,,,,,,,,,,,,,,,,,,,,,,,,,,,,,,,,,,,,,,,,,,,,,,,,,,,,,,,,,,,,,,,,,,,,,,,,,,,,,,,,,,,,,,,,,,,,,,,,,,,,,,,,,,52141602,,,,,,,,,,,,,,,,,,,,,,,,,,,,,,,,,,,,,,,,,,,
,,,,,,,Appliances,Laundry,Clothes Dryers,,DC5004BG,DC5004BG SQ Gas Dryer Bk,-- Unbranded --,-- No Unilog Brand --,-- No DIB Brand --,Appliance Dealers Cooperative (APPDE),Alliance Laundry Systems LLC,Speed Queen®,,DC5004BG,,Appliances & Consumer Electronics>Laundry Appliances>Clothes Dryers,"Speed Queen, DC5004BG, Clothes Dryer, Black",CLTH DRYR,"Speed Queen® DC5004BG Clothes Dryer, Black","The Speed Queen® Clothes Dryer is designed for commercial and industrial applications, finished in Black.","Clothes Dryer, Black",{},Finish: Black,,,,,,,,,,,,,,,,,,,,,,,,,Clothes Dryer,Model,DC5004BG,,Color,Black,,,,,,,,,,,,,,,,,,,,,,,,,,,,,,,,,,,,,,,,,,,,,,,,,,,,,,,,,,,,,,,,,,,,,,,,,,,,,,,,,,,,,,,,,,,,,,,,,,,,,,,,,,,,,,,,,,,,,,,,,,,,,,,,,,,,,,,,,,,,,,,,,,,,,52141602,,,,,,,,,,,,,,,,,,,,,,,,,,,,,,,,,,,,,,,,,,,
,,,,,,,Appliances,Laundry,Washing Machines,,PTW705BSTWS,PTW705BSTWS GE Washer Wh,-- Unbranded --,-- No Unilog Brand --,-- No DIB Brand --,Appliance Dealers Cooperative (APPDE),"GE Appliances, a Haier company",GE®,,PTW705BSTWS,,Appliances & Consumer Electronics>Laundry Appliances>Washing Machines,"GE, PTW705BSTWS, Washing Machine, White",WSHN MCHN,"GE® PTW705BSTWS Washing Machine, White","The GE® Washing Machine is designed for commercial and industrial applications, finished in White.","Washing Machine, White",{},Finish: White,,,,,,,,,,,,,,,,,,,,,,,,,Washing Machine,Model,PTW705BSTWS,,Color,White,,,,,,,,,,,,,,,,,,,,,,,,,,,,,,,,,,,,,,,,,,,,,,,,,,,,,,,,,,,,,,,,,,,,,,,,,,,,,,,,,,,,,,,,,,,,,,,,,,,,,,,,,,,,,,,,,,,,,,,,,,,,,,,,,,,,,,,,,,,,,,,,,,,,,52141601,,,,,,,,,,,,,,,,,,,,,,,,,,,,,,,,,,,,,,,,,,,
,,,,,,,Appliances,Laundry,Washing Machines,,MVWP586GW,MVWP586GW Washer Wh - Display Only,-- Unbranded --,-- No Unilog Brand --,-- No DIB Brand --,Appliance Dealers Cooperative (APPDE),Appliance Dealers Cooperative,-- Unbranded --,,MVWP586GW,,Appliances & Consumer Electronics>Laundry Appliances>Washing Machines,"Appliance Dealers Cooperative, MVWP586GW, Washing Machine, White",WSHN MCHN,"Appliance Dealers Cooperative MVWP586GW Washing Machine, White","The Appliance Dealers Cooperative Washing Machine is designed for commercial and industrial applications, finished in White.","Washing Machine, White",{},Finish: White,,,,,,,,,,,,,,,,,,,,,,,,,Washing Machine,Model,MVWP586GW,,Color,White,,,,,,,,,,,,,,,,,,,,,,,,,,,,,,,,,,,,,,,,,,,,,,,,,,,,,,,,,,,,,,,,,,,,,,,,,,,,,,,,,,,,,,,,,,,,,,,,,,,,,,,,,,,,,,,,,,,,,,,,,,,,,,,,,,,,,,,,,,,,,,,,,,,,,52141601,,,,,,,,,,,,,,,,,,,,,,,,,,,,,,,,,,,,,,,,,,,
,,,,,,,Appliances,Laundry,Washing Machines,,TV2000WN,TV2000WN SQ Elect Washer,-- Unbranded --,-- No Unilog Brand --,-- No DIB Brand --,Appliance Dealers Cooperative (APPDE),Alliance Laundry Systems LLC,Speed Queen®,,TV2000WN,,Appliances & Consumer Electronics>Laundry Appliances>Washing Machines,"Speed Queen, TV2000WN, Washing Machine",WSHN MCHN,Speed Queen® TV2000WN Washing Machine,The Speed Queen® Washing Machine (Part Number: TV2000WN).,Washing Machine,{},,,,,,,,,,,,,,,,,,,,,,,,,,Washing Machine,Model,TV2000WN,,,,,,,,,,,,,,,,,,,,,,,,,,,,,,,,,,,,,,,,,,,,,,,,,,,,,,,,,,,,,,,,,,,,,,,,,,,,,,,,,,,,,,,,,,,,,,,,,,,,,,,,,,,,,,,,,,,,,,,,,,,,,,,,,,,,,,,,,,,,,,,,,,,,,,,,52141601,,,,,,,,,,,,,,,,,,,,,,,,,,,,,,,,,,,,,,,,,,,
,,,,,,,Appliances,Laundry,Washing Machines,,TC5003BN,TC5003BN SQ Washer Bk,-- Unbranded --,-- No Unilog Brand --,-- No DIB Brand --,Appliance Dealers Cooperative (APPDE),Alliance Laundry Systems LLC,Speed Queen®,,TC5003BN,,Appliances & Consumer Electronics>Laundry Appliances>Washing Machines,"Speed Queen, TC5003BN, Washing Machine, Black",WSHN MCHN,"Speed Queen® TC5003BN Washing Machine, Black","The Speed Queen® Washing Machine is designed for commercial and industrial applications, finished in Black.","Washing Machine, Black",{},Finish: Black,,,,,,,,,,,,,,,,,,,,,,,,,Washing Machine,Model,TC5003BN,,Color,Black,,,,,,,,,,,,,,,,,,,,,,,,,,,,,,,,,,,,,,,,,,,,,,,,,,,,,,,,,,,,,,,,,,,,,,,,,,,,,,,,,,,,,,,,,,,,,,,,,,,,,,,,,,,,,,,,,,,,,,,,,,,,,,,,,,,,,,,,,,,,,,,,,,,,,52141601,,,,,,,,,,,,,,,,,,,,,,,,,,,,,,,,,,,,,,,,,,,
,,,,,,,Appliances,Laundry,Washing Machines,,TR7006WN,TR7006WN Speed Queen Washer Wh,-- Unbranded --,-- No Unilog Brand --,-- No DIB Brand --,Appliance Dealers Cooperative (APPDE),Alliance Laundry Systems LLC,Speed Queen®,,TR7006WN,,Appliances & Consumer Electronics>Laundry Appliances>Washing Machines,"Speed Queen, TR7006WN, Washing Machine, White",WSHN MCHN,"Speed Queen® TR7006WN Washing Machine, White","The Speed Queen® Washing Machine is designed for commercial and industrial applications, finished in White.","Washing Machine, White",{},Finish: White,,,,,,,,,,,,,,,,,,,,,,,,,Washing Machine,Model,TR7006WN,,Color,White,,,,,,,,,,,,,,,,,,,,,,,,,,,,,,,,,,,,,,,,,,,,,,,,,,,,,,,,,,,,,,,,,,,,,,,,,,,,,,,,,,,,,,,,,,,,,,,,,,,,,,,,,,,,,,,,,,,,,,,,,,,,,,,,,,,,,,,,,,,,,,,,,,,,,52141601,,,,,,,,,,,,,,,,,,,,,,,,,,,,,,,,,,,,,,,,,,,
,,,,,,,Appliances,Laundry,Washing Machines,,TR7006BN,TR7006BN Speed Queen Washer Bk,-- Unbranded --,-- No Unilog Brand --,-- No DIB Brand --,Appliance Dealers Cooperative (APPDE),Alliance Laundry Systems LLC,Speed Queen®,,TR7006BN,,Appliances & Consumer Electronics>Laundry Appliances>Washing Machines,"Speed Queen, TR7006BN, Washing Machine, Black",WSHN MCHN,"Speed Queen® TR7006BN Washing Machine, Black","The Speed Queen® Washing Machine is designed for commercial and industrial applications, finished in Black.","Washing Machine, Black",{},Finish: Black,,,,,,,,,,,,,,,,,,,,,,,,,Washing Machine,Model,TR7006BN,,Color,Black,,,,,,,,,,,,,,,,,,,,,,,,,,,,,,,,,,,,,,,,,,,,,,,,,,,,,,,,,,,,,,,,,,,,,,,,,,,,,,,,,,,,,,,,,,,,,,,,,,,,,,,,,,,,,,,,,,,,,,,,,,,,,,,,,,,,,,,,,,,,,,,,,,,,,52141601,,,,,,,,,,,,,,,,,,,,,,,,,,,,,,,,,,,,,,,,,,,
,,,,,,,Appliances,Laundry,Washing Machines,,TR5006WN,TR5006WN Speed Queen Washer Wh,-- Unbranded --,-- No Unilog Brand --,-- No DIB Brand --,Appliance Dealers Cooperative (APPDE),Alliance Laundry Systems LLC,Speed Queen®,,TR5006WN,,Appliances & Consumer Electronics>Laundry Appliances>Washing Machines,"Speed Queen, TR5006WN, Washing Machine, White",WSHN MCHN,"Speed Queen® TR5006WN Washing Machine, White","The Speed Queen® Washing Machine is designed for commercial and industrial applications, finished in White.","Washing Machine, White",{},Finish: White,,,,,,,,,,,,,,,,,,,,,,,,,Washing Machine,Model,TR5006WN,,Color,White,,,,,,,,,,,,,,,,,,,,,,,,,,,,,,,,,,,,,,,,,,,,,,,,,,,,,,,,,,,,,,,,,,,,,,,,,,,,,,,,,,,,,,,,,,,,,,,,,,,,,,,,,,,,,,,,,,,,,,,,,,,,,,,,,,,,,,,,,,,,,,,,,,,,,52141601,,,,,,,,,,,,,,,,,,,,,,,,,,,,,,,,,,,,,,,,,,,
,,,,,,,Safety & Security,Ergonomics,Kneeling Pads,,05134545001,9516 Kneeling Pad& Bttl Opener,-- Unbranded --,-- No Unilog Brand --,-- No DIB Brand --,Wera Tools NA Inc (WERTO),Wera Werkzeuge GmbH,Wera®,,05134545001,,Safety & Security>Ergonomics>Kneeling Pads,"Wera Werkzeuge GmbH Wera, 05134545001, Kneeling Pad",KNLN PAD,Wera® 05134545001 Kneeling Pad,The Wera® Kneeling Pad (Part Number: 05134545001).,Kneeling Pad,{},,,,,,,,,,,,,,,,,,,,,,,,,,Kneeling Pad,Model,5134545001,,,,,,,,,,,,,,,,,,,,,,,,,,,,,,,,,,,,,,,,,,,,,,,,,,,,,,,,,,,,,,,,,,,,,,,,,,,,,,,,,,,,,,,,,,,,,,,,,,,,,,,,,,,,,,,,,,,,,,,,,,,,,,,,,,,,,,,,,,,,,,,,,,,,,,,,46181500,,,,,,,,,,,,,,,,,,,,,,,,,,,,,,,,,,,,,,,,,,,
,,,,,,,Tools & Hardware,Measuring & Layout Tools,Gauges,,LNL65301,LNL65301 Digital Tire Pressure - Inflator Gauge,-- Unbranded --,-- No Unilog Brand --,-- No DIB Brand --,Unbranded,Unbranded,-- Unbranded --,,LNL65301,,Tools & Hardware>Measuring & Layout Tools>Pressure Gauges,"Unbranded, LNL65301, Pressure Gauge",PRSR GG,Unbranded LNL65301 Pressure Gauge,The Unbranded Pressure Gauge (Part Number: LNL65301).,Pressure Gauge,{},,,,,,,,,,,,,,,,,,,,,,,,,,Pressure Gauge,Model,LNL65301,,,,,,,,,,,,,,,,,,,,,,,,,,,,,,,,,,,,,,,,,,,,,,,,,,,,,,,,,,,,,,,,,,,,,,,,,,,,,,,,,,,,,,,,,,,,,,,,,,,,,,,,,,,,,,,,,,,,,,,,,,,,,,,,,,,,,,,,,,,,,,,,,,,,,,,,41112400,,,,,,,,,,,,,,,,,,,,,,,,,,,,,,,,,,,,,,,,,,,
,,,,,,,Building Materials,Masonry & Concrete,Mortar,,25-A,Charcoal Black 25-A Mortar - Type N,-- Unbranded --,-- No Unilog Brand --,-- No DIB Brand --,Rees Cast Stone Company (REECA),Rees Cast Stone Company,Rees Cast Stone™,,25-A,,Building Materials>Masonry>Mortar Mixes,"Rees Cast Stone Company Rees Cast Stone, 25-A, Masonry Mortar Mix, Black",MSNR MRTR MIX,"Rees Cast Stone™ 25-A Masonry Mortar Mix, Black","The Rees Cast Stone™ Masonry Mortar Mix is designed for commercial and industrial applications, finished in Black.","Masonry Mortar Mix, Black",{},Finish: Black,,,,,,,,,,,,,,,,,,,,,,,,,Masonry Mortar Mix,Model,25-A,,Color,Black,,,,,,,,,,,,,,,,,,,,,,,,,,,,,,,,,,,,,,,,,,,,,,,,,,,,,,,,,,,,,,,,,,,,,,,,,,,,,,,,,,,,,,,,,,,,,,,,,,,,,,,,,,,,,,,,,,,,,,,,,,,,,,,,,,,,,,,,,,,,,,,,,,,,,30111500,,,,,,,,,,,,,,,,,,,,,,,,,,,,,,,,,,,,,,,,,,,
,,,,,,,Building Materials,Masonry & Concrete,Mortar,,38-E,Dark Chocolate 38-E Mortar - Type N,-- Unbranded --,-- No Unilog Brand --,-- No DIB Brand --,Rees Cast Stone Company (REECA),Rees Cast Stone Company,Rees Cast Stone™,,38-E,,Building Materials>Masonry>Mortar Mixes,"Rees Cast Stone Company Rees Cast Stone, 38-E, Masonry Mortar Mix",MSNR MRTR MIX,"Rees Cast Stone™ 38-E Masonry Mortar Mix, Dark Chocolate","The Rees Cast Stone™ Masonry Mortar Mix is designed for commercial and industrial applications, finished in Dark Chocolate.","Masonry Mortar Mix, Dark Chocolate",{},Finish: Dark Chocolate,,,,,,,,,,,,,,,,,,,,,,,,,Masonry Mortar Mix,Model,38-E,,Color,Dark Chocolate,,,,,,,,,,,,,,,,,,,,,,,,,,,,,,,,,,,,,,,,,,,,,,,,,,,,,,,,,,,,,,,,,,,,,,,,,,,,,,,,,,,,,,,,,,,,,,,,,,,,,,,,,,,,,,,,,,,,,,,,,,,,,,,,,,,,,,,,,,,,,,,,,,,,,30111500,,,,,,,,,,,,,,,,,,,,,,,,,,,,,,,,,,,,,,,,,,,
,,,,,,,Building Materials,Masonry & Concrete,Mortar,,59-J,Light Buff 59-J Mortar - Type N,-- Unbranded --,-- No Unilog Brand --,-- No DIB Brand --,Rees Cast Stone Company (REECA),Rees Cast Stone Company,Rees Cast Stone™,,59-J,,Building Materials>Masonry>Mortar Mixes,"Rees Cast Stone Company Rees Cast Stone, 59-J, Masonry Mortar Mix",MSNR MRTR MIX,Rees Cast Stone™ 59-J Masonry Mortar Mix,The Rees Cast Stone™ Masonry Mortar Mix (Part Number: 59-J).,Masonry Mortar Mix,{},,,,,,,,,,,,,,,,,,,,,,,,,,Masonry Mortar Mix,Model,59-J,,,,,,,,,,,,,,,,,,,,,,,,,,,,,,,,,,,,,,,,,,,,,,,,,,,,,,,,,,,,,,,,,,,,,,,,,,,,,,,,,,,,,,,,,,,,,,,,,,,,,,,,,,,,,,,,,,,,,,,,,,,,,,,,,,,,,,,,,,,,,,,,,,,,,,,,30111500,,,,,,,,,,,,,,,,,,,,,,,,,,,,,,,,,,,,,,,,,,,
,,,,,,,Building Materials,Masonry & Concrete,Mortar,,44-A,Light Chocolate 44-A Mortar - Type N,-- Unbranded --,-- No Unilog Brand --,-- No DIB Brand --,Rees Cast Stone Company (REECA),Rees Cast Stone Company,Rees Cast Stone™,,44-A,,Building Materials>Masonry>Mortar Mixes,"Rees Cast Stone Company Rees Cast Stone, 44-A, Masonry Mortar Mix, Chocolate",MSNR MRTR MIX,"Rees Cast Stone™ 44-A Masonry Mortar Mix, Chocolate","The Rees Cast Stone™ Masonry Mortar Mix is designed for commercial and industrial applications, finished in Chocolate.","Masonry Mortar Mix, Chocolate",{},Finish: Chocolate,,,,,,,,,,,,,,,,,,,,,,,,,Masonry Mortar Mix,Model,44-A,,Color,Chocolate,,,,,,,,,,,,,,,,,,,,,,,,,,,,,,,,,,,,,,,,,,,,,,,,,,,,,,,,,,,,,,,,,,,,,,,,,,,,,,,,,,,,,,,,,,,,,,,,,,,,,,,,,,,,,,,,,,,,,,,,,,,,,,,,,,,,,,,,,,,,,,,,,,,,,30111500,,,,,,,,,,,,,,,,,,,,,,,,,,,,,,,,,,,,,,,,,,,
,,,,,,,Building Materials,Decking & Railing,Railing Kits,,543302126,6' Wh Select T-Rail Kit Horiz - w/Sq Composite Balusters,TREX,-- No Unilog Brand --,-- No DIB Brand --,U S Lumber (3073),"Trex Company, Inc.",Trex®,,543302126,,Building Materials>Decking & Railing>Railing Kits,"Trex Company, Inc. Trex, 543302126, Railing Kit, White",RLNG KIT,"Trex® 543302126 Railing Kit, White","The Trex® Railing Kit is designed for commercial and industrial applications, finished in White.","Railing Kit, White",{},Finish: White,,,,,,,,,,,,,,,,,,,,,,,,,Railing Kit,Model,543302126,,Color,White,,,,,,,,,,,,,,,,,,,,,,,,,,,,,,,,,,,,,,,,,,,,,,,,,,,,,,,,,,,,,,,,,,,,,,,,,,,,,,,,,,,,,,,,,,,,,,,,,,,,,,,,,,,,,,,,,,,,,,,,,,,,,,,,,,,,,,,,,,,,,,,,,,,,,30103601,,,,,,,,,,,,,,,,,,,,,,,,,,,,,,,,,,,,,,,,,,,
,,,,,,,Building Materials,Decking & Railing,Railing Kits,,543302146,8' Wh Select T-Rail Kit Horiz - w/Sq Composite Balusters,TREX,-- No Unilog Brand --,-- No DIB Brand --,U S Lumber (3073),"Trex Company, Inc.",Trex®,,543302146,,Building Materials>Decking & Railing>Railing Kits,"Trex Company, Inc. Trex, 543302146, Railing Kit, White",RLNG KIT,"Trex® 543302146 Railing Kit, White","The Trex® Railing Kit is designed for commercial and industrial applications, finished in White.","Railing Kit, White",{},Finish: White,,,,,,,,,,,,,,,,,,,,,,,,,Railing Kit,Model,543302146,,Color,White,,,,,,,,,,,,,,,,,,,,,,,,,,,,,,,,,,,,,,,,,,,,,,,,,,,,,,,,,,,,,,,,,,,,,,,,,,,,,,,,,,,,,,,,,,,,,,,,,,,,,,,,,,,,,,,,,,,,,,,,,,,,,,,,,,,,,,,,,,,,,,,,,,,,,30103601,,,,,,,,,,,,,,,,,,,,,,,,,,,,,,,,,,,,,,,,,,,
,,,,,,,Building Materials,Decking & Railing,Railing Kits,,73019603,Finyline Wh 6' Fl Rail Kit Sq,-- Unbranded --,-- No Unilog Brand --,-- No DIB Brand --,Alliance Laundry Systems LLC,Alliance Laundry Systems LLC,Speed Queen®,,73019603,,Building Materials>Decking & Railing>Railing Kits,"Speed Queen, 73019603, Railing Kit, White",RLNG KIT,"Speed Queen® 73019603 Railing Kit, White","The Speed Queen® Railing Kit is designed for commercial and industrial applications, finished in White.","Railing Kit, White",{},Finish: White,,,,,,,,,,,,,,,,,,,,,,,,,Railing Kit,Model,73019603,,Color,White,,,,,,,,,,,,,,,,,,,,,,,,,,,,,,,,,,,,,,,,,,,,,,,,,,,,,,,,,,,,,,,,,,,,,,,,,,,,,,,,,,,,,,,,,,,,,,,,,,,,,,,,,,,,,,,,,,,,,,,,,,,,,,,,,,,,,,,,,,,,,,,,,,,,,30103601,,,,,,,,,,,,,,,,,,,,,,,,,,,,,,,,,,,,,,,,,,,
,,,,,,,Building Materials,Decking & Railing,Railing Kits,,73019652,Finyline Wh 8' Fl Rail Kit Sq,-- Unbranded --,-- No Unilog Brand --,-- No DIB Brand --,Alliance Laundry Systems LLC,Alliance Laundry Systems LLC,Speed Queen®,,73019652,,Building Materials>Decking & Railing>Railing Kits,"Speed Queen, 73019652, Railing Kit, White",RLNG KIT,"Speed Queen® 73019652 Railing Kit, White","The Speed Queen® Railing Kit is designed for commercial and industrial applications, finished in White.","Railing Kit, White",{},Finish: White,,,,,,,,,,,,,,,,,,,,,,,,,Railing Kit,Model,73019652,,Color,White,,,,,,,,,,,,,,,,,,,,,,,,,,,,,,,,,,,,,,,,,,,,,,,,,,,,,,,,,,,,,,,,,,,,,,,,,,,,,,,,,,,,,,,,,,,,,,,,,,,,,,,,,,,,,,,,,,,,,,,,,,,,,,,,,,,,,,,,,,,,,,,,,,,,,30103601,,,,,,,,,,,,,,,,,,,,,,,,,,,,,,,,,,,,,,,,,,,
,,,,,,,Building Materials,Decking & Railing,Railing Kits,,73019517,Finyline Wh 10' Fl Rail Kit Sq,-- Unbranded --,-- No Unilog Brand --,-- No DIB Brand --,Alliance Laundry Systems LLC,Alliance Laundry Systems LLC,Speed Queen®,,73019517,,Building Materials>Decking & Railing>Railing Kits,"Speed Queen, 73019517, Railing Kit, White",RLNG KIT,"Speed Queen® 73019517 Railing Kit, White","The Speed Queen® Railing Kit is designed for commercial and industrial applications, finished in White.","Railing Kit, White",{},Finish: White,,,,,,,,,,,,,,,,,,,,,,,,,Railing Kit,Model,73019517,,Color,White,,,,,,,,,,,,,,,,,,,,,,,,,,,,,,,,,,,,,,,,,,,,,,,,,,,,,,,,,,,,,,,,,,,,,,,,,,,,,,,,,,,,,,,,,,,,,,,,,,,,,,,,,,,,,,,,,,,,,,,,,,,,,,,,,,,,,,,,,,,,,,,,,,,,,30103601,,,,,,,,,,,,,,,,,,,,,,,,,,,,,,,,,,,,,,,,,,,
,,,,,,,Building Materials,Decking & Railing,Railing Kits,,73019602,Finyline Wh 6' Fl Rail Kit Rd - w/Black Alum Balusters,-- Unbranded --,-- No Unilog Brand --,-- No DIB Brand --,Unbranded,Unbranded,-- Unbranded --,,73019602,,Building Materials>Decking & Railing>Railing Kits,"Unbranded, 73019602, Railing Kit, Black",RLNG KIT,"Unbranded 73019602 Railing Kit, Black","The Unbranded Railing Kit is designed for commercial and industrial applications, finished in Black.","Railing Kit, Black",{},Finish: Black,,,,,,,,,,,,,,,,,,,,,,,,,Railing Kit,Model,73019602,,Color,Black,,,,,,,,,,,,,,,,,,,,,,,,,,,,,,,,,,,,,,,,,,,,,,,,,,,,,,,,,,,,,,,,,,,,,,,,,,,,,,,,,,,,,,,,,,,,,,,,,,,,,,,,,,,,,,,,,,,,,,,,,,,,,,,,,,,,,,,,,,,,,,,,,,,,,30103601,,,,,,,,,,,,,,,,,,,,,,,,,,,,,,,,,,,,,,,,,,,
,,,,,,,Building Materials,Decking & Railing,Railing Kits,,73019651,Finyline Wh 8' Fl Rail Kit Rd - w/Black Alum Balusters,-- Unbranded --,-- No Unilog Brand --,-- No DIB Brand --,Unbranded,Unbranded,-- Unbranded --,,73019651,,Building Materials>Decking & Railing>Railing Kits,"Unbranded, 73019651, Railing Kit, Black",RLNG KIT,"Unbranded 73019651 Railing Kit, Black","The Unbranded Railing Kit is designed for commercial and industrial applications, finished in Black.","Railing Kit, Black",{},Finish: Black,,,,,,,,,,,,,,,,,,,,,,,,,Railing Kit,Model,73019651,,Color,Black,,,,,,,,,,,,,,,,,,,,,,,,,,,,,,,,,,,,,,,,,,,,,,,,,,,,,,,,,,,,,,,,,,,,,,,,,,,,,,,,,,,,,,,,,,,,,,,,,,,,,,,,,,,,,,,,,,,,,,,,,,,,,,,,,,,,,,,,,,,,,,,,,,,,,30103601,,,,,,,,,,,,,,,,,,,,,,,,,,,,,,,,,,,,,,,,,,,
,,,,,,,Building Materials,Decking & Railing,Railing Kits,,73019516,Finyline Wh 10' Fl Rail Kit Rd - w/Black Alum Balusters,-- Unbranded --,-- No Unilog Brand --,-- No DIB Brand --,Unbranded,Unbranded,-- Unbranded --,,73019516,,Building Materials>Decking & Railing>Railing Kits,"Unbranded, 73019516, Railing Kit, Black",RLNG KIT,"Unbranded 73019516 Railing Kit, Black","The Unbranded Railing Kit is designed for commercial and industrial applications, finished in Black.","Railing Kit, Black",{},Finish: Black,,,,,,,,,,,,,,,,,,,,,,,,,Railing Kit,Model,73019516,,Color,Black,,,,,,,,,,,,,,,,,,,,,,,,,,,,,,,,,,,,,,,,,,,,,,,,,,,,,,,,,,,,,,,,,,,,,,,,,,,,,,,,,,,,,,,,,,,,,,,,,,,,,,,,,,,,,,,,,,,,,,,,,,,,,,,,,,,,,,,,,,,,,,,,,,,,,30103601,,,,,,,,,,,,,,,,,,,,,,,,,,,,,,,,,,,,,,,,,,,
,,,,,,,Building Materials,Decking & Railing,Balusters,,543300256,6' Black Select Classic Horiz - Rail w/Rnd Black Alum Baluster,TREX,-- No Unilog Brand --,-- No DIB Brand --,Boise Cascade Building Materials (BOICA),"Trex Company, Inc.",Trex®,,543300256,,Building Materials>Decking & Railing>Balusters,"Trex Company, Inc. Trex, 543300256, Balusters, Black",BLST,"Trex® 543300256 Balusters, Black","The Trex® Balusters is designed for commercial and industrial applications, finished in Black.","Balusters, Black",{},Finish: Black,,,,,,,,,,,,,,,,,,,,,,,,,Balusters,Model,543300256,,Color,Black,,,,,,,,,,,,,,,,,,,,,,,,,,,,,,,,,,,,,,,,,,,,,,,,,,,,,,,,,,,,,,,,,,,,,,,,,,,,,,,,,,,,,,,,,,,,,,,,,,,,,,,,,,,,,,,,,,,,,,,,,,,,,,,,,,,,,,,,,,,,,,,,,,,,,30103601,,,,,,,,,,,,,,,,,,,,,,,,,,,,,,,,,,,,,,,,,,,
,,,,,,,Building Materials,Decking & Railing,Balusters,,543300276,8' Black Select Classic Horiz - Rail w/Rnd Black Alum Baluster,TREX,-- No Unilog Brand --,-- No DIB Brand --,Boise Cascade Building Materials (BOICA),"Trex Company, Inc.",Trex®,,543300276,,Building Materials>Decking & Railing>Balusters,"Trex Company, Inc. Trex, 543300276, Balusters, Black",BLST,"Trex® 543300276 Balusters, Black","The Trex® Balusters is designed for commercial and industrial applications, finished in Black.","Balusters, Black",{},Finish: Black,,,,,,,,,,,,,,,,,,,,,,,,,Balusters,Model,543300276,,Color,Black,,,,,,,,,,,,,,,,,,,,,,,,,,,,,,,,,,,,,,,,,,,,,,,,,,,,,,,,,,,,,,,,,,,,,,,,,,,,,,,,,,,,,,,,,,,,,,,,,,,,,,,,,,,,,,,,,,,,,,,,,,,,,,,,,,,,,,,,,,,,,,,,,,,,,30103601,,,,,,,,,,,,,,,,,,,,,,,,,,,,,,,,,,,,,,,,,,,
,,,,,,,Building Materials,Decking & Railing,Balusters,,73045028,Custom Finyline Wh Gate Sq Bal,-- Unbranded --,-- No Unilog Brand --,-- No DIB Brand --,Alliance Laundry Systems LLC,Alliance Laundry Systems LLC,Speed Queen®,,73045028,,Building Materials>Decking & Railing>Balusters,"Speed Queen, 73045028, Balusters, White",BLST,"Speed Queen® 73045028 Balusters, White","The Speed Queen® Balusters is designed for commercial and industrial applications, finished in White.","Balusters, White",{},Finish: White,,,,,,,,,,,,,,,,,,,,,,,,,Balusters,Model,73045028,,Color,White,,,,,,,,,,,,,,,,,,,,,,,,,,,,,,,,,,,,,,,,,,,,,,,,,,,,,,,,,,,,,,,,,,,,,,,,,,,,,,,,,,,,,,,,,,,,,,,,,,,,,,,,,,,,,,,,,,,,,,,,,,,,,,,,,,,,,,,,,,,,,,,,,,,,,30103601,,,,,,,,,,,,,,,,,,,,,,,,,,,,,,,,,,,,,,,,,,,
,,,,,,,Building Materials,Decking & Railing,Balusters,,73045031,Custom Finyline Wh Gate Rd - w/Black Alum Balusters,-- Unbranded --,-- No Unilog Brand --,-- No DIB Brand --,Unbranded,Unbranded,-- Unbranded --,,73045031,,Building Materials>Decking & Railing>Balusters,"Unbranded, 73045031, Balusters, Black",BLST,"Unbranded 73045031 Balusters, Black","The Unbranded Balusters is designed for commercial and industrial applications, finished in Black.","Balusters, Black",{},Finish: Black,,,,,,,,,,,,,,,,,,,,,,,,,Balusters,Model,73045031,,Color,Black,,,,,,,,,,,,,,,,,,,,,,,,,,,,,,,,,,,,,,,,,,,,,,,,,,,,,,,,,,,,,,,,,,,,,,,,,,,,,,,,,,,,,,,,,,,,,,,,,,,,,,,,,,,,,,,,,,,,,,,,,,,,,,,,,,,,,,,,,,,,,,,,,,,,,30103601,,,,,,,,,,,,,,,,,,,,,,,,,,,,,,,,,,,,,,,,,,,
,,,,,,,Building Materials,Decking & Railing,Railing Kits,,543340126,"6'x36"" Select Alm w/Sq Bal Hor - Assembled Black Rail Panel",TREX,-- No Unilog Brand --,-- No DIB Brand --,Boise Cascade Building Materials (BOICA),"Trex Company, Inc.",Trex®,,543340126,,Building Materials>Decking & Railing>Railing Kits,"Trex Company, Inc. Trex, 543340126, Railing Kit, 6' x 36, Black",RLNG KIT,"Trex® 543340126 Railing Kit, 6' x 36, Black","The Trex® Railing Kit is designed for commercial and industrial applications, measuring 6' x 36, finished in Black.","Railing Kit, Black","{'Dimensions': ""6'x36""}",Size: 6' x 36,Finish: Black,Size / Dimensions: 6'x36 in,,,,,,,,,,,,,,,,,,,,,,,Railing Kit,Model,543340126,,Size,6' x 36,,Color,Black,,Dimensions,6'x36,,Size / Dimensions,6'x36,in,,,,,,,,,,,,,,,,,,,,,,,,,,,,,,,,,,,,,,,,,,,,,,,,,,,,,,,,,,,,,,,,,,,,,,,,,,,,,,,,,,,,,,,,,,,,,,,,,,,,,,,,,,,,,,,,,,,,,,,,,,,,,,,,,,,,,,,,,,,30103601,,,,,,,,,,,,,,,,,,,,,,,,,,,,,,,,,,,,,,,,,,,
,,,,,,,Building Materials,Decking & Railing,Railing Kits,,543340127,"6'x36"" Select Alm w/Sq Bal Str - Assembled Black Rail Panel",TREX,-- No Unilog Brand --,-- No DIB Brand --,Boise Cascade Building Materials (BOICA),"Trex Company, Inc.",Trex®,,543340127,,Building Materials>Decking & Railing>Railing Kits,"Trex Company, Inc. Trex, 543340127, Railing Kit, 6' x 36, Black",RLNG KIT,"Trex® 543340127 Railing Kit, 6' x 36, Black","The Trex® Railing Kit is designed for commercial and industrial applications, measuring 6' x 36, finished in Black.","Railing Kit, Black","{'Dimensions': ""6'x36""}",Size: 6' x 36,Finish: Black,Size / Dimensions: 6'x36 in,,,,,,,,,,,,,,,,,,,,,,,Railing Kit,Model,543340127,,Size,6' x 36,,Color,Black,,Dimensions,6'x36,,Size / Dimensions,6'x36,in,,,,,,,,,,,,,,,,,,,,,,,,,,,,,,,,,,,,,,,,,,,,,,,,,,,,,,,,,,,,,,,,,,,,,,,,,,,,,,,,,,,,,,,,,,,,,,,,,,,,,,,,,,,,,,,,,,,,,,,,,,,,,,,,,,,,,,,,,,,30103601,,,,,,,,,,,,,,,,,,,,,,,,,,,,,,,,,,,,,,,,,,,
,,,,,,,Building Materials,Decking & Railing,Railing Kits,,543340146,"8'x36"" Select Alm w/Sq Bal Hor - Assembled Black Rail Panel",TREX,-- No Unilog Brand --,-- No DIB Brand --,Boise Cascade Building Materials (BOICA),"Trex Company, Inc.",Trex®,,543340146,,Building Materials>Decking & Railing>Railing Kits,"Trex Company, Inc. Trex, 543340146, Railing Kit, 8' x 36, Black",RLNG KIT,"Trex® 543340146 Railing Kit, 8' x 36, Black","The Trex® Railing Kit is designed for commercial and industrial applications, measuring 8' x 36, finished in Black.","Railing Kit, Black","{'Dimensions': ""8'x36""}",Size: 8' x 36,Finish: Black,Size / Dimensions: 8'x36 in,,,,,,,,,,,,,,,,,,,,,,,Railing Kit,Model,543340146,,Size,8' x 36,,Color,Black,,Dimensions,8'x36,,Size / Dimensions,8'x36,in,,,,,,,,,,,,,,,,,,,,,,,,,,,,,,,,,,,,,,,,,,,,,,,,,,,,,,,,,,,,,,,,,,,,,,,,,,,,,,,,,,,,,,,,,,,,,,,,,,,,,,,,,,,,,,,,,,,,,,,,,,,,,,,,,,,,,,,,,,,30103601,,,,,,,,,,,,,,,,,,,,,,,,,,,,,,,,,,,,,,,,,,,
,,,,,,,Building Materials,Decking & Railing,Railing Kits,,543340147,"8'x36"" Select Alm w/Sq Bal Str - Assembled Black Rail Panel",TREX,-- No Unilog Brand --,-- No DIB Brand --,Boise Cascade Building Materials (BOICA),"Trex Company, Inc.",Trex®,,543340147,,Building Materials>Decking & Railing>Railing Kits,"Trex Company, Inc. Trex, 543340147, Railing Kit, 8' x 36, Black",RLNG KIT,"Trex® 543340147 Railing Kit, 8' x 36, Black","The Trex® Railing Kit is designed for commercial and industrial applications, measuring 8' x 36, finished in Black.","Railing Kit, Black","{'Dimensions': ""8'x36""}",Size: 8' x 36,Finish: Black,Size / Dimensions: 8'x36 in,,,,,,,,,,,,,,,,,,,,,,,Railing Kit,Model,543340147,,Size,8' x 36,,Color,Black,,Dimensions,8'x36,,Size / Dimensions,8'x36,in,,,,,,,,,,,,,,,,,,,,,,,,,,,,,,,,,,,,,,,,,,,,,,,,,,,,,,,,,,,,,,,,,,,,,,,,,,,,,,,,,,,,,,,,,,,,,,,,,,,,,,,,,,,,,,,,,,,,,,,,,,,,,,,,,,,,,,,,,,,30103601,,,,,,,,,,,,,,,,,,,,,,,,,,,,,,,,,,,,,,,,,,,
,,,,,,,Building Materials,Decking & Railing,Deck Boards,,ADB15516CS,1x6-16' Coastline Sq Edge - Vintage Azek PVC Decking,TIMBERTECH,-- No Unilog Brand --,-- No DIB Brand --,Parksite (6151),The AZEK Company LLC,TimberTech®,,ADB15516CS,,Building Materials>Decking & Railing>Deck Boards,"The AZEK Company LLC TimberTech, Vintage Azek, ADB15516CS, Composite Deck Board",CMPS DECK BRD SQUA,"TimberTech® Vintage Azek ADB15516CS Composite Deck Board, Square Edge Mounting, 1 x 6-16', Coastline","The TimberTech® Vintage Azek Composite Deck Board is designed for commercial and industrial applications, measuring 1 x 6-16', finished in Coastline, featuring Square Edge mounting.","Vintage Azek Composite Deck Board, Square Edge Mounting, Coastline",{'Dimensions': '1x6-16'},Size: 1 x 6-16',Finish: Coastline,Size / Dimensions: 1x6-16',,,,,,,,,,,,,,,,,,,,,,,Composite Deck Board,Series,Vintage Azek,,Model,ADB15516CS,,Mounting Type,Square Edge,,Size,1 x 6-16',,Color,Coastline,,Dimensions,1x6-16,,Size / Dimensions,1x6-16',,,,,,,,,,,,,,,,,,,,,,,,,,,,,,,,,,,,,,,,,,,,,,,,,,,,,,,,,,,,,,,,,,,,,,,,,,,,,,,,,,,,,,,,,,,,,,,,,,,,,,,,,,,,,,,,,,,,,,,,,,,,,,,,,,,,,,30103600,,,,,,,,,,,,,,,,,,,,,,,,,,,,,,,,,,,,,,,,,,,
,,,,,,,Building Materials,Decking & Railing,Deck Boards,,ADB15520CS,1x6-20' Coastline Sq Edge - Vintage Azek PVC Decking,TIMBERTECH,-- No Unilog Brand --,-- No DIB Brand --,Parksite (6151),The AZEK Company LLC,TimberTech®,,ADB15520CS,,Building Materials>Decking & Railing>Deck Boards,"The AZEK Company LLC TimberTech, Vintage Azek, ADB15520CS, Composite Deck Board",CMPS DECK BRD SQUA,"TimberTech® Vintage Azek ADB15520CS Composite Deck Board, Square Edge Mounting, 1 x 6-20', Coastline","The TimberTech® Vintage Azek Composite Deck Board is designed for commercial and industrial applications, measuring 1 x 6-20', finished in Coastline, featuring Square Edge mounting.","Vintage Azek Composite Deck Board, Square Edge Mounting, Coastline",{'Dimensions': '1x6-20'},Size: 1 x 6-20',Finish: Coastline,Size / Dimensions: 1x6-20',,,,,,,,,,,,,,,,,,,,,,,Composite Deck Board,Series,Vintage Azek,,Model,ADB15520CS,,Mounting Type,Square Edge,,Size,1 x 6-20',,Color,Coastline,,Dimensions,1x6-20,,Size / Dimensions,1x6-20',,,,,,,,,,,,,,,,,,,,,,,,,,,,,,,,,,,,,,,,,,,,,,,,,,,,,,,,,,,,,,,,,,,,,,,,,,,,,,,,,,,,,,,,,,,,,,,,,,,,,,,,,,,,,,,,,,,,,,,,,,,,,,,,,,,,,,30103600,,,,,,,,,,,,,,,,,,,,,,,,,,,,,,,,,,,,,,,,,,,
,,,,,,,Building Materials,Decking & Railing,Deck Boards,,ADB15516EW,1x6-16' English Walnut Sq Edge - Vintage Azek PVC Decking,TIMBERTECH,-- No Unilog Brand --,-- No DIB Brand --,Parksite (6151),The AZEK Company LLC,TimberTech®,,ADB15516EW,,Building Materials>Decking & Railing>Deck Boards,"The AZEK Company LLC TimberTech, Vintage Azek, ADB15516EW, Composite Deck Board",CMPS DECK BRD SQUA,"TimberTech® Vintage Azek ADB15516EW Composite Deck Board, Square Edge Mounting, 1 x 6-16', English Walnut","The TimberTech® Vintage Azek Composite Deck Board is designed for commercial and industrial applications, measuring 1 x 6-16', finished in English Walnut, featuring Square Edge mounting.","Vintage Azek Composite Deck Board, Square Edge Mounting, English Walnut",{'Dimensions': '1x6-16'},Size: 1 x 6-16',Finish: English Walnut,Size / Dimensions: 1x6-16',,,,,,,,,,,,,,,,,,,,,,,Composite Deck Board,Series,Vintage Azek,,Model,ADB15516EW,,Mounting Type,Square Edge,,Size,1 x 6-16',,Color,English Walnut,,Dimensions,1x6-16,,Size / Dimensions,1x6-16',,,,,,,,,,,,,,,,,,,,,,,,,,,,,,,,,,,,,,,,,,,,,,,,,,,,,,,,,,,,,,,,,,,,,,,,,,,,,,,,,,,,,,,,,,,,,,,,,,,,,,,,,,,,,,,,,,,,,,,,,,,,,,,,,,,,,,30103600,,,,,,,,,,,,,,,,,,,,,,,,,,,,,,,,,,,,,,,,,,,
,,,,,,,Building Materials,Decking & Railing,Deck Boards,,ADB15520EW,1x6-20' English Walnut Sq Edge - Vintage Azek PVC Decking,TIMBERTECH,-- No Unilog Brand --,-- No DIB Brand --,Parksite (6151),The AZEK Company LLC,TimberTech®,,ADB15520EW,,Building Materials>Decking & Railing>Deck Boards,"The AZEK Company LLC TimberTech, Vintage Azek, ADB15520EW, Composite Deck Board",CMPS DECK BRD SQUA,"TimberTech® Vintage Azek ADB15520EW Composite Deck Board, Square Edge Mounting, 1 x 6-20', English Walnut","The TimberTech® Vintage Azek Composite Deck Board is designed for commercial and industrial applications, measuring 1 x 6-20', finished in English Walnut, featuring Square Edge mounting.","Vintage Azek Composite Deck Board, Square Edge Mounting, English Walnut",{'Dimensions': '1x6-20'},Size: 1 x 6-20',Finish: English Walnut,Size / Dimensions: 1x6-20',,,,,,,,,,,,,,,,,,,,,,,Composite Deck Board,Series,Vintage Azek,,Model,ADB15520EW,,Mounting Type,Square Edge,,Size,1 x 6-20',,Color,English Walnut,,Dimensions,1x6-20,,Size / Dimensions,1x6-20',,,,,,,,,,,,,,,,,,,,,,,,,,,,,,,,,,,,,,,,,,,,,,,,,,,,,,,,,,,,,,,,,,,,,,,,,,,,,,,,,,,,,,,,,,,,,,,,,,,,,,,,,,,,,,,,,,,,,,,,,,,,,,,,,,,,,,30103600,,,,,,,,,,,,,,,,,,,,,,,,,,,,,,,,,,,,,,,,,,,
,,,,,,,Building Materials,Decking & Railing,Deck Boards,,ADB15516MH,1x6-16' Mahogany Sq Edge - Vintage Azek PVC Decking,TIMBERTECH,-- No Unilog Brand --,-- No DIB Brand --,Parksite (6151),The AZEK Company LLC,TimberTech®,,ADB15516MH,,Building Materials>Decking & Railing>Deck Boards,"The AZEK Company LLC TimberTech, Vintage Azek, ADB15516MH, Composite Deck Board",CMPS DECK BRD SQUA,"TimberTech® Vintage Azek ADB15516MH Composite Deck Board, Square Edge Mounting, 1 x 6-16', Mahogany","The TimberTech® Vintage Azek Composite Deck Board is designed for commercial and industrial applications, measuring 1 x 6-16', finished in Mahogany, featuring Square Edge mounting.","Vintage Azek Composite Deck Board, Square Edge Mounting, Mahogany",{'Dimensions': '1x6-16'},Size: 1 x 6-16',Finish: Mahogany,Size / Dimensions: 1x6-16',,,,,,,,,,,,,,,,,,,,,,,Composite Deck Board,Series,Vintage Azek,,Model,ADB15516MH,,Mounting Type,Square Edge,,Size,1 x 6-16',,Color,Mahogany,,Dimensions,1x6-16,,Size / Dimensions,1x6-16',,,,,,,,,,,,,,,,,,,,,,,,,,,,,,,,,,,,,,,,,,,,,,,,,,,,,,,,,,,,,,,,,,,,,,,,,,,,,,,,,,,,,,,,,,,,,,,,,,,,,,,,,,,,,,,,,,,,,,,,,,,,,,,,,,,,,,30103600,,,,,,,,,,,,,,,,,,,,,,,,,,,,,,,,,,,,,,,,,,,
,,,,,,,Building Materials,Decking & Railing,Deck Boards,,ADB15520MH,1x6-20' Mahogany Sq Edge - Vintage Azek PVC Decking,TIMBERTECH,-- No Unilog Brand --,-- No DIB Brand --,Parksite (6151),The AZEK Company LLC,TimberTech®,,ADB15520MH,,Building Materials>Decking & Railing>Deck Boards,"The AZEK Company LLC TimberTech, Vintage Azek, ADB15520MH, Composite Deck Board",CMPS DECK BRD SQUA,"TimberTech® Vintage Azek ADB15520MH Composite Deck Board, Square Edge Mounting, 1 x 6-20', Mahogany","The TimberTech® Vintage Azek Composite Deck Board is designed for commercial and industrial applications, measuring 1 x 6-20', finished in Mahogany, featuring Square Edge mounting.","Vintage Azek Composite Deck Board, Square Edge Mounting, Mahogany",{'Dimensions': '1x6-20'},Size: 1 x 6-20',Finish: Mahogany,Size / Dimensions: 1x6-20',,,,,,,,,,,,,,,,,,,,,,,Composite Deck Board,Series,Vintage Azek,,Model,ADB15520MH,,Mounting Type,Square Edge,,Size,1 x 6-20',,Color,Mahogany,,Dimensions,1x6-20,,Size / Dimensions,1x6-20',,,,,,,,,,,,,,,,,,,,,,,,,,,,,,,,,,,,,,,,,,,,,,,,,,,,,,,,,,,,,,,,,,,,,,,,,,,,,,,,,,,,,,,,,,,,,,,,,,,,,,,,,,,,,,,,,,,,,,,,,,,,,,,,,,,,,,30103600,,,,,,,,,,,,,,,,,,,,,,,,,,,,,,,,,,,,,,,,,,,
,,,,,,,Building Materials,Decking & Railing,Deck Boards,,ADB15516WT,1x6-16' Weathered Teak Sq Edge - Vintage Azek PVC Decking,TIMBERTECH,-- No Unilog Brand --,-- No DIB Brand --,Parksite (6151),The AZEK Company LLC,TimberTech®,,ADB15516WT,,Building Materials>Decking & Railing>Deck Boards,"The AZEK Company LLC TimberTech, Vintage Azek, ADB15516WT, Composite Deck Board",CMPS DECK BRD SQUA,"TimberTech® Vintage Azek ADB15516WT Composite Deck Board, Square Edge Mounting, 1 x 6-16', Weathered Teak","The TimberTech® Vintage Azek Composite Deck Board is designed for commercial and industrial applications, measuring 1 x 6-16', finished in Weathered Teak, featuring Square Edge mounting.","Vintage Azek Composite Deck Board, Square Edge Mounting, Weathered Teak",{'Dimensions': '1x6-16'},Size: 1 x 6-16',Finish: Weathered Teak,Size / Dimensions: 1x6-16',,,,,,,,,,,,,,,,,,,,,,,Composite Deck Board,Series,Vintage Azek,,Model,ADB15516WT,,Mounting Type,Square Edge,,Size,1 x 6-16',,Color,Weathered Teak,,Dimensions,1x6-16,,Size / Dimensions,1x6-16',,,,,,,,,,,,,,,,,,,,,,,,,,,,,,,,,,,,,,,,,,,,,,,,,,,,,,,,,,,,,,,,,,,,,,,,,,,,,,,,,,,,,,,,,,,,,,,,,,,,,,,,,,,,,,,,,,,,,,,,,,,,,,,,,,,,,,30103600,,,,,,,,,,,,,,,,,,,,,,,,,,,,,,,,,,,,,,,,,,,
,,,,,,,Building Materials,Decking & Railing,Deck Boards,,ADB15520WT,1x6-20' Weathered Teak Sq Edge - Vintage Azek PVC Decking,TIMBERTECH,-- No Unilog Brand --,-- No DIB Brand --,Parksite (6151),The AZEK Company LLC,TimberTech®,,ADB15520WT,,Building Materials>Decking & Railing>Deck Boards,"The AZEK Company LLC TimberTech, Vintage Azek, ADB15520WT, Composite Deck Board",CMPS DECK BRD SQUA,"TimberTech® Vintage Azek ADB15520WT Composite Deck Board, Square Edge Mounting, 1 x 6-20', Weathered Teak","The TimberTech® Vintage Azek Composite Deck Board is designed for commercial and industrial applications, measuring 1 x 6-20', finished in Weathered Teak, featuring Square Edge mounting.","Vintage Azek Composite Deck Board, Square Edge Mounting, Weathered Teak",{'Dimensions': '1x6-20'},Size: 1 x 6-20',Finish: Weathered Teak,Size / Dimensions: 1x6-20',,,,,,,,,,,,,,,,,,,,,,,Composite Deck Board,Series,Vintage Azek,,Model,ADB15520WT,,Mounting Type,Square Edge,,Size,1 x 6-20',,Color,Weathered Teak,,Dimensions,1x6-20,,Size / Dimensions,1x6-20',,,,,,,,,,,,,,,,,,,,,,,,,,,,,,,,,,,,,,,,,,,,,,,,,,,,,,,,,,,,,,,,,,,,,,,,,,,,,,,,,,,,,,,,,,,,,,,,,,,,,,,,,,,,,,,,,,,,,,,,,,,,,,,,,,,,,,30103600,,,,,,,,,,,,,,,,,,,,,,,,,,,,,,,,,,,,,,,,,,,
,,,,,,,Building Materials,Decking & Railing,Deck Boards,,AGB15512CS,1x6-12' Coastline Grooved - Vintage Azek PVC Decking,TIMBERTECH,-- No Unilog Brand --,-- No DIB Brand --,Parksite (6151),The AZEK Company LLC,TimberTech®,,AGB15512CS,,Building Materials>Decking & Railing>Deck Boards,"The AZEK Company LLC TimberTech, Vintage Azek, AGB15512CS, Composite Deck Board",CMPS DECK BRD GROO,"TimberTech® Vintage Azek AGB15512CS Composite Deck Board, Grooved Mounting, 1 x 6-12', Coastline","The TimberTech® Vintage Azek Composite Deck Board is designed for commercial and industrial applications, measuring 1 x 6-12', finished in Coastline, featuring Grooved mounting.","Vintage Azek Composite Deck Board, Grooved Mounting, Coastline",{'Dimensions': '1x6-12'},Size: 1 x 6-12',Finish: Coastline,Size / Dimensions: 1x6-12',,,,,,,,,,,,,,,,,,,,,,,Composite Deck Board,Series,Vintage Azek,,Model,AGB15512CS,,Mounting Type,Grooved,,Size,1 x 6-12',,Color,Coastline,,Dimensions,1x6-12,,Size / Dimensions,1x6-12',,,,,,,,,,,,,,,,,,,,,,,,,,,,,,,,,,,,,,,,,,,,,,,,,,,,,,,,,,,,,,,,,,,,,,,,,,,,,,,,,,,,,,,,,,,,,,,,,,,,,,,,,,,,,,,,,,,,,,,,,,,,,,,,,,,,,,30103600,,,,,,,,,,,,,,,,,,,,,,,,,,,,,,,,,,,,,,,,,,,
,,,,,,,Building Materials,Decking & Railing,Deck Boards,,AGB15516CS,1x6-16' Coastline Grooved - Vintage Azek PVC Decking,TIMBERTECH,-- No Unilog Brand --,-- No DIB Brand --,Parksite (6151),The AZEK Company LLC,TimberTech®,,AGB15516CS,,Building Materials>Decking & Railing>Deck Boards,"The AZEK Company LLC TimberTech, Vintage Azek, AGB15516CS, Composite Deck Board",CMPS DECK BRD GROO,"TimberTech® Vintage Azek AGB15516CS Composite Deck Board, Grooved Mounting, 1 x 6-16', Coastline","The TimberTech® Vintage Azek Composite Deck Board is designed for commercial and industrial applications, measuring 1 x 6-16', finished in Coastline, featuring Grooved mounting.","Vintage Azek Composite Deck Board, Grooved Mounting, Coastline",{'Dimensions': '1x6-16'},Size: 1 x 6-16',Finish: Coastline,Size / Dimensions: 1x6-16',,,,,,,,,,,,,,,,,,,,,,,Composite Deck Board,Series,Vintage Azek,,Model,AGB15516CS,,Mounting Type,Grooved,,Size,1 x 6-16',,Color,Coastline,,Dimensions,1x6-16,,Size / Dimensions,1x6-16',,,,,,,,,,,,,,,,,,,,,,,,,,,,,,,,,,,,,,,,,,,,,,,,,,,,,,,,,,,,,,,,,,,,,,,,,,,,,,,,,,,,,,,,,,,,,,,,,,,,,,,,,,,,,,,,,,,,,,,,,,,,,,,,,,,,,,30103600,,,,,,,,,,,,,,,,,,,,,,,,,,,,,,,,,,,,,,,,,,,
,,,,,,,Building Materials,Decking & Railing,Deck Boards,,AGB15520CS,1x6-20' Coastline Grooved - Vintage Azek PVC Decking,TIMBERTECH,-- No Unilog Brand --,-- No DIB Brand --,Parksite (6151),The AZEK Company LLC,TimberTech®,,AGB15520CS,,Building Materials>Decking & Railing>Deck Boards,"The AZEK Company LLC TimberTech, Vintage Azek, AGB15520CS, Composite Deck Board",CMPS DECK BRD GROO,"TimberTech® Vintage Azek AGB15520CS Composite Deck Board, Grooved Mounting, 1 x 6-20', Coastline","The TimberTech® Vintage Azek Composite Deck Board is designed for commercial and industrial applications, measuring 1 x 6-20', finished in Coastline, featuring Grooved mounting.","Vintage Azek Composite Deck Board, Grooved Mounting, Coastline",{'Dimensions': '1x6-20'},Size: 1 x 6-20',Finish: Coastline,Size / Dimensions: 1x6-20',,,,,,,,,,,,,,,,,,,,,,,Composite Deck Board,Series,Vintage Azek,,Model,AGB15520CS,,Mounting Type,Grooved,,Size,1 x 6-20',,Color,Coastline,,Dimensions,1x6-20,,Size / Dimensions,1x6-20',,,,,,,,,,,,,,,,,,,,,,,,,,,,,,,,,,,,,,,,,,,,,,,,,,,,,,,,,,,,,,,,,,,,,,,,,,,,,,,,,,,,,,,,,,,,,,,,,,,,,,,,,,,,,,,,,,,,,,,,,,,,,,,,,,,,,,30103600,,,,,,,,,,,,,,,,,,,,,,,,,,,,,,,,,,,,,,,,,,,
,,,,,,,Building Materials,Decking & Railing,Deck Boards,,AGB15512EW,1x6-12' English Walnut Grooved - Vintage Azek PVC Decking,TIMBERTECH,-- No Unilog Brand --,-- No DIB Brand --,Parksite (6151),The AZEK Company LLC,TimberTech®,,AGB15512EW,,Building Materials>Decking & Railing>Deck Boards,"The AZEK Company LLC TimberTech, Vintage Azek, AGB15512EW, Composite Deck Board",CMPS DECK BRD GROO,"TimberTech® Vintage Azek AGB15512EW Composite Deck Board, Grooved Mounting, 1 x 6-12', English Walnut","The TimberTech® Vintage Azek Composite Deck Board is designed for commercial and industrial applications, measuring 1 x 6-12', finished in English Walnut, featuring Grooved mounting.","Vintage Azek Composite Deck Board, Grooved Mounting, English Walnut",{'Dimensions': '1x6-12'},Size: 1 x 6-12',Finish: English Walnut,Size / Dimensions: 1x6-12',,,,,,,,,,,,,,,,,,,,,,,Composite Deck Board,Series,Vintage Azek,,Model,AGB15512EW,,Mounting Type,Grooved,,Size,1 x 6-12',,Color,English Walnut,,Dimensions,1x6-12,,Size / Dimensions,1x6-12',,,,,,,,,,,,,,,,,,,,,,,,,,,,,,,,,,,,,,,,,,,,,,,,,,,,,,,,,,,,,,,,,,,,,,,,,,,,,,,,,,,,,,,,,,,,,,,,,,,,,,,,,,,,,,,,,,,,,,,,,,,,,,,,,,,,,,30103600,,,,,,,,,,,,,,,,,,,,,,,,,,,,,,,,,,,,,,,,,,,
,,,,,,,Building Materials,Decking & Railing,Deck Boards,,AGB15516EW,1x6-16' English Walnut Grooved - Vintage Azek PVC Decking,TIMBERTECH,-- No Unilog Brand --,-- No DIB Brand --,Parksite (6151),The AZEK Company LLC,TimberTech®,,AGB15516EW,,Building Materials>Decking & Railing>Deck Boards,"The AZEK Company LLC TimberTech, Vintage Azek, AGB15516EW, Composite Deck Board",CMPS DECK BRD GROO,"TimberTech® Vintage Azek AGB15516EW Composite Deck Board, Grooved Mounting, 1 x 6-16', English Walnut","The TimberTech® Vintage Azek Composite Deck Board is designed for commercial and industrial applications, measuring 1 x 6-16', finished in English Walnut, featuring Grooved mounting.","Vintage Azek Composite Deck Board, Grooved Mounting, English Walnut",{'Dimensions': '1x6-16'},Size: 1 x 6-16',Finish: English Walnut,Size / Dimensions: 1x6-16',,,,,,,,,,,,,,,,,,,,,,,Composite Deck Board,Series,Vintage Azek,,Model,AGB15516EW,,Mounting Type,Grooved,,Size,1 x 6-16',,Color,English Walnut,,Dimensions,1x6-16,,Size / Dimensions,1x6-16',,,,,,,,,,,,,,,,,,,,,,,,,,,,,,,,,,,,,,,,,,,,,,,,,,,,,,,,,,,,,,,,,,,,,,,,,,,,,,,,,,,,,,,,,,,,,,,,,,,,,,,,,,,,,,,,,,,,,,,,,,,,,,,,,,,,,,30103600,,,,,,,,,,,,,,,,,,,,,,,,,,,,,,,,,,,,,,,,,,,
,,,,,,,Building Materials,Decking & Railing,Deck Boards,,AGB15520EW,1x6-20' English Walnut Grooved - Vintage Azek PVC Decking,TIMBERTECH,-- No Unilog Brand --,-- No DIB Brand --,Parksite (6151),The AZEK Company LLC,TimberTech®,,AGB15520EW,,Building Materials>Decking & Railing>Deck Boards,"The AZEK Company LLC TimberTech, Vintage Azek, AGB15520EW, Composite Deck Board",CMPS DECK BRD GROO,"TimberTech® Vintage Azek AGB15520EW Composite Deck Board, Grooved Mounting, 1 x 6-20', English Walnut","The TimberTech® Vintage Azek Composite Deck Board is designed for commercial and industrial applications, measuring 1 x 6-20', finished in English Walnut, featuring Grooved mounting.","Vintage Azek Composite Deck Board, Grooved Mounting, English Walnut",{'Dimensions': '1x6-20'},Size: 1 x 6-20',Finish: English Walnut,Size / Dimensions: 1x6-20',,,,,,,,,,,,,,,,,,,,,,,Composite Deck Board,Series,Vintage Azek,,Model,AGB15520EW,,Mounting Type,Grooved,,Size,1 x 6-20',,Color,English Walnut,,Dimensions,1x6-20,,Size / Dimensions,1x6-20',,,,,,,,,,,,,,,,,,,,,,,,,,,,,,,,,,,,,,,,,,,,,,,,,,,,,,,,,,,,,,,,,,,,,,,,,,,,,,,,,,,,,,,,,,,,,,,,,,,,,,,,,,,,,,,,,,,,,,,,,,,,,,,,,,,,,,30103600,,,,,,,,,,,,,,,,,,,,,,,,,,,,,,,,,,,,,,,,,,,
,,,,,,,Building Materials,Decking & Railing,Deck Boards,,AGB15512MH,1x6-12' Mahogany Grooved - Vintage Azek PVC Decking,TIMBERTECH,-- No Unilog Brand --,-- No DIB Brand --,Parksite (6151),The AZEK Company LLC,TimberTech®,,AGB15512MH,,Building Materials>Decking & Railing>Deck Boards,"The AZEK Company LLC TimberTech, Vintage Azek, AGB15512MH, Composite Deck Board",CMPS DECK BRD GROO,"TimberTech® Vintage Azek AGB15512MH Composite Deck Board, Grooved Mounting, 1 x 6-12', Mahogany","The TimberTech® Vintage Azek Composite Deck Board is designed for commercial and industrial applications, measuring 1 x 6-12', finished in Mahogany, featuring Grooved mounting.","Vintage Azek Composite Deck Board, Grooved Mounting, Mahogany",{'Dimensions': '1x6-12'},Size: 1 x 6-12',Finish: Mahogany,Size / Dimensions: 1x6-12',,,,,,,,,,,,,,,,,,,,,,,Composite Deck Board,Series,Vintage Azek,,Model,AGB15512MH,,Mounting Type,Grooved,,Size,1 x 6-12',,Color,Mahogany,,Dimensions,1x6-12,,Size / Dimensions,1x6-12',,,,,,,,,,,,,,,,,,,,,,,,,,,,,,,,,,,,,,,,,,,,,,,,,,,,,,,,,,,,,,,,,,,,,,,,,,,,,,,,,,,,,,,,,,,,,,,,,,,,,,,,,,,,,,,,,,,,,,,,,,,,,,,,,,,,,,30103600,,,,,,,,,,,,,,,,,,,,,,,,,,,,,,,,,,,,,,,,,,,
,,,,,,,Building Materials,Decking & Railing,Deck Boards,,AGB15516MH,1x6-16' Mahogany Grooved - Vintage Azek PVC Decking,TIMBERTECH,-- No Unilog Brand --,-- No DIB Brand --,Parksite (6151),The AZEK Company LLC,TimberTech®,,AGB15516MH,,Building Materials>Decking & Railing>Deck Boards,"The AZEK Company LLC TimberTech, Vintage Azek, AGB15516MH, Composite Deck Board",CMPS DECK BRD GROO,"TimberTech® Vintage Azek AGB15516MH Composite Deck Board, Grooved Mounting, 1 x 6-16', Mahogany","The TimberTech® Vintage Azek Composite Deck Board is designed for commercial and industrial applications, measuring 1 x 6-16', finished in Mahogany, featuring Grooved mounting.","Vintage Azek Composite Deck Board, Grooved Mounting, Mahogany",{'Dimensions': '1x6-16'},Size: 1 x 6-16',Finish: Mahogany,Size / Dimensions: 1x6-16',,,,,,,,,,,,,,,,,,,,,,,Composite Deck Board,Series,Vintage Azek,,Model,AGB15516MH,,Mounting Type,Grooved,,Size,1 x 6-16',,Color,Mahogany,,Dimensions,1x6-16,,Size / Dimensions,1x6-16',,,,,,,,,,,,,,,,,,,,,,,,,,,,,,,,,,,,,,,,,,,,,,,,,,,,,,,,,,,,,,,,,,,,,,,,,,,,,,,,,,,,,,,,,,,,,,,,,,,,,,,,,,,,,,,,,,,,,,,,,,,,,,,,,,,,,,30103600,,,,,,,,,,,,,,,,,,,,,,,,,,,,,,,,,,,,,,,,,,,
,,,,,,,Building Materials,Decking & Railing,Deck Boards,,AGB15520MH,1x6-20' Mahogany Grooved - Vintage Azek PVC Decking,TIMBERTECH,-- No Unilog Brand --,-- No DIB Brand --,Parksite (6151),The AZEK Company LLC,TimberTech®,,AGB15520MH,,Building Materials>Decking & Railing>Deck Boards,"The AZEK Company LLC TimberTech, Vintage Azek, AGB15520MH, Composite Deck Board",CMPS DECK BRD GROO,"TimberTech® Vintage Azek AGB15520MH Composite Deck Board, Grooved Mounting, 1 x 6-20', Mahogany","The TimberTech® Vintage Azek Composite Deck Board is designed for commercial and industrial applications, measuring 1 x 6-20', finished in Mahogany, featuring Grooved mounting.","Vintage Azek Composite Deck Board, Grooved Mounting, Mahogany",{'Dimensions': '1x6-20'},Size: 1 x 6-20',Finish: Mahogany,Size / Dimensions: 1x6-20',,,,,,,,,,,,,,,,,,,,,,,Composite Deck Board,Series,Vintage Azek,,Model,AGB15520MH,,Mounting Type,Grooved,,Size,1 x 6-20',,Color,Mahogany,,Dimensions,1x6-20,,Size / Dimensions,1x6-20',,,,,,,,,,,,,,,,,,,,,,,,,,,,,,,,,,,,,,,,,,,,,,,,,,,,,,,,,,,,,,,,,,,,,,,,,,,,,,,,,,,,,,,,,,,,,,,,,,,,,,,,,,,,,,,,,,,,,,,,,,,,,,,,,,,,,,30103600,,,,,,,,,,,,,,,,,,,,,,,,,,,,,,,,,,,,,,,,,,,
,,,,,,,Building Materials,Decking & Railing,Deck Boards,,AGB15512WT,1x6-12' Weathered Teak Grooved - Vintage Azek PVC Decking,TIMBERTECH,-- No Unilog Brand --,-- No DIB Brand --,Parksite (6151),The AZEK Company LLC,TimberTech®,,AGB15512WT,,Building Materials>Decking & Railing>Deck Boards,"The AZEK Company LLC TimberTech, Vintage Azek, AGB15512WT, Composite Deck Board",CMPS DECK BRD GROO,"TimberTech® Vintage Azek AGB15512WT Composite Deck Board, Grooved Mounting, 1 x 6-12', Weathered Teak","The TimberTech® Vintage Azek Composite Deck Board is designed for commercial and industrial applications, measuring 1 x 6-12', finished in Weathered Teak, featuring Grooved mounting.","Vintage Azek Composite Deck Board, Grooved Mounting, Weathered Teak",{'Dimensions': '1x6-12'},Size: 1 x 6-12',Finish: Weathered Teak,Size / Dimensions: 1x6-12',,,,,,,,,,,,,,,,,,,,,,,Composite Deck Board,Series,Vintage Azek,,Model,AGB15512WT,,Mounting Type,Grooved,,Size,1 x 6-12',,Color,Weathered Teak,,Dimensions,1x6-12,,Size / Dimensions,1x6-12',,,,,,,,,,,,,,,,,,,,,,,,,,,,,,,,,,,,,,,,,,,,,,,,,,,,,,,,,,,,,,,,,,,,,,,,,,,,,,,,,,,,,,,,,,,,,,,,,,,,,,,,,,,,,,,,,,,,,,,,,,,,,,,,,,,,,,30103600,,,,,,,,,,,,,,,,,,,,,,,,,,,,,,,,,,,,,,,,,,,
,,,,,,,Building Materials,Decking & Railing,Deck Boards,,AGB15516WT,1x6-16' Weathered Teak Grooved - Vintage Azek PVC Decking,TIMBERTECH,-- No Unilog Brand --,-- No DIB Brand --,Parksite (6151),The AZEK Company LLC,TimberTech®,,AGB15516WT,,Building Materials>Decking & Railing>Deck Boards,"The AZEK Company LLC TimberTech, Vintage Azek, AGB15516WT, Composite Deck Board",CMPS DECK BRD GROO,"TimberTech® Vintage Azek AGB15516WT Composite Deck Board, Grooved Mounting, 1 x 6-16', Weathered Teak","The TimberTech® Vintage Azek Composite Deck Board is designed for commercial and industrial applications, measuring 1 x 6-16', finished in Weathered Teak, featuring Grooved mounting.","Vintage Azek Composite Deck Board, Grooved Mounting, Weathered Teak",{'Dimensions': '1x6-16'},Size: 1 x 6-16',Finish: Weathered Teak,Size / Dimensions: 1x6-16',,,,,,,,,,,,,,,,,,,,,,,Composite Deck Board,Series,Vintage Azek,,Model,AGB15516WT,,Mounting Type,Grooved,,Size,1 x 6-16',,Color,Weathered Teak,,Dimensions,1x6-16,,Size / Dimensions,1x6-16',,,,,,,,,,,,,,,,,,,,,,,,,,,,,,,,,,,,,,,,,,,,,,,,,,,,,,,,,,,,,,,,,,,,,,,,,,,,,,,,,,,,,,,,,,,,,,,,,,,,,,,,,,,,,,,,,,,,,,,,,,,,,,,,,,,,,,30103600,,,,,,,,,,,,,,,,,,,,,,,,,,,,,,,,,,,,,,,,,,,
,,,,,,,Building Materials,Decking & Railing,Deck Boards,,AGB15520WT,1x6-20' Weathered Teak Grooved - Vintage Azek PVC Decking,TIMBERTECH,-- No Unilog Brand --,-- No DIB Brand --,Parksite (6151),The AZEK Company LLC,TimberTech®,,AGB15520WT,,Building Materials>Decking & Railing>Deck Boards,"The AZEK Company LLC TimberTech, Vintage Azek, AGB15520WT, Composite Deck Board",CMPS DECK BRD GROO,"TimberTech® Vintage Azek AGB15520WT Composite Deck Board, Grooved Mounting, 1 x 6-20', Weathered Teak","The TimberTech® Vintage Azek Composite Deck Board is designed for commercial and industrial applications, measuring 1 x 6-20', finished in Weathered Teak, featuring Grooved mounting.","Vintage Azek Composite Deck Board, Grooved Mounting, Weathered Teak",{'Dimensions': '1x6-20'},Size: 1 x 6-20',Finish: Weathered Teak,Size / Dimensions: 1x6-20',,,,,,,,,,,,,,,,,,,,,,,Composite Deck Board,Series,Vintage Azek,,Model,AGB15520WT,,Mounting Type,Grooved,,Size,1 x 6-20',,Color,Weathered Teak,,Dimensions,1x6-20,,Size / Dimensions,1x6-20',,,,,,,,,,,,,,,,,,,,,,,,,,,,,,,,,,,,,,,,,,,,,,,,,,,,,,,,,,,,,,,,,,,,,,,,,,,,,,,,,,,,,,,,,,,,,,,,,,,,,,,,,,,,,,,,,,,,,,,,,,,,,,,,,,,,,,30103600,,,,,,,,,,,,,,,,,,,,,,,,,,,,,,,,,,,,,,,,,,,
,,,,,,,Building Materials,Decking & Railing,Deck Boards,,ADB15516AW,1x6-16' American Walnut Sq Edg - Landmark Azek PVC Decking,TIMBERTECH,-- No Unilog Brand --,-- No DIB Brand --,Parksite (6151),The AZEK Company LLC,TimberTech®,,ADB15516AW,,Building Materials>Decking & Railing>Deck Boards,"The AZEK Company LLC TimberTech, Landmark Azek, ADB15516AW, Composite Deck Board",CMPS DECK BRD,"TimberTech® Landmark Azek ADB15516AW Composite Deck Board, 1 x 6-16', American Walnut","The TimberTech® Landmark Azek Composite Deck Board is designed for commercial and industrial applications, measuring 1 x 6-16', finished in American Walnut.","Landmark Azek Composite Deck Board, American Walnut",{'Dimensions': '1x6-16'},Size: 1 x 6-16',Finish: American Walnut,Size / Dimensions: 1x6-16',,,,,,,,,,,,,,,,,,,,,,,Composite Deck Board,Series,Landmark Azek,,Model,ADB15516AW,,Size,1 x 6-16',,Color,American Walnut,,Dimensions,1x6-16,,Size / Dimensions,1x6-16',,,,,,,,,,,,,,,,,,,,,,,,,,,,,,,,,,,,,,,,,,,,,,,,,,,,,,,,,,,,,,,,,,,,,,,,,,,,,,,,,,,,,,,,,,,,,,,,,,,,,,,,,,,,,,,,,,,,,,,,,,,,,,,,,,,,,,,,,30103600,,,,,,,,,,,,,,,,,,,,,,,,,,,,,,,,,,,,,,,,,,,
,,,,,,,Building Materials,Decking & Railing,Deck Boards,,ADB15520AW,1x6-20' American Walnut Sq Edg - Landmark Azek PVC Decking,TIMBERTECH,-- No Unilog Brand --,-- No DIB Brand --,Parksite (6151),The AZEK Company LLC,TimberTech®,,ADB15520AW,,Building Materials>Decking & Railing>Deck Boards,"The AZEK Company LLC TimberTech, Landmark Azek, ADB15520AW, Composite Deck Board",CMPS DECK BRD,"TimberTech® Landmark Azek ADB15520AW Composite Deck Board, 1 x 6-20', American Walnut","The TimberTech® Landmark Azek Composite Deck Board is designed for commercial and industrial applications, measuring 1 x 6-20', finished in American Walnut.","Landmark Azek Composite Deck Board, American Walnut",{'Dimensions': '1x6-20'},Size: 1 x 6-20',Finish: American Walnut,Size / Dimensions: 1x6-20',,,,,,,,,,,,,,,,,,,,,,,Composite Deck Board,Series,Landmark Azek,,Model,ADB15520AW,,Size,1 x 6-20',,Color,American Walnut,,Dimensions,1x6-20,,Size / Dimensions,1x6-20',,,,,,,,,,,,,,,,,,,,,,,,,,,,,,,,,,,,,,,,,,,,,,,,,,,,,,,,,,,,,,,,,,,,,,,,,,,,,,,,,,,,,,,,,,,,,,,,,,,,,,,,,,,,,,,,,,,,,,,,,,,,,,,,,,,,,,,,,30103600,,,,,,,,,,,,,,,,,,,,,,,,,,,,,,,,,,,,,,,,,,,
,,,,,,,Building Materials,Decking & Railing,Deck Boards,,ADB15516CG,1x6-16' Castle Gate Sq Edge - Landmark Azek PVC Decking,TIMBERTECH,-- No Unilog Brand --,-- No DIB Brand --,Parksite (6151),The AZEK Company LLC,TimberTech®,,ADB15516CG,,Building Materials>Decking & Railing>Deck Boards,"The AZEK Company LLC TimberTech, Landmark Azek, ADB15516CG, Composite Deck Board",CMPS DECK BRD SQUA,"TimberTech® Landmark Azek ADB15516CG Composite Deck Board, Square Edge Mounting, 1 x 6-16', Castle Gate","The TimberTech® Landmark Azek Composite Deck Board is designed for commercial and industrial applications, measuring 1 x 6-16', finished in Castle Gate, featuring Square Edge mounting.","Landmark Azek Composite Deck Board, Square Edge Mounting, Castle Gate",{'Dimensions': '1x6-16'},Size: 1 x 6-16',Finish: Castle Gate,Size / Dimensions: 1x6-16',,,,,,,,,,,,,,,,,,,,,,,Composite Deck Board,Series,Landmark Azek,,Model,ADB15516CG,,Mounting Type,Square Edge,,Size,1 x 6-16',,Color,Castle Gate,,Dimensions,1x6-16,,Size / Dimensions,1x6-16',,,,,,,,,,,,,,,,,,,,,,,,,,,,,,,,,,,,,,,,,,,,,,,,,,,,,,,,,,,,,,,,,,,,,,,,,,,,,,,,,,,,,,,,,,,,,,,,,,,,,,,,,,,,,,,,,,,,,,,,,,,,,,,,,,,,,,30103600,,,,,,,,,,,,,,,,,,,,,,,,,,,,,,,,,,,,,,,,,,,
,,,,,,,Building Materials,Decking & Railing,Deck Boards,,ADB15520CG,1x6-20' Castle Gate Sq Edge - Landmark Azek PVC Decking,TIMBERTECH,-- No Unilog Brand --,-- No DIB Brand --,Parksite (6151),The AZEK Company LLC,TimberTech®,,ADB15520CG,,Building Materials>Decking & Railing>Deck Boards,"The AZEK Company LLC TimberTech, Landmark Azek, ADB15520CG, Composite Deck Board",CMPS DECK BRD SQUA,"TimberTech® Landmark Azek ADB15520CG Composite Deck Board, Square Edge Mounting, 1 x 6-20', Castle Gate","The TimberTech® Landmark Azek Composite Deck Board is designed for commercial and industrial applications, measuring 1 x 6-20', finished in Castle Gate, featuring Square Edge mounting.","Landmark Azek Composite Deck Board, Square Edge Mounting, Castle Gate",{'Dimensions': '1x6-20'},Size: 1 x 6-20',Finish: Castle Gate,Size / Dimensions: 1x6-20',,,,,,,,,,,,,,,,,,,,,,,Composite Deck Board,Series,Landmark Azek,,Model,ADB15520CG,,Mounting Type,Square Edge,,Size,1 x 6-20',,Color,Castle Gate,,Dimensions,1x6-20,,Size / Dimensions,1x6-20',,,,,,,,,,,,,,,,,,,,,,,,,,,,,,,,,,,,,,,,,,,,,,,,,,,,,,,,,,,,,,,,,,,,,,,,,,,,,,,,,,,,,,,,,,,,,,,,,,,,,,,,,,,,,,,,,,,,,,,,,,,,,,,,,,,,,,30103600,,,,,,,,,,,,,,,,,,,,,,,,,,,,,,,,,,,,,,,,,,,
,,,,,,,Building Materials,Decking & Railing,Deck Boards,,ADB15516FW,1x6-16' French White Oak Sq Ed - Landmark Azek PVC Decking,TIMBERTECH,-- No Unilog Brand --,-- No DIB Brand --,Parksite (6151),The AZEK Company LLC,TimberTech®,,ADB15516FW,,Building Materials>Decking & Railing>Deck Boards,"The AZEK Company LLC TimberTech, Landmark Azek, ADB15516FW, Composite Deck Board",CMPS DECK BRD,"TimberTech® Landmark Azek ADB15516FW Composite Deck Board, 1 x 6-16', French White Oak","The TimberTech® Landmark Azek Composite Deck Board is designed for commercial and industrial applications, measuring 1 x 6-16', finished in French White Oak.","Landmark Azek Composite Deck Board, French White Oak",{'Dimensions': '1x6-16'},Size: 1 x 6-16',Finish: French White Oak,Size / Dimensions: 1x6-16',,,,,,,,,,,,,,,,,,,,,,,Composite Deck Board,Series,Landmark Azek,,Model,ADB15516FW,,Size,1 x 6-16',,Color,French White Oak,,Dimensions,1x6-16,,Size / Dimensions,1x6-16',,,,,,,,,,,,,,,,,,,,,,,,,,,,,,,,,,,,,,,,,,,,,,,,,,,,,,,,,,,,,,,,,,,,,,,,,,,,,,,,,,,,,,,,,,,,,,,,,,,,,,,,,,,,,,,,,,,,,,,,,,,,,,,,,,,,,,,,,30103600,,,,,,,,,,,,,,,,,,,,,,,,,,,,,,,,,,,,,,,,,,,
,,,,,,,Building Materials,Decking & Railing,Deck Boards,,ADB15520FW,1x6-20' French White Oak Sq Ed - Landmark Azek PVC Decking,TIMBERTECH,-- No Unilog Brand --,-- No DIB Brand --,Parksite (6151),The AZEK Company LLC,TimberTech®,,ADB15520FW,,Building Materials>Decking & Railing>Deck Boards,"The AZEK Company LLC TimberTech, Landmark Azek, ADB15520FW, Composite Deck Board",CMPS DECK BRD,"TimberTech® Landmark Azek ADB15520FW Composite Deck Board, 1 x 6-20', French White Oak","The TimberTech® Landmark Azek Composite Deck Board is designed for commercial and industrial applications, measuring 1 x 6-20', finished in French White Oak.","Landmark Azek Composite Deck Board, French White Oak",{'Dimensions': '1x6-20'},Size: 1 x 6-20',Finish: French White Oak,Size / Dimensions: 1x6-20',,,,,,,,,,,,,,,,,,,,,,,Composite Deck Board,Series,Landmark Azek,,Model,ADB15520FW,,Size,1 x 6-20',,Color,French White Oak,,Dimensions,1x6-20,,Size / Dimensions,1x6-20',,,,,,,,,,,,,,,,,,,,,,,,,,,,,,,,,,,,,,,,,,,,,,,,,,,,,,,,,,,,,,,,,,,,,,,,,,,,,,,,,,,,,,,,,,,,,,,,,,,,,,,,,,,,,,,,,,,,,,,,,,,,,,,,,,,,,,,,,30103600,,,,,,,,,,,,,,,,,,,,,,,,,,,,,,,,,,,,,,,,,,,
,,,,,,,Building Materials,Decking & Railing,Deck Boards,,AGB15512AW,1x6-12' American Walnut Groove - Landmark Azek PVC Decking,TIMBERTECH,-- No Unilog Brand --,-- No DIB Brand --,Parksite (6151),The AZEK Company LLC,TimberTech®,,AGB15512AW,,Building Materials>Decking & Railing>Deck Boards,"The AZEK Company LLC TimberTech, Landmark Azek, AGB15512AW, Composite Deck Board",CMPS DECK BRD,"TimberTech® Landmark Azek AGB15512AW Composite Deck Board, 1 x 6-12', American Walnut","The TimberTech® Landmark Azek Composite Deck Board is designed for commercial and industrial applications, measuring 1 x 6-12', finished in American Walnut.","Landmark Azek Composite Deck Board, American Walnut",{'Dimensions': '1x6-12'},Size: 1 x 6-12',Finish: American Walnut,Size / Dimensions: 1x6-12',,,,,,,,,,,,,,,,,,,,,,,Composite Deck Board,Series,Landmark Azek,,Model,AGB15512AW,,Size,1 x 6-12',,Color,American Walnut,,Dimensions,1x6-12,,Size / Dimensions,1x6-12',,,,,,,,,,,,,,,,,,,,,,,,,,,,,,,,,,,,,,,,,,,,,,,,,,,,,,,,,,,,,,,,,,,,,,,,,,,,,,,,,,,,,,,,,,,,,,,,,,,,,,,,,,,,,,,,,,,,,,,,,,,,,,,,,,,,,,,,,30103600,,,,,,,,,,,,,,,,,,,,,,,,,,,,,,,,,,,,,,,,,,,
,,,,,,,Building Materials,Decking & Railing,Deck Boards,,AGB15516AW,1x6-16' American Walnut Groove - Landmark Azek PVC Decking,TIMBERTECH,-- No Unilog Brand --,-- No DIB Brand --,Parksite (6151),The AZEK Company LLC,TimberTech®,,AGB15516AW,,Building Materials>Decking & Railing>Deck Boards,"The AZEK Company LLC TimberTech, Landmark Azek, AGB15516AW, Composite Deck Board",CMPS DECK BRD,"TimberTech® Landmark Azek AGB15516AW Composite Deck Board, 1 x 6-16', American Walnut","The TimberTech® Landmark Azek Composite Deck Board is designed for commercial and industrial applications, measuring 1 x 6-16', finished in American Walnut.","Landmark Azek Composite Deck Board, American Walnut",{'Dimensions': '1x6-16'},Size: 1 x 6-16',Finish: American Walnut,Size / Dimensions: 1x6-16',,,,,,,,,,,,,,,,,,,,,,,Composite Deck Board,Series,Landmark Azek,,Model,AGB15516AW,,Size,1 x 6-16',,Color,American Walnut,,Dimensions,1x6-16,,Size / Dimensions,1x6-16',,,,,,,,,,,,,,,,,,,,,,,,,,,,,,,,,,,,,,,,,,,,,,,,,,,,,,,,,,,,,,,,,,,,,,,,,,,,,,,,,,,,,,,,,,,,,,,,,,,,,,,,,,,,,,,,,,,,,,,,,,,,,,,,,,,,,,,,,30103600,,,,,,,,,,,,,,,,,,,,,,,,,,,,,,,,,,,,,,,,,,,
,,,,,,,Building Materials,Decking & Railing,Deck Boards,,AGB15520AW,1x6-20' American Walnut Groove - Landmark Azek PVC Decking,TIMBERTECH,-- No Unilog Brand --,-- No DIB Brand --,Parksite (6151),The AZEK Company LLC,TimberTech®,,AGB15520AW,,Building Materials>Decking & Railing>Deck Boards,"The AZEK Company LLC TimberTech, Landmark Azek, AGB15520AW, Composite Deck Board",CMPS DECK BRD,"TimberTech® Landmark Azek AGB15520AW Composite Deck Board, 1 x 6-20', American Walnut","The TimberTech® Landmark Azek Composite Deck Board is designed for commercial and industrial applications, measuring 1 x 6-20', finished in American Walnut.","Landmark Azek Composite Deck Board, American Walnut",{'Dimensions': '1x6-20'},Size: 1 x 6-20',Finish: American Walnut,Size / Dimensions: 1x6-20',,,,,,,,,,,,,,,,,,,,,,,Composite Deck Board,Series,Landmark Azek,,Model,AGB15520AW,,Size,1 x 6-20',,Color,American Walnut,,Dimensions,1x6-20,,Size / Dimensions,1x6-20',,,,,,,,,,,,,,,,,,,,,,,,,,,,,,,,,,,,,,,,,,,,,,,,,,,,,,,,,,,,,,,,,,,,,,,,,,,,,,,,,,,,,,,,,,,,,,,,,,,,,,,,,,,,,,,,,,,,,,,,,,,,,,,,,,,,,,,,,30103600,,,,,,,,,,,,,,,,,,,,,,,,,,,,,,,,,,,,,,,,,,,
,,,,,,,Building Materials,Decking & Railing,Deck Boards,,AGB15512CG,1x6-12' Castle Gate Grooved - Landmark Azek PVC Decking,TIMBERTECH,-- No Unilog Brand --,-- No DIB Brand --,Parksite (6151),The AZEK Company LLC,TimberTech®,,AGB15512CG,,Building Materials>Decking & Railing>Deck Boards,"The AZEK Company LLC TimberTech, Landmark Azek, AGB15512CG, Composite Deck Board",CMPS DECK BRD GROO,"TimberTech® Landmark Azek AGB15512CG Composite Deck Board, Grooved Mounting, 1 x 6-12', Castle Gate","The TimberTech® Landmark Azek Composite Deck Board is designed for commercial and industrial applications, measuring 1 x 6-12', finished in Castle Gate, featuring Grooved mounting.","Landmark Azek Composite Deck Board, Grooved Mounting, Castle Gate",{'Dimensions': '1x6-12'},Size: 1 x 6-12',Finish: Castle Gate,Size / Dimensions: 1x6-12',,,,,,,,,,,,,,,,,,,,,,,Composite Deck Board,Series,Landmark Azek,,Model,AGB15512CG,,Mounting Type,Grooved,,Size,1 x 6-12',,Color,Castle Gate,,Dimensions,1x6-12,,Size / Dimensions,1x6-12',,,,,,,,,,,,,,,,,,,,,,,,,,,,,,,,,,,,,,,,,,,,,,,,,,,,,,,,,,,,,,,,,,,,,,,,,,,,,,,,,,,,,,,,,,,,,,,,,,,,,,,,,,,,,,,,,,,,,,,,,,,,,,,,,,,,,,30103600,,,,,,,,,,,,,,,,,,,,,,,,,,,,,,,,,,,,,,,,,,,
,,,,,,,Building Materials,Decking & Railing,Deck Boards,,AGB15516CG,1x6-16' Castle Gate Grooved - Landmark Azek PVC Decking,TIMBERTECH,-- No Unilog Brand --,-- No DIB Brand --,Parksite (6151),The AZEK Company LLC,TimberTech®,,AGB15516CG,,Building Materials>Decking & Railing>Deck Boards,"The AZEK Company LLC TimberTech, Landmark Azek, AGB15516CG, Composite Deck Board",CMPS DECK BRD GROO,"TimberTech® Landmark Azek AGB15516CG Composite Deck Board, Grooved Mounting, 1 x 6-16', Castle Gate","The TimberTech® Landmark Azek Composite Deck Board is designed for commercial and industrial applications, measuring 1 x 6-16', finished in Castle Gate, featuring Grooved mounting.","Landmark Azek Composite Deck Board, Grooved Mounting, Castle Gate",{'Dimensions': '1x6-16'},Size: 1 x 6-16',Finish: Castle Gate,Size / Dimensions: 1x6-16',,,,,,,,,,,,,,,,,,,,,,,Composite Deck Board,Series,Landmark Azek,,Model,AGB15516CG,,Mounting Type,Grooved,,Size,1 x 6-16',,Color,Castle Gate,,Dimensions,1x6-16,,Size / Dimensions,1x6-16',,,,,,,,,,,,,,,,,,,,,,,,,,,,,,,,,,,,,,,,,,,,,,,,,,,,,,,,,,,,,,,,,,,,,,,,,,,,,,,,,,,,,,,,,,,,,,,,,,,,,,,,,,,,,,,,,,,,,,,,,,,,,,,,,,,,,,30103600,,,,,,,,,,,,,,,,,,,,,,,,,,,,,,,,,,,,,,,,,,,
,,,,,,,Building Materials,Decking & Railing,Deck Boards,,AGB15520CG,1x6-20' Castle Gate Grooved - Landmark Azek PVC Decking,TIMBERTECH,-- No Unilog Brand --,-- No DIB Brand --,Parksite (6151),The AZEK Company LLC,TimberTech®,,AGB15520CG,,Building Materials>Decking & Railing>Deck Boards,"The AZEK Company LLC TimberTech, Landmark Azek, AGB15520CG, Composite Deck Board",CMPS DECK BRD GROO,"TimberTech® Landmark Azek AGB15520CG Composite Deck Board, Grooved Mounting, 1 x 6-20', Castle Gate","The TimberTech® Landmark Azek Composite Deck Board is designed for commercial and industrial applications, measuring 1 x 6-20', finished in Castle Gate, featuring Grooved mounting.","Landmark Azek Composite Deck Board, Grooved Mounting, Castle Gate",{'Dimensions': '1x6-20'},Size: 1 x 6-20',Finish: Castle Gate,Size / Dimensions: 1x6-20',,,,,,,,,,,,,,,,,,,,,,,Composite Deck Board,Series,Landmark Azek,,Model,AGB15520CG,,Mounting Type,Grooved,,Size,1 x 6-20',,Color,Castle Gate,,Dimensions,1x6-20,,Size / Dimensions,1x6-20',,,,,,,,,,,,,,,,,,,,,,,,,,,,,,,,,,,,,,,,,,,,,,,,,,,,,,,,,,,,,,,,,,,,,,,,,,,,,,,,,,,,,,,,,,,,,,,,,,,,,,,,,,,,,,,,,,,,,,,,,,,,,,,,,,,,,,30103600,,,,,,,,,,,,,,,,,,,,,,,,,,,,,,,,,,,,,,,,,,,
,,,,,,,Building Materials,Decking & Railing,Deck Boards,,AGB15512FW,1x6-12' French White Oak Groov - Landmark Azek PVC Decking,TIMBERTECH,-- No Unilog Brand --,-- No DIB Brand --,Parksite (6151),The AZEK Company LLC,TimberTech®,,AGB15512FW,,Building Materials>Decking & Railing>Deck Boards,"The AZEK Company LLC TimberTech, Landmark Azek, AGB15512FW, Composite Deck Board",CMPS DECK BRD,"TimberTech® Landmark Azek AGB15512FW Composite Deck Board, 1 x 6-12', French White Oak","The TimberTech® Landmark Azek Composite Deck Board is designed for commercial and industrial applications, measuring 1 x 6-12', finished in French White Oak.","Landmark Azek Composite Deck Board, French White Oak",{'Dimensions': '1x6-12'},Size: 1 x 6-12',Finish: French White Oak,Size / Dimensions: 1x6-12',,,,,,,,,,,,,,,,,,,,,,,Composite Deck Board,Series,Landmark Azek,,Model,AGB15512FW,,Size,1 x 6-12',,Color,French White Oak,,Dimensions,1x6-12,,Size / Dimensions,1x6-12',,,,,,,,,,,,,,,,,,,,,,,,,,,,,,,,,,,,,,,,,,,,,,,,,,,,,,,,,,,,,,,,,,,,,,,,,,,,,,,,,,,,,,,,,,,,,,,,,,,,,,,,,,,,,,,,,,,,,,,,,,,,,,,,,,,,,,,,,30103600,,,,,,,,,,,,,,,,,,,,,,,,,,,,,,,,,,,,,,,,,,,
,,,,,,,Building Materials,Decking & Railing,Deck Boards,,AGB15516FW,1x6-16' French White Oak Groov - Landmark Azek PVC Decking,TIMBERTECH,-- No Unilog Brand --,-- No DIB Brand --,Parksite (6151),The AZEK Company LLC,TimberTech®,,AGB15516FW,,Building Materials>Decking & Railing>Deck Boards,"The AZEK Company LLC TimberTech, Landmark Azek, AGB15516FW, Composite Deck Board",CMPS DECK BRD,"TimberTech® Landmark Azek AGB15516FW Composite Deck Board, 1 x 6-16', French White Oak","The TimberTech® Landmark Azek Composite Deck Board is designed for commercial and industrial applications, measuring 1 x 6-16', finished in French White Oak.","Landmark Azek Composite Deck Board, French White Oak",{'Dimensions': '1x6-16'},Size: 1 x 6-16',Finish: French White Oak,Size / Dimensions: 1x6-16',,,,,,,,,,,,,,,,,,,,,,,Composite Deck Board,Series,Landmark Azek,,Model,AGB15516FW,,Size,1 x 6-16',,Color,French White Oak,,Dimensions,1x6-16,,Size / Dimensions,1x6-16',,,,,,,,,,,,,,,,,,,,,,,,,,,,,,,,,,,,,,,,,,,,,,,,,,,,,,,,,,,,,,,,,,,,,,,,,,,,,,,,,,,,,,,,,,,,,,,,,,,,,,,,,,,,,,,,,,,,,,,,,,,,,,,,,,,,,,,,,30103600,,,,,,,,,,,,,,,,,,,,,,,,,,,,,,,,,,,,,,,,,,,
,,,,,,,Building Materials,Decking & Railing,Deck Boards,,AGB15520FW,1x6-20' French White Oak Groov - Landmark Azek PVC Decking,TIMBERTECH,-- No Unilog Brand --,-- No DIB Brand --,Parksite (6151),The AZEK Company LLC,TimberTech®,,AGB15520FW,,Building Materials>Decking & Railing>Deck Boards,"The AZEK Company LLC TimberTech, Landmark Azek, AGB15520FW, Composite Deck Board",CMPS DECK BRD,"TimberTech® Landmark Azek AGB15520FW Composite Deck Board, 1 x 6-20', French White Oak","The TimberTech® Landmark Azek Composite Deck Board is designed for commercial and industrial applications, measuring 1 x 6-20', finished in French White Oak.","Landmark Azek Composite Deck Board, French White Oak",{'Dimensions': '1x6-20'},Size: 1 x 6-20',Finish: French White Oak,Size / Dimensions: 1x6-20',,,,,,,,,,,,,,,,,,,,,,,Composite Deck Board,Series,Landmark Azek,,Model,AGB15520FW,,Size,1 x 6-20',,Color,French White Oak,,Dimensions,1x6-20,,Size / Dimensions,1x6-20',,,,,,,,,,,,,,,,,,,,,,,,,,,,,,,,,,,,,,,,,,,,,,,,,,,,,,,,,,,,,,,,,,,,,,,,,,,,,,,,,,,,,,,,,,,,,,,,,,,,,,,,,,,,,,,,,,,,,,,,,,,,,,,,,,,,,,,,,30103600,,,,,,,,,,,,,,,,,,,,,,,,,,,,,,,,,,,,,,,,,,,
,,,,,,,Building Materials,Decking & Railing,Deck Boards,,ADCB15516BS,1x6-16' Brownstone Sq Edge - Harvest Azek PVC Decking,TIMBERTECH,-- No Unilog Brand --,-- No DIB Brand --,Parksite (6151),The AZEK Company LLC,TimberTech®,,ADCB15516BS,,Building Materials>Decking & Railing>Deck Boards,"The AZEK Company LLC TimberTech, Harvest Azek, ADCB15516BS, Composite Deck Board",CMPS DECK BRD SQUA,"TimberTech® Harvest Azek ADCB15516BS Composite Deck Board, Square Edge Mounting, 1 x 6-16', Brownstone","The TimberTech® Harvest Azek Composite Deck Board is designed for commercial and industrial applications, measuring 1 x 6-16', finished in Brownstone, featuring Square Edge mounting.","Harvest Azek Composite Deck Board, Square Edge Mounting, Brownstone",{'Dimensions': '1x6-16'},Size: 1 x 6-16',Finish: Brownstone,Size / Dimensions: 1x6-16',,,,,,,,,,,,,,,,,,,,,,,Composite Deck Board,Series,Harvest Azek,,Model,ADCB15516BS,,Mounting Type,Square Edge,,Size,1 x 6-16',,Color,Brownstone,,Dimensions,1x6-16,,Size / Dimensions,1x6-16',,,,,,,,,,,,,,,,,,,,,,,,,,,,,,,,,,,,,,,,,,,,,,,,,,,,,,,,,,,,,,,,,,,,,,,,,,,,,,,,,,,,,,,,,,,,,,,,,,,,,,,,,,,,,,,,,,,,,,,,,,,,,,,,,,,,,,30103600,,,,,,,,,,,,,,,,,,,,,,,,,,,,,,,,,,,,,,,,,,,
,,,,,,,Building Materials,Decking & Railing,Deck Boards,,ADCB15520BS,1x6-20' Brownstone Sq Edge - Harvest Azek PVC Decking,TIMBERTECH,-- No Unilog Brand --,-- No DIB Brand --,Parksite (6151),The AZEK Company LLC,TimberTech®,,ADCB15520BS,,Building Materials>Decking & Railing>Deck Boards,"The AZEK Company LLC TimberTech, Harvest Azek, ADCB15520BS, Composite Deck Board",CMPS DECK BRD SQUA,"TimberTech® Harvest Azek ADCB15520BS Composite Deck Board, Square Edge Mounting, 1 x 6-20', Brownstone","The TimberTech® Harvest Azek Composite Deck Board is designed for commercial and industrial applications, measuring 1 x 6-20', finished in Brownstone, featuring Square Edge mounting.","Harvest Azek Composite Deck Board, Square Edge Mounting, Brownstone",{'Dimensions': '1x6-20'},Size: 1 x 6-20',Finish: Brownstone,Size / Dimensions: 1x6-20',,,,,,,,,,,,,,,,,,,,,,,Composite Deck Board,Series,Harvest Azek,,Model,ADCB15520BS,,Mounting Type,Square Edge,,Size,1 x 6-20',,Color,Brownstone,,Dimensions,1x6-20,,Size / Dimensions,1x6-20',,,,,,,,,,,,,,,,,,,,,,,,,,,,,,,,,,,,,,,,,,,,,,,,,,,,,,,,,,,,,,,,,,,,,,,,,,,,,,,,,,,,,,,,,,,,,,,,,,,,,,,,,,,,,,,,,,,,,,,,,,,,,,,,,,,,,,30103600,,,,,,,,,,,,,,,,,,,,,,,,,,,,,,,,,,,,,,,,,,,
,,,,,,,Building Materials,Decking & Railing,Deck Boards,,ADCB15516SG,1x6-16' Slate Gray Sq Edge - Harvest Azek PVC Decking,TIMBERTECH,-- No Unilog Brand --,-- No DIB Brand --,Parksite (6151),The AZEK Company LLC,TimberTech®,,ADCB15516SG,,Building Materials>Decking & Railing>Deck Boards,"The AZEK Company LLC TimberTech, Harvest Azek, ADCB15516SG, Composite Deck Board",CMPS DECK BRD SQUA,"TimberTech® Harvest Azek ADCB15516SG Composite Deck Board, Square Edge Mounting, 1 x 6-16', Slate Gray","The TimberTech® Harvest Azek Composite Deck Board is designed for commercial and industrial applications, measuring 1 x 6-16', finished in Slate Gray, featuring Square Edge mounting.","Harvest Azek Composite Deck Board, Square Edge Mounting, Slate Gray",{'Dimensions': '1x6-16'},Size: 1 x 6-16',Finish: Slate Gray,Size / Dimensions: 1x6-16',,,,,,,,,,,,,,,,,,,,,,,Composite Deck Board,Series,Harvest Azek,,Model,ADCB15516SG,,Mounting Type,Square Edge,,Size,1 x 6-16',,Color,Slate Gray,,Dimensions,1x6-16,,Size / Dimensions,1x6-16',,,,,,,,,,,,,,,,,,,,,,,,,,,,,,,,,,,,,,,,,,,,,,,,,,,,,,,,,,,,,,,,,,,,,,,,,,,,,,,,,,,,,,,,,,,,,,,,,,,,,,,,,,,,,,,,,,,,,,,,,,,,,,,,,,,,,,30103600,,,,,,,,,,,,,,,,,,,,,,,,,,,,,,,,,,,,,,,,,,,
,,,,,,,Building Materials,Decking & Railing,Deck Boards,,ADCB15520SG,1x6-20' Slate Gray Sq Edge - Harvest Azek PVC Decking,TIMBERTECH,-- No Unilog Brand --,-- No DIB Brand --,Parksite (6151),The AZEK Company LLC,TimberTech®,,ADCB15520SG,,Building Materials>Decking & Railing>Deck Boards,"The AZEK Company LLC TimberTech, Harvest Azek, ADCB15520SG, Composite Deck Board",CMPS DECK BRD SQUA,"TimberTech® Harvest Azek ADCB15520SG Composite Deck Board, Square Edge Mounting, 1 x 6-20', Slate Gray","The TimberTech® Harvest Azek Composite Deck Board is designed for commercial and industrial applications, measuring 1 x 6-20', finished in Slate Gray, featuring Square Edge mounting.","Harvest Azek Composite Deck Board, Square Edge Mounting, Slate Gray",{'Dimensions': '1x6-20'},Size: 1 x 6-20',Finish: Slate Gray,Size / Dimensions: 1x6-20',,,,,,,,,,,,,,,,,,,,,,,Composite Deck Board,Series,Harvest Azek,,Model,ADCB15520SG,,Mounting Type,Square Edge,,Size,1 x 6-20',,Color,Slate Gray,,Dimensions,1x6-20,,Size / Dimensions,1x6-20',,,,,,,,,,,,,,,,,,,,,,,,,,,,,,,,,,,,,,,,,,,,,,,,,,,,,,,,,,,,,,,,,,,,,,,,,,,,,,,,,,,,,,,,,,,,,,,,,,,,,,,,,,,,,,,,,,,,,,,,,,,,,,,,,,,,,,30103600,,,,,,,,,,,,,,,,,,,,,,,,,,,,,,,,,,,,,,,,,,,
,,,,,,,Building Materials,Decking & Railing,Deck Boards,,AGB15512BS,1x6-12' Brownstone Grooved - Harvest Azek PVC Decking,TIMBERTECH,-- No Unilog Brand --,-- No DIB Brand --,Parksite (6151),The AZEK Company LLC,TimberTech®,,AGB15512BS,,Building Materials>Decking & Railing>Deck Boards,"The AZEK Company LLC TimberTech, Harvest Azek, AGB15512BS, Composite Deck Board",CMPS DECK BRD GROO,"TimberTech® Harvest Azek AGB15512BS Composite Deck Board, Grooved Mounting, 1 x 6-12', Brownstone","The TimberTech® Harvest Azek Composite Deck Board is designed for commercial and industrial applications, measuring 1 x 6-12', finished in Brownstone, featuring Grooved mounting.","Harvest Azek Composite Deck Board, Grooved Mounting, Brownstone",{'Dimensions': '1x6-12'},Size: 1 x 6-12',Finish: Brownstone,Size / Dimensions: 1x6-12',,,,,,,,,,,,,,,,,,,,,,,Composite Deck Board,Series,Harvest Azek,,Model,AGB15512BS,,Mounting Type,Grooved,,Size,1 x 6-12',,Color,Brownstone,,Dimensions,1x6-12,,Size / Dimensions,1x6-12',,,,,,,,,,,,,,,,,,,,,,,,,,,,,,,,,,,,,,,,,,,,,,,,,,,,,,,,,,,,,,,,,,,,,,,,,,,,,,,,,,,,,,,,,,,,,,,,,,,,,,,,,,,,,,,,,,,,,,,,,,,,,,,,,,,,,,30103600,,,,,,,,,,,,,,,,,,,,,,,,,,,,,,,,,,,,,,,,,,,
,,,,,,,Building Materials,Decking & Railing,Deck Boards,,AGB15516BS,1x6-16' Brownstone Grooved - Harvest Azek PVC Decking,TIMBERTECH,-- No Unilog Brand --,-- No DIB Brand --,Parksite (6151),The AZEK Company LLC,TimberTech®,,AGB15516BS,,Building Materials>Decking & Railing>Deck Boards,"The AZEK Company LLC TimberTech, Harvest Azek, AGB15516BS, Composite Deck Board",CMPS DECK BRD GROO,"TimberTech® Harvest Azek AGB15516BS Composite Deck Board, Grooved Mounting, 1 x 6-16', Brownstone","The TimberTech® Harvest Azek Composite Deck Board is designed for commercial and industrial applications, measuring 1 x 6-16', finished in Brownstone, featuring Grooved mounting.","Harvest Azek Composite Deck Board, Grooved Mounting, Brownstone",{'Dimensions': '1x6-16'},Size: 1 x 6-16',Finish: Brownstone,Size / Dimensions: 1x6-16',,,,,,,,,,,,,,,,,,,,,,,Composite Deck Board,Series,Harvest Azek,,Model,AGB15516BS,,Mounting Type,Grooved,,Size,1 x 6-16',,Color,Brownstone,,Dimensions,1x6-16,,Size / Dimensions,1x6-16',,,,,,,,,,,,,,,,,,,,,,,,,,,,,,,,,,,,,,,,,,,,,,,,,,,,,,,,,,,,,,,,,,,,,,,,,,,,,,,,,,,,,,,,,,,,,,,,,,,,,,,,,,,,,,,,,,,,,,,,,,,,,,,,,,,,,,30103600,,,,,,,,,,,,,,,,,,,,,,,,,,,,,,,,,,,,,,,,,,,
,,,,,,,Building Materials,Decking & Railing,Deck Boards,,AGB15520BS,1x6-20' Brownstone Grooved - Harvest Azek PVC Decking,TIMBERTECH,-- No Unilog Brand --,-- No DIB Brand --,Parksite (6151),The AZEK Company LLC,TimberTech®,,AGB15520BS,,Building Materials>Decking & Railing>Deck Boards,"The AZEK Company LLC TimberTech, Harvest Azek, AGB15520BS, Composite Deck Board",CMPS DECK BRD GROO,"TimberTech® Harvest Azek AGB15520BS Composite Deck Board, Grooved Mounting, 1 x 6-20', Brownstone","The TimberTech® Harvest Azek Composite Deck Board is designed for commercial and industrial applications, measuring 1 x 6-20', finished in Brownstone, featuring Grooved mounting.","Harvest Azek Composite Deck Board, Grooved Mounting, Brownstone",{'Dimensions': '1x6-20'},Size: 1 x 6-20',Finish: Brownstone,Size / Dimensions: 1x6-20',,,,,,,,,,,,,,,,,,,,,,,Composite Deck Board,Series,Harvest Azek,,Model,AGB15520BS,,Mounting Type,Grooved,,Size,1 x 6-20',,Color,Brownstone,,Dimensions,1x6-20,,Size / Dimensions,1x6-20',,,,,,,,,,,,,,,,,,,,,,,,,,,,,,,,,,,,,,,,,,,,,,,,,,,,,,,,,,,,,,,,,,,,,,,,,,,,,,,,,,,,,,,,,,,,,,,,,,,,,,,,,,,,,,,,,,,,,,,,,,,,,,,,,,,,,,30103600,,,,,,,,,,,,,,,,,,,,,,,,,,,,,,,,,,,,,,,,,,,
,,,,,,,Building Materials,Decking & Railing,Deck Boards,,AGB15512SG,1x6-12' Slate Gray Grooved - Harvest Azek PVC Decking,TIMBERTECH,-- No Unilog Brand --,-- No DIB Brand --,Parksite (6151),The AZEK Company LLC,TimberTech®,,AGB15512SG,,Building Materials>Decking & Railing>Deck Boards,"The AZEK Company LLC TimberTech, Harvest Azek, AGB15512SG, Composite Deck Board",CMPS DECK BRD GROO,"TimberTech® Harvest Azek AGB15512SG Composite Deck Board, Grooved Mounting, 1 x 6-12', Slate Gray","The TimberTech® Harvest Azek Composite Deck Board is designed for commercial and industrial applications, measuring 1 x 6-12', finished in Slate Gray, featuring Grooved mounting.","Harvest Azek Composite Deck Board, Grooved Mounting, Slate Gray",{'Dimensions': '1x6-12'},Size: 1 x 6-12',Finish: Slate Gray,Size / Dimensions: 1x6-12',,,,,,,,,,,,,,,,,,,,,,,Composite Deck Board,Series,Harvest Azek,,Model,AGB15512SG,,Mounting Type,Grooved,,Size,1 x 6-12',,Color,Slate Gray,,Dimensions,1x6-12,,Size / Dimensions,1x6-12',,,,,,,,,,,,,,,,,,,,,,,,,,,,,,,,,,,,,,,,,,,,,,,,,,,,,,,,,,,,,,,,,,,,,,,,,,,,,,,,,,,,,,,,,,,,,,,,,,,,,,,,,,,,,,,,,,,,,,,,,,,,,,,,,,,,,,30103600,,,,,,,,,,,,,,,,,,,,,,,,,,,,,,,,,,,,,,,,,,,
,,,,,,,Building Materials,Decking & Railing,Deck Boards,,AGB15516SG,1x6-16' Slate Gray Grooved - Harvest Azek PVC Decking,TIMBERTECH,-- No Unilog Brand --,-- No DIB Brand --,Parksite (6151),The AZEK Company LLC,TimberTech®,,AGB15516SG,,Building Materials>Decking & Railing>Deck Boards,"The AZEK Company LLC TimberTech, Harvest Azek, AGB15516SG, Composite Deck Board",CMPS DECK BRD GROO,"TimberTech® Harvest Azek AGB15516SG Composite Deck Board, Grooved Mounting, 1 x 6-16', Slate Gray","The TimberTech® Harvest Azek Composite Deck Board is designed for commercial and industrial applications, measuring 1 x 6-16', finished in Slate Gray, featuring Grooved mounting.","Harvest Azek Composite Deck Board, Grooved Mounting, Slate Gray",{'Dimensions': '1x6-16'},Size: 1 x 6-16',Finish: Slate Gray,Size / Dimensions: 1x6-16',,,,,,,,,,,,,,,,,,,,,,,Composite Deck Board,Series,Harvest Azek,,Model,AGB15516SG,,Mounting Type,Grooved,,Size,1 x 6-16',,Color,Slate Gray,,Dimensions,1x6-16,,Size / Dimensions,1x6-16',,,,,,,,,,,,,,,,,,,,,,,,,,,,,,,,,,,,,,,,,,,,,,,,,,,,,,,,,,,,,,,,,,,,,,,,,,,,,,,,,,,,,,,,,,,,,,,,,,,,,,,,,,,,,,,,,,,,,,,,,,,,,,,,,,,,,,30103600,,,,,,,,,,,,,,,,,,,,,,,,,,,,,,,,,,,,,,,,,,,
,,,,,,,Building Materials,Decking & Railing,Deck Boards,,AGB15520SG,1x6-20' Slate Gray Grooved - Harvest Azek PVC Decking,TIMBERTECH,-- No Unilog Brand --,-- No DIB Brand --,Parksite (6151),The AZEK Company LLC,TimberTech®,,AGB15520SG,,Building Materials>Decking & Railing>Deck Boards,"The AZEK Company LLC TimberTech, Harvest Azek, AGB15520SG, Composite Deck Board",CMPS DECK BRD GROO,"TimberTech® Harvest Azek AGB15520SG Composite Deck Board, Grooved Mounting, 1 x 6-20', Slate Gray","The TimberTech® Harvest Azek Composite Deck Board is designed for commercial and industrial applications, measuring 1 x 6-20', finished in Slate Gray, featuring Grooved mounting.","Harvest Azek Composite Deck Board, Grooved Mounting, Slate Gray",{'Dimensions': '1x6-20'},Size: 1 x 6-20',Finish: Slate Gray,Size / Dimensions: 1x6-20',,,,,,,,,,,,,,,,,,,,,,,Composite Deck Board,Series,Harvest Azek,,Model,AGB15520SG,,Mounting Type,Grooved,,Size,1 x 6-20',,Color,Slate Gray,,Dimensions,1x6-20,,Size / Dimensions,1x6-20',,,,,,,,,,,,,,,,,,,,,,,,,,,,,,,,,,,,,,,,,,,,,,,,,,,,,,,,,,,,,,,,,,,,,,,,,,,,,,,,,,,,,,,,,,,,,,,,,,,,,,,,,,,,,,,,,,,,,,,,,,,,,,,,,,,,,,30103600,,,,,,,,,,,,,,,,,,,,,,,,,,,,,,,,,,,,,,,,,,,
,,,,,,,Building Materials,Decking & Railing,Deck Boards,,543140016,1nx6-16' Biscayne Sq Edge - Trex Transcend Lineage Decking,TREX,-- No Unilog Brand --,-- No DIB Brand --,U S Lumber (3073),"Trex Company, Inc.",Trex®,,543140016,,Building Materials>Decking & Railing>Deck Boards,"Trex Company, Inc. Trex, Transcend Lineage, 543140016, Composite Deck Board",CMPS DECK BRD SQUA,"Trex® Transcend Lineage 543140016 Composite Deck Board, Square Edge Mounting, Biscayne","The Trex® Transcend Lineage Composite Deck Board is designed for commercial and industrial applications, finished in Biscayne, featuring Square Edge mounting.","Transcend Lineage Composite Deck Board, Square Edge Mounting, Biscayne",{},Finish: Biscayne,,,,,,,,,,,,,,,,,,,,,,,,,Composite Deck Board,Series,Transcend Lineage,,Model,543140016,,Mounting Type,Square Edge,,Color,Biscayne,,,,,,,,,,,,,,,,,,,,,,,,,,,,,,,,,,,,,,,,,,,,,,,,,,,,,,,,,,,,,,,,,,,,,,,,,,,,,,,,,,,,,,,,,,,,,,,,,,,,,,,,,,,,,,,,,,,,,,,,,,,,,,,,,,,,,,,,,,,,,,,30103600,,,,,,,,,,,,,,,,,,,,,,,,,,,,,,,,,,,,,,,,,,,
,,,,,,,Building Materials,Decking & Railing,Deck Boards,,543140020,1nx6-20' Biscayne Sq Edge - Trex Transcend Lineage Decking,TREX,-- No Unilog Brand --,-- No DIB Brand --,U S Lumber (3073),"Trex Company, Inc.",Trex®,,543140020,,Building Materials>Decking & Railing>Deck Boards,"Trex Company, Inc. Trex, Transcend Lineage, 543140020, Composite Deck Board",CMPS DECK BRD SQUA,"Trex® Transcend Lineage 543140020 Composite Deck Board, Square Edge Mounting, Biscayne","The Trex® Transcend Lineage Composite Deck Board is designed for commercial and industrial applications, finished in Biscayne, featuring Square Edge mounting.","Transcend Lineage Composite Deck Board, Square Edge Mounting, Biscayne",{},Finish: Biscayne,,,,,,,,,,,,,,,,,,,,,,,,,Composite Deck Board,Series,Transcend Lineage,,Model,543140020,,Mounting Type,Square Edge,,Color,Biscayne,,,,,,,,,,,,,,,,,,,,,,,,,,,,,,,,,,,,,,,,,,,,,,,,,,,,,,,,,,,,,,,,,,,,,,,,,,,,,,,,,,,,,,,,,,,,,,,,,,,,,,,,,,,,,,,,,,,,,,,,,,,,,,,,,,,,,,,,,,,,,,,30103600,,,,,,,,,,,,,,,,,,,,,,,,,,,,,,,,,,,,,,,,,,,
,,,,,,,Building Materials,Decking & Railing,Deck Boards,,543142016,1nx6-16' Carmel Sq Edge - Trex Transcend Lineage Decking,TREX,-- No Unilog Brand --,-- No DIB Brand --,U S Lumber (3073),"Trex Company, Inc.",Trex®,,543142016,,Building Materials>Decking & Railing>Deck Boards,"Trex Company, Inc. Trex, Transcend Lineage, 543142016, Composite Deck Board",CMPS DECK BRD SQUA,"Trex® Transcend Lineage 543142016 Composite Deck Board, Square Edge Mounting, Carmel","The Trex® Transcend Lineage Composite Deck Board is designed for commercial and industrial applications, finished in Carmel, featuring Square Edge mounting.","Transcend Lineage Composite Deck Board, Square Edge Mounting, Carmel",{},Finish: Carmel,,,,,,,,,,,,,,,,,,,,,,,,,Composite Deck Board,Series,Transcend Lineage,,Model,543142016,,Mounting Type,Square Edge,,Color,Carmel,,,,,,,,,,,,,,,,,,,,,,,,,,,,,,,,,,,,,,,,,,,,,,,,,,,,,,,,,,,,,,,,,,,,,,,,,,,,,,,,,,,,,,,,,,,,,,,,,,,,,,,,,,,,,,,,,,,,,,,,,,,,,,,,,,,,,,,,,,,,,,,30103600,,,,,,,,,,,,,,,,,,,,,,,,,,,,,,,,,,,,,,,,,,,
,,,,,,,Building Materials,Decking & Railing,Deck Boards,,543142020,1nx6-20' Carmel Sq Edge - Trex Transcend Lineage Decking,TREX,-- No Unilog Brand --,-- No DIB Brand --,U S Lumber (3073),"Trex Company, Inc.",Trex®,,543142020,,Building Materials>Decking & Railing>Deck Boards,"Trex Company, Inc. Trex, Transcend Lineage, 543142020, Composite Deck Board",CMPS DECK BRD SQUA,"Trex® Transcend Lineage 543142020 Composite Deck Board, Square Edge Mounting, Carmel","The Trex® Transcend Lineage Composite Deck Board is designed for commercial and industrial applications, finished in Carmel, featuring Square Edge mounting.","Transcend Lineage Composite Deck Board, Square Edge Mounting, Carmel",{},Finish: Carmel,,,,,,,,,,,,,,,,,,,,,,,,,Composite Deck Board,Series,Transcend Lineage,,Model,543142020,,Mounting Type,Square Edge,,Color,Carmel,,,,,,,,,,,,,,,,,,,,,,,,,,,,,,,,,,,,,,,,,,,,,,,,,,,,,,,,,,,,,,,,,,,,,,,,,,,,,,,,,,,,,,,,,,,,,,,,,,,,,,,,,,,,,,,,,,,,,,,,,,,,,,,,,,,,,,,,,,,,,,,30103600,,,,,,,,,,,,,,,,,,,,,,,,,,,,,,,,,,,,,,,,,,,
,,,,,,,Building Materials,Decking & Railing,Deck Boards,,543144016,1nx6-16' Island Mist Sq Edge - Trex Transcend Lineage Decking,TREX,-- No Unilog Brand --,-- No DIB Brand --,U S Lumber (3073),"Trex Company, Inc.",Trex®,,543144016,,Building Materials>Decking & Railing>Deck Boards,"Trex Company, Inc. Trex, Transcend Lineage, 543144016, Composite Deck Board",CMPS DECK BRD SQUA,"Trex® Transcend Lineage 543144016 Composite Deck Board, Square Edge Mounting, Island Mist","The Trex® Transcend Lineage Composite Deck Board is designed for commercial and industrial applications, finished in Island Mist, featuring Square Edge mounting.","Transcend Lineage Composite Deck Board, Square Edge Mounting, Island Mist",{},Finish: Island Mist,,,,,,,,,,,,,,,,,,,,,,,,,Composite Deck Board,Series,Transcend Lineage,,Model,543144016,,Mounting Type,Square Edge,,Color,Island Mist,,,,,,,,,,,,,,,,,,,,,,,,,,,,,,,,,,,,,,,,,,,,,,,,,,,,,,,,,,,,,,,,,,,,,,,,,,,,,,,,,,,,,,,,,,,,,,,,,,,,,,,,,,,,,,,,,,,,,,,,,,,,,,,,,,,,,,,,,,,,,,,30103600,,,,,,,,,,,,,,,,,,,,,,,,,,,,,,,,,,,,,,,,,,,
,,,,,,,Building Materials,Decking & Railing,Deck Boards,,543144020,1nx6-20' Island Mist Sq Edge - Trex Transcend Lineage Decking,TREX,-- No Unilog Brand --,-- No DIB Brand --,U S Lumber (3073),"Trex Company, Inc.",Trex®,,543144020,,Building Materials>Decking & Railing>Deck Boards,"Trex Company, Inc. Trex, Transcend Lineage, 543144020, Composite Deck Board",CMPS DECK BRD SQUA,"Trex® Transcend Lineage 543144020 Composite Deck Board, Square Edge Mounting, Island Mist","The Trex® Transcend Lineage Composite Deck Board is designed for commercial and industrial applications, finished in Island Mist, featuring Square Edge mounting.","Transcend Lineage Composite Deck Board, Square Edge Mounting, Island Mist",{},Finish: Island Mist,,,,,,,,,,,,,,,,,,,,,,,,,Composite Deck Board,Series,Transcend Lineage,,Model,543144020,,Mounting Type,Square Edge,,Color,Island Mist,,,,,,,,,,,,,,,,,,,,,,,,,,,,,,,,,,,,,,,,,,,,,,,,,,,,,,,,,,,,,,,,,,,,,,,,,,,,,,,,,,,,,,,,,,,,,,,,,,,,,,,,,,,,,,,,,,,,,,,,,,,,,,,,,,,,,,,,,,,,,,,30103600,,,,,,,,,,,,,,,,,,,,,,,,,,,,,,,,,,,,,,,,,,,
,,,,,,,Building Materials,Decking & Railing,Deck Boards,,543143016,1nx6-16' Jasper Sq Edge - Trex Transcend Lineage Decking,TREX,-- No Unilog Brand --,-- No DIB Brand --,U S Lumber (3073),"Trex Company, Inc.",Trex®,,543143016,,Building Materials>Decking & Railing>Deck Boards,"Trex Company, Inc. Trex, Transcend Lineage, 543143016, Composite Deck Board",CMPS DECK BRD SQUA,"Trex® Transcend Lineage 543143016 Composite Deck Board, Square Edge Mounting, Jasper","The Trex® Transcend Lineage Composite Deck Board is designed for commercial and industrial applications, finished in Jasper, featuring Square Edge mounting.","Transcend Lineage Composite Deck Board, Square Edge Mounting, Jasper",{},Finish: Jasper,,,,,,,,,,,,,,,,,,,,,,,,,Composite Deck Board,Series,Transcend Lineage,,Model,543143016,,Mounting Type,Square Edge,,Color,Jasper,,,,,,,,,,,,,,,,,,,,,,,,,,,,,,,,,,,,,,,,,,,,,,,,,,,,,,,,,,,,,,,,,,,,,,,,,,,,,,,,,,,,,,,,,,,,,,,,,,,,,,,,,,,,,,,,,,,,,,,,,,,,,,,,,,,,,,,,,,,,,,,30103600,,,,,,,,,,,,,,,,,,,,,,,,,,,,,,,,,,,,,,,,,,,
,,,,,,,Building Materials,Decking & Railing,Deck Boards,,543143020,1nx6-20' Jasper Sq Edge - Trex Transcend Lineage Decking,TREX,-- No Unilog Brand --,-- No DIB Brand --,U S Lumber (3073),"Trex Company, Inc.",Trex®,,543143020,,Building Materials>Decking & Railing>Deck Boards,"Trex Company, Inc. Trex, Transcend Lineage, 543143020, Composite Deck Board",CMPS DECK BRD SQUA,"Trex® Transcend Lineage 543143020 Composite Deck Board, Square Edge Mounting, Jasper","The Trex® Transcend Lineage Composite Deck Board is designed for commercial and industrial applications, finished in Jasper, featuring Square Edge mounting.","Transcend Lineage Composite Deck Board, Square Edge Mounting, Jasper",{},Finish: Jasper,,,,,,,,,,,,,,,,,,,,,,,,,Composite Deck Board,Series,Transcend Lineage,,Model,543143020,,Mounting Type,Square Edge,,Color,Jasper,,,,,,,,,,,,,,,,,,,,,,,,,,,,,,,,,,,,,,,,,,,,,,,,,,,,,,,,,,,,,,,,,,,,,,,,,,,,,,,,,,,,,,,,,,,,,,,,,,,,,,,,,,,,,,,,,,,,,,,,,,,,,,,,,,,,,,,,,,,,,,,30103600,,,,,,,,,,,,,,,,,,,,,,,,,,,,,,,,,,,,,,,,,,,
,,,,,,,Building Materials,Decking & Railing,Deck Boards,,543141016,1nx6-16' Rainier Sq Edge - Trex Transcend Lineage Decking,TREX,-- No Unilog Brand --,-- No DIB Brand --,U S Lumber (3073),"Trex Company, Inc.",Trex®,,543141016,,Building Materials>Decking & Railing>Deck Boards,"Trex Company, Inc. Trex, Transcend Lineage, 543141016, Composite Deck Board",CMPS DECK BRD SQUA,"Trex® Transcend Lineage 543141016 Composite Deck Board, Square Edge Mounting, Rainier","The Trex® Transcend Lineage Composite Deck Board is designed for commercial and industrial applications, finished in Rainier, featuring Square Edge mounting.","Transcend Lineage Composite Deck Board, Square Edge Mounting, Rainier",{},Finish: Rainier,,,,,,,,,,,,,,,,,,,,,,,,,Composite Deck Board,Series,Transcend Lineage,,Model,543141016,,Mounting Type,Square Edge,,Color,Rainier,,,,,,,,,,,,,,,,,,,,,,,,,,,,,,,,,,,,,,,,,,,,,,,,,,,,,,,,,,,,,,,,,,,,,,,,,,,,,,,,,,,,,,,,,,,,,,,,,,,,,,,,,,,,,,,,,,,,,,,,,,,,,,,,,,,,,,,,,,,,,,,30103600,,,,,,,,,,,,,,,,,,,,,,,,,,,,,,,,,,,,,,,,,,,
,,,,,,,Building Materials,Decking & Railing,Deck Boards,,543141020,1nx6-20' Rainier Sq Edge - Trex Transcend Lineage Decking,TREX,-- No Unilog Brand --,-- No DIB Brand --,U S Lumber (3073),"Trex Company, Inc.",Trex®,,543141020,,Building Materials>Decking & Railing>Deck Boards,"Trex Company, Inc. Trex, Transcend Lineage, 543141020, Composite Deck Board",CMPS DECK BRD SQUA,"Trex® Transcend Lineage 543141020 Composite Deck Board, Square Edge Mounting, Rainier","The Trex® Transcend Lineage Composite Deck Board is designed for commercial and industrial applications, finished in Rainier, featuring Square Edge mounting.","Transcend Lineage Composite Deck Board, Square Edge Mounting, Rainier",{},Finish: Rainier,,,,,,,,,,,,,,,,,,,,,,,,,Composite Deck Board,Series,Transcend Lineage,,Model,543141020,,Mounting Type,Square Edge,,Color,Rainier,,,,,,,,,,,,,,,,,,,,,,,,,,,,,,,,,,,,,,,,,,,,,,,,,,,,,,,,,,,,,,,,,,,,,,,,,,,,,,,,,,,,,,,,,,,,,,,,,,,,,,,,,,,,,,,,,,,,,,,,,,,,,,,,,,,,,,,,,,,,,,,30103600,,,,,,,,,,,,,,,,,,,,,,,,,,,,,,,,,,,,,,,,,,,
,,,,,,,Building Materials,Decking & Railing,Deck Boards,,543140412,1nx6-12' Biscayne Grooved - Trex Transcend Lineage Decking,TREX,-- No Unilog Brand --,-- No DIB Brand --,U S Lumber (3073),"Trex Company, Inc.",Trex®,,543140412,,Building Materials>Decking & Railing>Deck Boards,"Trex Company, Inc. Trex, Transcend Lineage, 543140412, Composite Deck Board",CMPS DECK BRD GROO,"Trex® Transcend Lineage 543140412 Composite Deck Board, Grooved Mounting, Biscayne","The Trex® Transcend Lineage Composite Deck Board is designed for commercial and industrial applications, finished in Biscayne, featuring Grooved mounting.","Transcend Lineage Composite Deck Board, Grooved Mounting, Biscayne",{},Finish: Biscayne,,,,,,,,,,,,,,,,,,,,,,,,,Composite Deck Board,Series,Transcend Lineage,,Model,543140412,,Mounting Type,Grooved,,Color,Biscayne,,,,,,,,,,,,,,,,,,,,,,,,,,,,,,,,,,,,,,,,,,,,,,,,,,,,,,,,,,,,,,,,,,,,,,,,,,,,,,,,,,,,,,,,,,,,,,,,,,,,,,,,,,,,,,,,,,,,,,,,,,,,,,,,,,,,,,,,,,,,,,,30103600,,,,,,,,,,,,,,,,,,,,,,,,,,,,,,,,,,,,,,,,,,,
,,,,,,,Building Materials,Decking & Railing,Deck Boards,,543140416,1nx6-16' Biscayne Grooved - Trex Transcend Lineage Decking,TREX,-- No Unilog Brand --,-- No DIB Brand --,U S Lumber (3073),"Trex Company, Inc.",Trex®,,543140416,,Building Materials>Decking & Railing>Deck Boards,"Trex Company, Inc. Trex, Transcend Lineage, 543140416, Composite Deck Board",CMPS DECK BRD GROO,"Trex® Transcend Lineage 543140416 Composite Deck Board, Grooved Mounting, Biscayne","The Trex® Transcend Lineage Composite Deck Board is designed for commercial and industrial applications, finished in Biscayne, featuring Grooved mounting.","Transcend Lineage Composite Deck Board, Grooved Mounting, Biscayne",{},Finish: Biscayne,,,,,,,,,,,,,,,,,,,,,,,,,Composite Deck Board,Series,Transcend Lineage,,Model,543140416,,Mounting Type,Grooved,,Color,Biscayne,,,,,,,,,,,,,,,,,,,,,,,,,,,,,,,,,,,,,,,,,,,,,,,,,,,,,,,,,,,,,,,,,,,,,,,,,,,,,,,,,,,,,,,,,,,,,,,,,,,,,,,,,,,,,,,,,,,,,,,,,,,,,,,,,,,,,,,,,,,,,,,30103600,,,,,,,,,,,,,,,,,,,,,,,,,,,,,,,,,,,,,,,,,,,
,,,,,,,Building Materials,Decking & Railing,Deck Boards,,543140420,1nx6-20' Biscayne Grooved - Trex Transcend Lineage Decking,TREX,-- No Unilog Brand --,-- No DIB Brand --,U S Lumber (3073),"Trex Company, Inc.",Trex®,,543140420,,Building Materials>Decking & Railing>Deck Boards,"Trex Company, Inc. Trex, Transcend Lineage, 543140420, Composite Deck Board",CMPS DECK BRD GROO,"Trex® Transcend Lineage 543140420 Composite Deck Board, Grooved Mounting, Biscayne","The Trex® Transcend Lineage Composite Deck Board is designed for commercial and industrial applications, finished in Biscayne, featuring Grooved mounting.","Transcend Lineage Composite Deck Board, Grooved Mounting, Biscayne",{},Finish: Biscayne,,,,,,,,,,,,,,,,,,,,,,,,,Composite Deck Board,Series,Transcend Lineage,,Model,543140420,,Mounting Type,Grooved,,Color,Biscayne,,,,,,,,,,,,,,,,,,,,,,,,,,,,,,,,,,,,,,,,,,,,,,,,,,,,,,,,,,,,,,,,,,,,,,,,,,,,,,,,,,,,,,,,,,,,,,,,,,,,,,,,,,,,,,,,,,,,,,,,,,,,,,,,,,,,,,,,,,,,,,,30103600,,,,,,,,,,,,,,,,,,,,,,,,,,,,,,,,,,,,,,,,,,,
,,,,,,,Building Materials,Decking & Railing,Deck Boards,,543142412,1nx6-12' Carmel Grooved - Trex Transcend Lineage Decking,TREX,-- No Unilog Brand --,-- No DIB Brand --,U S Lumber (3073),"Trex Company, Inc.",Trex®,,543142412,,Building Materials>Decking & Railing>Deck Boards,"Trex Company, Inc. Trex, Transcend Lineage, 543142412, Composite Deck Board",CMPS DECK BRD GROO,"Trex® Transcend Lineage 543142412 Composite Deck Board, Grooved Mounting, Carmel","The Trex® Transcend Lineage Composite Deck Board is designed for commercial and industrial applications, finished in Carmel, featuring Grooved mounting.","Transcend Lineage Composite Deck Board, Grooved Mounting, Carmel",{},Finish: Carmel,,,,,,,,,,,,,,,,,,,,,,,,,Composite Deck Board,Series,Transcend Lineage,,Model,543142412,,Mounting Type,Grooved,,Color,Carmel,,,,,,,,,,,,,,,,,,,,,,,,,,,,,,,,,,,,,,,,,,,,,,,,,,,,,,,,,,,,,,,,,,,,,,,,,,,,,,,,,,,,,,,,,,,,,,,,,,,,,,,,,,,,,,,,,,,,,,,,,,,,,,,,,,,,,,,,,,,,,,,30103600,,,,,,,,,,,,,,,,,,,,,,,,,,,,,,,,,,,,,,,,,,,
,,,,,,,Building Materials,Decking & Railing,Deck Boards,,543142416,1nx6-16' Carmel Grooved - Trex Transcend Lineage Decking,TREX,-- No Unilog Brand --,-- No DIB Brand --,U S Lumber (3073),"Trex Company, Inc.",Trex®,,543142416,,Building Materials>Decking & Railing>Deck Boards,"Trex Company, Inc. Trex, Transcend Lineage, 543142416, Composite Deck Board",CMPS DECK BRD GROO,"Trex® Transcend Lineage 543142416 Composite Deck Board, Grooved Mounting, Carmel","The Trex® Transcend Lineage Composite Deck Board is designed for commercial and industrial applications, finished in Carmel, featuring Grooved mounting.","Transcend Lineage Composite Deck Board, Grooved Mounting, Carmel",{},Finish: Carmel,,,,,,,,,,,,,,,,,,,,,,,,,Composite Deck Board,Series,Transcend Lineage,,Model,543142416,,Mounting Type,Grooved,,Color,Carmel,,,,,,,,,,,,,,,,,,,,,,,,,,,,,,,,,,,,,,,,,,,,,,,,,,,,,,,,,,,,,,,,,,,,,,,,,,,,,,,,,,,,,,,,,,,,,,,,,,,,,,,,,,,,,,,,,,,,,,,,,,,,,,,,,,,,,,,,,,,,,,,30103600,,,,,,,,,,,,,,,,,,,,,,,,,,,,,,,,,,,,,,,,,,,
,,,,,,,Building Materials,Decking & Railing,Deck Boards,,543142420,1nx6-20' Carmel Grooved - Trex Transcend Lineage Decking,TREX,-- No Unilog Brand --,-- No DIB Brand --,U S Lumber (3073),"Trex Company, Inc.",Trex®,,543142420,,Building Materials>Decking & Railing>Deck Boards,"Trex Company, Inc. Trex, Transcend Lineage, 543142420, Composite Deck Board",CMPS DECK BRD GROO,"Trex® Transcend Lineage 543142420 Composite Deck Board, Grooved Mounting, Carmel","The Trex® Transcend Lineage Composite Deck Board is designed for commercial and industrial applications, finished in Carmel, featuring Grooved mounting.","Transcend Lineage Composite Deck Board, Grooved Mounting, Carmel",{},Finish: Carmel,,,,,,,,,,,,,,,,,,,,,,,,,Composite Deck Board,Series,Transcend Lineage,,Model,543142420,,Mounting Type,Grooved,,Color,Carmel,,,,,,,,,,,,,,,,,,,,,,,,,,,,,,,,,,,,,,,,,,,,,,,,,,,,,,,,,,,,,,,,,,,,,,,,,,,,,,,,,,,,,,,,,,,,,,,,,,,,,,,,,,,,,,,,,,,,,,,,,,,,,,,,,,,,,,,,,,,,,,,30103600,,,,,,,,,,,,,,,,,,,,,,,,,,,,,,,,,,,,,,,,,,,
,,,,,,,Building Materials,Decking & Railing,Deck Boards,,543144412,1nx6-12' Island Mist Grooved - Trex Transcend Lineage Decking,TREX,-- No Unilog Brand --,-- No DIB Brand --,U S Lumber (3073),"Trex Company, Inc.",Trex®,,543144412,,Building Materials>Decking & Railing>Deck Boards,"Trex Company, Inc. Trex, Transcend Lineage, 543144412, Composite Deck Board",CMPS DECK BRD GROO,"Trex® Transcend Lineage 543144412 Composite Deck Board, Grooved Mounting, Island Mist","The Trex® Transcend Lineage Composite Deck Board is designed for commercial and industrial applications, finished in Island Mist, featuring Grooved mounting.","Transcend Lineage Composite Deck Board, Grooved Mounting, Island Mist",{},Finish: Island Mist,,,,,,,,,,,,,,,,,,,,,,,,,Composite Deck Board,Series,Transcend Lineage,,Model,543144412,,Mounting Type,Grooved,,Color,Island Mist,,,,,,,,,,,,,,,,,,,,,,,,,,,,,,,,,,,,,,,,,,,,,,,,,,,,,,,,,,,,,,,,,,,,,,,,,,,,,,,,,,,,,,,,,,,,,,,,,,,,,,,,,,,,,,,,,,,,,,,,,,,,,,,,,,,,,,,,,,,,,,,30103600,,,,,,,,,,,,,,,,,,,,,,,,,,,,,,,,,,,,,,,,,,,
,,,,,,,Building Materials,Decking & Railing,Deck Boards,,543144416,1nx6-16' Island Mist Grooved - Trex Transcend Lineage Decking,TREX,-- No Unilog Brand --,-- No DIB Brand --,U S Lumber (3073),"Trex Company, Inc.",Trex®,,543144416,,Building Materials>Decking & Railing>Deck Boards,"Trex Company, Inc. Trex, Transcend Lineage, 543144416, Composite Deck Board",CMPS DECK BRD GROO,"Trex® Transcend Lineage 543144416 Composite Deck Board, Grooved Mounting, Island Mist","The Trex® Transcend Lineage Composite Deck Board is designed for commercial and industrial applications, finished in Island Mist, featuring Grooved mounting.","Transcend Lineage Composite Deck Board, Grooved Mounting, Island Mist",{},Finish: Island Mist,,,,,,,,,,,,,,,,,,,,,,,,,Composite Deck Board,Series,Transcend Lineage,,Model,543144416,,Mounting Type,Grooved,,Color,Island Mist,,,,,,,,,,,,,,,,,,,,,,,,,,,,,,,,,,,,,,,,,,,,,,,,,,,,,,,,,,,,,,,,,,,,,,,,,,,,,,,,,,,,,,,,,,,,,,,,,,,,,,,,,,,,,,,,,,,,,,,,,,,,,,,,,,,,,,,,,,,,,,,30103600,,,,,,,,,,,,,,,,,,,,,,,,,,,,,,,,,,,,,,,,,,,
,,,,,,,Building Materials,Decking & Railing,Deck Boards,,543144420,1nx6-20' Island Mist Grooved - Trex Transcend Lineage Decking,TREX,-- No Unilog Brand --,-- No DIB Brand --,U S Lumber (3073),"Trex Company, Inc.",Trex®,,543144420,,Building Materials>Decking & Railing>Deck Boards,"Trex Company, Inc. Trex, Transcend Lineage, 543144420, Composite Deck Board",CMPS DECK BRD GROO,"Trex® Transcend Lineage 543144420 Composite Deck Board, Grooved Mounting, Island Mist","The Trex® Transcend Lineage Composite Deck Board is designed for commercial and industrial applications, finished in Island Mist, featuring Grooved mounting.","Transcend Lineage Composite Deck Board, Grooved Mounting, Island Mist",{},Finish: Island Mist,,,,,,,,,,,,,,,,,,,,,,,,,Composite Deck Board,Series,Transcend Lineage,,Model,543144420,,Mounting Type,Grooved,,Color,Island Mist,,,,,,,,,,,,,,,,,,,,,,,,,,,,,,,,,,,,,,,,,,,,,,,,,,,,,,,,,,,,,,,,,,,,,,,,,,,,,,,,,,,,,,,,,,,,,,,,,,,,,,,,,,,,,,,,,,,,,,,,,,,,,,,,,,,,,,,,,,,,,,,30103600,,,,,,,,,,,,,,,,,,,,,,,,,,,,,,,,,,,,,,,,,,,
,,,,,,,Building Materials,Decking & Railing,Deck Boards,,543143412,1nx6-12' Jasper Grooved - Trex Transcend Lineage Decking,TREX,-- No Unilog Brand --,-- No DIB Brand --,U S Lumber (3073),"Trex Company, Inc.",Trex®,,543143412,,Building Materials>Decking & Railing>Deck Boards,"Trex Company, Inc. Trex, Transcend Lineage, 543143412, Composite Deck Board",CMPS DECK BRD GROO,"Trex® Transcend Lineage 543143412 Composite Deck Board, Grooved Mounting, Jasper","The Trex® Transcend Lineage Composite Deck Board is designed for commercial and industrial applications, finished in Jasper, featuring Grooved mounting.","Transcend Lineage Composite Deck Board, Grooved Mounting, Jasper",{},Finish: Jasper,,,,,,,,,,,,,,,,,,,,,,,,,Composite Deck Board,Series,Transcend Lineage,,Model,543143412,,Mounting Type,Grooved,,Color,Jasper,,,,,,,,,,,,,,,,,,,,,,,,,,,,,,,,,,,,,,,,,,,,,,,,,,,,,,,,,,,,,,,,,,,,,,,,,,,,,,,,,,,,,,,,,,,,,,,,,,,,,,,,,,,,,,,,,,,,,,,,,,,,,,,,,,,,,,,,,,,,,,,30103600,,,,,,,,,,,,,,,,,,,,,,,,,,,,,,,,,,,,,,,,,,,
,,,,,,,Building Materials,Decking & Railing,Deck Boards,,543143416,1nx6-16' Jasper Grooved - Trex Transcend Lineage Decking,TREX,-- No Unilog Brand --,-- No DIB Brand --,U S Lumber (3073),"Trex Company, Inc.",Trex®,,543143416,,Building Materials>Decking & Railing>Deck Boards,"Trex Company, Inc. Trex, Transcend Lineage, 543143416, Composite Deck Board",CMPS DECK BRD GROO,"Trex® Transcend Lineage 543143416 Composite Deck Board, Grooved Mounting, Jasper","The Trex® Transcend Lineage Composite Deck Board is designed for commercial and industrial applications, finished in Jasper, featuring Grooved mounting.","Transcend Lineage Composite Deck Board, Grooved Mounting, Jasper",{},Finish: Jasper,,,,,,,,,,,,,,,,,,,,,,,,,Composite Deck Board,Series,Transcend Lineage,,Model,543143416,,Mounting Type,Grooved,,Color,Jasper,,,,,,,,,,,,,,,,,,,,,,,,,,,,,,,,,,,,,,,,,,,,,,,,,,,,,,,,,,,,,,,,,,,,,,,,,,,,,,,,,,,,,,,,,,,,,,,,,,,,,,,,,,,,,,,,,,,,,,,,,,,,,,,,,,,,,,,,,,,,,,,30103600,,,,,,,,,,,,,,,,,,,,,,,,,,,,,,,,,,,,,,,,,,,
,,,,,,,Building Materials,Decking & Railing,Deck Boards,,543143420,1nx6-20' Jasper Grooved - Trex Transcend Lineage Decking,TREX,-- No Unilog Brand --,-- No DIB Brand --,U S Lumber (3073),"Trex Company, Inc.",Trex®,,543143420,,Building Materials>Decking & Railing>Deck Boards,"Trex Company, Inc. Trex, Transcend Lineage, 543143420, Composite Deck Board",CMPS DECK BRD GROO,"Trex® Transcend Lineage 543143420 Composite Deck Board, Grooved Mounting, Jasper","The Trex® Transcend Lineage Composite Deck Board is designed for commercial and industrial applications, finished in Jasper, featuring Grooved mounting.","Transcend Lineage Composite Deck Board, Grooved Mounting, Jasper",{},Finish: Jasper,,,,,,,,,,,,,,,,,,,,,,,,,Composite Deck Board,Series,Transcend Lineage,,Model,543143420,,Mounting Type,Grooved,,Color,Jasper,,,,,,,,,,,,,,,,,,,,,,,,,,,,,,,,,,,,,,,,,,,,,,,,,,,,,,,,,,,,,,,,,,,,,,,,,,,,,,,,,,,,,,,,,,,,,,,,,,,,,,,,,,,,,,,,,,,,,,,,,,,,,,,,,,,,,,,,,,,,,,,30103600,,,,,,,,,,,,,,,,,,,,,,,,,,,,,,,,,,,,,,,,,,,
,,,,,,,Building Materials,Decking & Railing,Deck Boards,,543141412,1nx6-12' Rainier Grooved - Trex Transcend Lineage Decking,TREX,-- No Unilog Brand --,-- No DIB Brand --,U S Lumber (3073),"Trex Company, Inc.",Trex®,,543141412,,Building Materials>Decking & Railing>Deck Boards,"Trex Company, Inc. Trex, Transcend Lineage, 543141412, Composite Deck Board",CMPS DECK BRD GROO,"Trex® Transcend Lineage 543141412 Composite Deck Board, Grooved Mounting, Rainier","The Trex® Transcend Lineage Composite Deck Board is designed for commercial and industrial applications, finished in Rainier, featuring Grooved mounting.","Transcend Lineage Composite Deck Board, Grooved Mounting, Rainier",{},Finish: Rainier,,,,,,,,,,,,,,,,,,,,,,,,,Composite Deck Board,Series,Transcend Lineage,,Model,543141412,,Mounting Type,Grooved,,Color,Rainier,,,,,,,,,,,,,,,,,,,,,,,,,,,,,,,,,,,,,,,,,,,,,,,,,,,,,,,,,,,,,,,,,,,,,,,,,,,,,,,,,,,,,,,,,,,,,,,,,,,,,,,,,,,,,,,,,,,,,,,,,,,,,,,,,,,,,,,,,,,,,,,30103600,,,,,,,,,,,,,,,,,,,,,,,,,,,,,,,,,,,,,,,,,,,
,,,,,,,Building Materials,Decking & Railing,Deck Boards,,543141416,1nx6-16' Rainier Grooved - Trex Transcend Lineage Decking,TREX,-- No Unilog Brand --,-- No DIB Brand --,U S Lumber (3073),"Trex Company, Inc.",Trex®,,543141416,,Building Materials>Decking & Railing>Deck Boards,"Trex Company, Inc. Trex, Transcend Lineage, 543141416, Composite Deck Board",CMPS DECK BRD GROO,"Trex® Transcend Lineage 543141416 Composite Deck Board, Grooved Mounting, Rainier","The Trex® Transcend Lineage Composite Deck Board is designed for commercial and industrial applications, finished in Rainier, featuring Grooved mounting.","Transcend Lineage Composite Deck Board, Grooved Mounting, Rainier",{},Finish: Rainier,,,,,,,,,,,,,,,,,,,,,,,,,Composite Deck Board,Series,Transcend Lineage,,Model,543141416,,Mounting Type,Grooved,,Color,Rainier,,,,,,,,,,,,,,,,,,,,,,,,,,,,,,,,,,,,,,,,,,,,,,,,,,,,,,,,,,,,,,,,,,,,,,,,,,,,,,,,,,,,,,,,,,,,,,,,,,,,,,,,,,,,,,,,,,,,,,,,,,,,,,,,,,,,,,,,,,,,,,,30103600,,,,,,,,,,,,,,,,,,,,,,,,,,,,,,,,,,,,,,,,,,,
,,,,,,,Building Materials,Decking & Railing,Deck Boards,,543141420,1nx6-20' Rainier Grooved - Trex Transcend Lineage Decking,TREX,-- No Unilog Brand --,-- No DIB Brand --,U S Lumber (3073),"Trex Company, Inc.",Trex®,,543141420,,Building Materials>Decking & Railing>Deck Boards,"Trex Company, Inc. Trex, Transcend Lineage, 543141420, Composite Deck Board",CMPS DECK BRD GROO,"Trex® Transcend Lineage 543141420 Composite Deck Board, Grooved Mounting, Rainier","The Trex® Transcend Lineage Composite Deck Board is designed for commercial and industrial applications, finished in Rainier, featuring Grooved mounting.","Transcend Lineage Composite Deck Board, Grooved Mounting, Rainier",{},Finish: Rainier,,,,,,,,,,,,,,,,,,,,,,,,,Composite Deck Board,Series,Transcend Lineage,,Model,543141420,,Mounting Type,Grooved,,Color,Rainier,,,,,,,,,,,,,,,,,,,,,,,,,,,,,,,,,,,,,,,,,,,,,,,,,,,,,,,,,,,,,,,,,,,,,,,,,,,,,,,,,,,,,,,,,,,,,,,,,,,,,,,,,,,,,,,,,,,,,,,,,,,,,,,,,,,,,,,,,,,,,,,30103600,,,,,,,,,,,,,,,,,,,,,,,,,,,,,,,,,,,,,,,,,,,
,,,,,,,Building Materials,Decking & Railing,Deck Boards,,1513703,1nx6-16' Hatteras Sq Edge - Trex Transcend Lineage Decking,TREX,-- No Unilog Brand --,-- No DIB Brand --,Boise Cascade Building Materials (BOICA),"Trex Company, Inc.",Trex®,,1513703,,Building Materials>Decking & Railing>Deck Boards,"Trex Company, Inc. Trex, Transcend Lineage, 1513703, Composite Deck Board",CMPS DECK BRD SQUA,"Trex® Transcend Lineage 1513703 Composite Deck Board, Square Edge Mounting, Hatteras","The Trex® Transcend Lineage Composite Deck Board is designed for commercial and industrial applications, finished in Hatteras, featuring Square Edge mounting.","Transcend Lineage Composite Deck Board, Square Edge Mounting, Hatteras",{},Finish: Hatteras,,,,,,,,,,,,,,,,,,,,,,,,,Composite Deck Board,Series,Transcend Lineage,,Model,1513703,,Mounting Type,Square Edge,,Color,Hatteras,,,,,,,,,,,,,,,,,,,,,,,,,,,,,,,,,,,,,,,,,,,,,,,,,,,,,,,,,,,,,,,,,,,,,,,,,,,,,,,,,,,,,,,,,,,,,,,,,,,,,,,,,,,,,,,,,,,,,,,,,,,,,,,,,,,,,,,,,,,,,,,30103600,,,,,,,,,,,,,,,,,,,,,,,,,,,,,,,,,,,,,,,,,,,
,,,,,,,Building Materials,Decking & Railing,Deck Boards,,1513704,1nx6-20' Hatteras Sq Edge - Trex Transcend Lineage Decking,TREX,-- No Unilog Brand --,-- No DIB Brand --,Boise Cascade Building Materials (BOICA),"Trex Company, Inc.",Trex®,,1513704,,Building Materials>Decking & Railing>Deck Boards,"Trex Company, Inc. Trex, Transcend Lineage, 1513704, Composite Deck Board",CMPS DECK BRD SQUA,"Trex® Transcend Lineage 1513704 Composite Deck Board, Square Edge Mounting, Hatteras","The Trex® Transcend Lineage Composite Deck Board is designed for commercial and industrial applications, finished in Hatteras, featuring Square Edge mounting.","Transcend Lineage Composite Deck Board, Square Edge Mounting, Hatteras",{},Finish: Hatteras,,,,,,,,,,,,,,,,,,,,,,,,,Composite Deck Board,Series,Transcend Lineage,,Model,1513704,,Mounting Type,Square Edge,,Color,Hatteras,,,,,,,,,,,,,,,,,,,,,,,,,,,,,,,,,,,,,,,,,,,,,,,,,,,,,,,,,,,,,,,,,,,,,,,,,,,,,,,,,,,,,,,,,,,,,,,,,,,,,,,,,,,,,,,,,,,,,,,,,,,,,,,,,,,,,,,,,,,,,,,30103600,,,,,,,,,,,,,,,,,,,,,,,,,,,,,,,,,,,,,,,,,,,
,,,,,,,Building Materials,Decking & Railing,Deck Boards,,1513705,1nx6-12' Hatteras Grooved - Trex Transcend Lineage Decking,TREX,-- No Unilog Brand --,-- No DIB Brand --,Boise Cascade Building Materials (BOICA),"Trex Company, Inc.",Trex®,,1513705,,Building Materials>Decking & Railing>Deck Boards,"Trex Company, Inc. Trex, Transcend Lineage, 1513705, Composite Deck Board",CMPS DECK BRD GROO,"Trex® Transcend Lineage 1513705 Composite Deck Board, Grooved Mounting, Hatteras","The Trex® Transcend Lineage Composite Deck Board is designed for commercial and industrial applications, finished in Hatteras, featuring Grooved mounting.","Transcend Lineage Composite Deck Board, Grooved Mounting, Hatteras",{},Finish: Hatteras,,,,,,,,,,,,,,,,,,,,,,,,,Composite Deck Board,Series,Transcend Lineage,,Model,1513705,,Mounting Type,Grooved,,Color,Hatteras,,,,,,,,,,,,,,,,,,,,,,,,,,,,,,,,,,,,,,,,,,,,,,,,,,,,,,,,,,,,,,,,,,,,,,,,,,,,,,,,,,,,,,,,,,,,,,,,,,,,,,,,,,,,,,,,,,,,,,,,,,,,,,,,,,,,,,,,,,,,,,,30103600,,,,,,,,,,,,,,,,,,,,,,,,,,,,,,,,,,,,,,,,,,,
,,,,,,,Building Materials,Decking & Railing,Deck Boards,,1513706,1nx6-16' Hatteras Grooved - Trex Transcend Lineage Decking,TREX,-- No Unilog Brand --,-- No DIB Brand --,Boise Cascade Building Materials (BOICA),"Trex Company, Inc.",Trex®,,1513706,,Building Materials>Decking & Railing>Deck Boards,"Trex Company, Inc. Trex, Transcend Lineage, 1513706, Composite Deck Board",CMPS DECK BRD GROO,"Trex® Transcend Lineage 1513706 Composite Deck Board, Grooved Mounting, Hatteras","The Trex® Transcend Lineage Composite Deck Board is designed for commercial and industrial applications, finished in Hatteras, featuring Grooved mounting.","Transcend Lineage Composite Deck Board, Grooved Mounting, Hatteras",{},Finish: Hatteras,,,,,,,,,,,,,,,,,,,,,,,,,Composite Deck Board,Series,Transcend Lineage,,Model,1513706,,Mounting Type,Grooved,,Color,Hatteras,,,,,,,,,,,,,,,,,,,,,,,,,,,,,,,,,,,,,,,,,,,,,,,,,,,,,,,,,,,,,,,,,,,,,,,,,,,,,,,,,,,,,,,,,,,,,,,,,,,,,,,,,,,,,,,,,,,,,,,,,,,,,,,,,,,,,,,,,,,,,,,30103600,,,,,,,,,,,,,,,,,,,,,,,,,,,,,,,,,,,,,,,,,,,
,,,,,,,Building Materials,Decking & Railing,Deck Boards,,1513707,1nx6-20' Hatteras Grooved - Trex Transcend Lineage Decking,TREX,-- No Unilog Brand --,-- No DIB Brand --,Boise Cascade Building Materials (BOICA),"Trex Company, Inc.",Trex®,,1513707,,Building Materials>Decking & Railing>Deck Boards,"Trex Company, Inc. Trex, Transcend Lineage, 1513707, Composite Deck Board",CMPS DECK BRD GROO,"Trex® Transcend Lineage 1513707 Composite Deck Board, Grooved Mounting, Hatteras","The Trex® Transcend Lineage Composite Deck Board is designed for commercial and industrial applications, finished in Hatteras, featuring Grooved mounting.","Transcend Lineage Composite Deck Board, Grooved Mounting, Hatteras",{},Finish: Hatteras,,,,,,,,,,,,,,,,,,,,,,,,,Composite Deck Board,Series,Transcend Lineage,,Model,1513707,,Mounting Type,Grooved,,Color,Hatteras,,,,,,,,,,,,,,,,,,,,,,,,,,,,,,,,,,,,,,,,,,,,,,,,,,,,,,,,,,,,,,,,,,,,,,,,,,,,,,,,,,,,,,,,,,,,,,,,,,,,,,,,,,,,,,,,,,,,,,,,,,,,,,,,,,,,,,,,,,,,,,,30103600,,,,,,,,,,,,,,,,,,,,,,,,,,,,,,,,,,,,,,,,,,,
,,,,,,,Building Materials,Decking & Railing,Deck Boards,,1513708,1nx6-16' Salt Flat Sq Edge - Trex Transcend Lineage Decking,TREX,-- No Unilog Brand --,-- No DIB Brand --,Boise Cascade Building Materials (BOICA),"Trex Company, Inc.",Trex®,,1513708,,Building Materials>Decking & Railing>Deck Boards,"Trex Company, Inc. Trex, Transcend Lineage, 1513708, Composite Deck Board",CMPS DECK BRD SQUA,"Trex® Transcend Lineage 1513708 Composite Deck Board, Square Edge Mounting, Salt Flat","The Trex® Transcend Lineage Composite Deck Board is designed for commercial and industrial applications, finished in Salt Flat, featuring Square Edge mounting.","Transcend Lineage Composite Deck Board, Square Edge Mounting, Salt Flat",{},Finish: Salt Flat,,,,,,,,,,,,,,,,,,,,,,,,,Composite Deck Board,Series,Transcend Lineage,,Model,1513708,,Mounting Type,Square Edge,,Color,Salt Flat,,,,,,,,,,,,,,,,,,,,,,,,,,,,,,,,,,,,,,,,,,,,,,,,,,,,,,,,,,,,,,,,,,,,,,,,,,,,,,,,,,,,,,,,,,,,,,,,,,,,,,,,,,,,,,,,,,,,,,,,,,,,,,,,,,,,,,,,,,,,,,,30103600,,,,,,,,,,,,,,,,,,,,,,,,,,,,,,,,,,,,,,,,,,,
,,,,,,,Building Materials,Decking & Railing,Deck Boards,,1513709,1nx6-20' Salt Flat Sq Edge - Trex Transcend Lineage Decking,TREX,-- No Unilog Brand --,-- No DIB Brand --,Boise Cascade Building Materials (BOICA),"Trex Company, Inc.",Trex®,,1513709,,Building Materials>Decking & Railing>Deck Boards,"Trex Company, Inc. Trex, Transcend Lineage, 1513709, Composite Deck Board",CMPS DECK BRD SQUA,"Trex® Transcend Lineage 1513709 Composite Deck Board, Square Edge Mounting, Salt Flat","The Trex® Transcend Lineage Composite Deck Board is designed for commercial and industrial applications, finished in Salt Flat, featuring Square Edge mounting.","Transcend Lineage Composite Deck Board, Square Edge Mounting, Salt Flat",{},Finish: Salt Flat,,,,,,,,,,,,,,,,,,,,,,,,,Composite Deck Board,Series,Transcend Lineage,,Model,1513709,,Mounting Type,Square Edge,,Color,Salt Flat,,,,,,,,,,,,,,,,,,,,,,,,,,,,,,,,,,,,,,,,,,,,,,,,,,,,,,,,,,,,,,,,,,,,,,,,,,,,,,,,,,,,,,,,,,,,,,,,,,,,,,,,,,,,,,,,,,,,,,,,,,,,,,,,,,,,,,,,,,,,,,,30103600,,,,,,,,,,,,,,,,,,,,,,,,,,,,,,,,,,,,,,,,,,,
,,,,,,,Building Materials,Decking & Railing,Deck Boards,,1513710,1nx6-12' Salt Flat Grooved - Trex Transcend Lineage Decking,TREX,-- No Unilog Brand --,-- No DIB Brand --,Boise Cascade Building Materials (BOICA),"Trex Company, Inc.",Trex®,,1513710,,Building Materials>Decking & Railing>Deck Boards,"Trex Company, Inc. Trex, Transcend Lineage, 1513710, Composite Deck Board",CMPS DECK BRD GROO,"Trex® Transcend Lineage 1513710 Composite Deck Board, Grooved Mounting, Salt Flat","The Trex® Transcend Lineage Composite Deck Board is designed for commercial and industrial applications, finished in Salt Flat, featuring Grooved mounting.","Transcend Lineage Composite Deck Board, Grooved Mounting, Salt Flat",{},Finish: Salt Flat,,,,,,,,,,,,,,,,,,,,,,,,,Composite Deck Board,Series,Transcend Lineage,,Model,1513710,,Mounting Type,Grooved,,Color,Salt Flat,,,,,,,,,,,,,,,,,,,,,,,,,,,,,,,,,,,,,,,,,,,,,,,,,,,,,,,,,,,,,,,,,,,,,,,,,,,,,,,,,,,,,,,,,,,,,,,,,,,,,,,,,,,,,,,,,,,,,,,,,,,,,,,,,,,,,,,,,,,,,,,30103600,,,,,,,,,,,,,,,,,,,,,,,,,,,,,,,,,,,,,,,,,,,
,,,,,,,Building Materials,Decking & Railing,Deck Boards,,1513711,1nx6-16' Salt Flat Grooved - Trex Transcend Lineage Decking,TREX,-- No Unilog Brand --,-- No DIB Brand --,Boise Cascade Building Materials (BOICA),"Trex Company, Inc.",Trex®,,1513711,,Building Materials>Decking & Railing>Deck Boards,"Trex Company, Inc. Trex, Transcend Lineage, 1513711, Composite Deck Board",CMPS DECK BRD GROO,"Trex® Transcend Lineage 1513711 Composite Deck Board, Grooved Mounting, Salt Flat","The Trex® Transcend Lineage Composite Deck Board is designed for commercial and industrial applications, finished in Salt Flat, featuring Grooved mounting.","Transcend Lineage Composite Deck Board, Grooved Mounting, Salt Flat",{},Finish: Salt Flat,,,,,,,,,,,,,,,,,,,,,,,,,Composite Deck Board,Series,Transcend Lineage,,Model,1513711,,Mounting Type,Grooved,,Color,Salt Flat,,,,,,,,,,,,,,,,,,,,,,,,,,,,,,,,,,,,,,,,,,,,,,,,,,,,,,,,,,,,,,,,,,,,,,,,,,,,,,,,,,,,,,,,,,,,,,,,,,,,,,,,,,,,,,,,,,,,,,,,,,,,,,,,,,,,,,,,,,,,,,,30103600,,,,,,,,,,,,,,,,,,,,,,,,,,,,,,,,,,,,,,,,,,,
,,,,,,,Building Materials,Decking & Railing,Deck Boards,,1513712,1nx6-20' Salt Flat Grooved - Trex Transcend Lineage Decking,TREX,-- No Unilog Brand --,-- No DIB Brand --,Boise Cascade Building Materials (BOICA),"Trex Company, Inc.",Trex®,,1513712,,Building Materials>Decking & Railing>Deck Boards,"Trex Company, Inc. Trex, Transcend Lineage, 1513712, Composite Deck Board",CMPS DECK BRD GROO,"Trex® Transcend Lineage 1513712 Composite Deck Board, Grooved Mounting, Salt Flat","The Trex® Transcend Lineage Composite Deck Board is designed for commercial and industrial applications, finished in Salt Flat, featuring Grooved mounting.","Transcend Lineage Composite Deck Board, Grooved Mounting, Salt Flat",{},Finish: Salt Flat,,,,,,,,,,,,,,,,,,,,,,,,,Composite Deck Board,Series,Transcend Lineage,,Model,1513712,,Mounting Type,Grooved,,Color,Salt Flat,,,,,,,,,,,,,,,,,,,,,,,,,,,,,,,,,,,,,,,,,,,,,,,,,,,,,,,,,,,,,,,,,,,,,,,,,,,,,,,,,,,,,,,,,,,,,,,,,,,,,,,,,,,,,,,,,,,,,,,,,,,,,,,,,,,,,,,,,,,,,,,30103600,,,,,,,,,,,,,,,,,,,,,,,,,,,,,,,,,,,,,,,,,,,
,,,,,,,Building Materials,Decking & Railing,Deck Boards,,1513717,1nx6-16' Honey Grove Sq Edge - Trex Enhance Naturals Decking,TREX,-- No Unilog Brand --,-- No DIB Brand --,Boise Cascade Building Materials (BOICA),"Trex Company, Inc.",Trex®,,1513717,,Building Materials>Decking & Railing>Deck Boards,"Trex Company, Inc. Trex, Enhance Naturals, 1513717, Composite Deck Board",CMPS DECK BRD SQUA,"Trex® Enhance Naturals 1513717 Composite Deck Board, Square Edge Mounting, Honey Grove","The Trex® Enhance Naturals Composite Deck Board is designed for commercial and industrial applications, finished in Honey Grove, featuring Square Edge mounting.","Enhance Naturals Composite Deck Board, Square Edge Mounting, Honey Grove",{},Finish: Honey Grove,,,,,,,,,,,,,,,,,,,,,,,,,Composite Deck Board,Series,Enhance Naturals,,Model,1513717,,Mounting Type,Square Edge,,Color,Honey Grove,,,,,,,,,,,,,,,,,,,,,,,,,,,,,,,,,,,,,,,,,,,,,,,,,,,,,,,,,,,,,,,,,,,,,,,,,,,,,,,,,,,,,,,,,,,,,,,,,,,,,,,,,,,,,,,,,,,,,,,,,,,,,,,,,,,,,,,,,,,,,,,30103600,,,,,,,,,,,,,,,,,,,,,,,,,,,,,,,,,,,,,,,,,,,
,,,,,,,Building Materials,Decking & Railing,Deck Boards,,1513718,1nx6-20' Honey Grove Sq Edge - Trex Enhance Naturals Decking,TREX,-- No Unilog Brand --,-- No DIB Brand --,Boise Cascade Building Materials (BOICA),"Trex Company, Inc.",Trex®,,1513718,,Building Materials>Decking & Railing>Deck Boards,"Trex Company, Inc. Trex, Enhance Naturals, 1513718, Composite Deck Board",CMPS DECK BRD SQUA,"Trex® Enhance Naturals 1513718 Composite Deck Board, Square Edge Mounting, Honey Grove","The Trex® Enhance Naturals Composite Deck Board is designed for commercial and industrial applications, finished in Honey Grove, featuring Square Edge mounting.","Enhance Naturals Composite Deck Board, Square Edge Mounting, Honey Grove",{},Finish: Honey Grove,,,,,,,,,,,,,,,,,,,,,,,,,Composite Deck Board,Series,Enhance Naturals,,Model,1513718,,Mounting Type,Square Edge,,Color,Honey Grove,,,,,,,,,,,,,,,,,,,,,,,,,,,,,,,,,,,,,,,,,,,,,,,,,,,,,,,,,,,,,,,,,,,,,,,,,,,,,,,,,,,,,,,,,,,,,,,,,,,,,,,,,,,,,,,,,,,,,,,,,,,,,,,,,,,,,,,,,,,,,,,30103600,,,,,,,,,,,,,,,,,,,,,,,,,,,,,,,,,,,,,,,,,,,
,,,,,,,Building Materials,Decking & Railing,Deck Boards,,1513719,1nx6-12' Honey Grove Grooved - Trex Enhance Naturals Decking,TREX,-- No Unilog Brand --,-- No DIB Brand --,Boise Cascade Building Materials (BOICA),"Trex Company, Inc.",Trex®,,1513719,,Building Materials>Decking & Railing>Deck Boards,"Trex Company, Inc. Trex, Enhance Naturals, 1513719, Composite Deck Board",CMPS DECK BRD GROO,"Trex® Enhance Naturals 1513719 Composite Deck Board, Grooved Mounting, Honey Grove","The Trex® Enhance Naturals Composite Deck Board is designed for commercial and industrial applications, finished in Honey Grove, featuring Grooved mounting.","Enhance Naturals Composite Deck Board, Grooved Mounting, Honey Grove",{},Finish: Honey Grove,,,,,,,,,,,,,,,,,,,,,,,,,Composite Deck Board,Series,Enhance Naturals,,Model,1513719,,Mounting Type,Grooved,,Color,Honey Grove,,,,,,,,,,,,,,,,,,,,,,,,,,,,,,,,,,,,,,,,,,,,,,,,,,,,,,,,,,,,,,,,,,,,,,,,,,,,,,,,,,,,,,,,,,,,,,,,,,,,,,,,,,,,,,,,,,,,,,,,,,,,,,,,,,,,,,,,,,,,,,,30103600,,,,,,,,,,,,,,,,,,,,,,,,,,,,,,,,,,,,,,,,,,,
,,,,,,,Building Materials,Decking & Railing,Deck Boards,,1513720,1nx6-16' Honey Grove Grooved - Trex Enhance Naturals Decking,TREX,-- No Unilog Brand --,-- No DIB Brand --,Boise Cascade Building Materials (BOICA),"Trex Company, Inc.",Trex®,,1513720,,Building Materials>Decking & Railing>Deck Boards,"Trex Company, Inc. Trex, Enhance Naturals, 1513720, Composite Deck Board",CMPS DECK BRD GROO,"Trex® Enhance Naturals 1513720 Composite Deck Board, Grooved Mounting, Honey Grove","The Trex® Enhance Naturals Composite Deck Board is designed for commercial and industrial applications, finished in Honey Grove, featuring Grooved mounting.","Enhance Naturals Composite Deck Board, Grooved Mounting, Honey Grove",{},Finish: Honey Grove,,,,,,,,,,,,,,,,,,,,,,,,,Composite Deck Board,Series,Enhance Naturals,,Model,1513720,,Mounting Type,Grooved,,Color,Honey Grove,,,,,,,,,,,,,,,,,,,,,,,,,,,,,,,,,,,,,,,,,,,,,,,,,,,,,,,,,,,,,,,,,,,,,,,,,,,,,,,,,,,,,,,,,,,,,,,,,,,,,,,,,,,,,,,,,,,,,,,,,,,,,,,,,,,,,,,,,,,,,,,30103600,,,,,,,,,,,,,,,,,,,,,,,,,,,,,,,,,,,,,,,,,,,
,,,,,,,Building Materials,Decking & Railing,Deck Boards,,1513721,1nx6-20' Honey Grove Grooved - Trex Enhance Naturals Decking,TREX,-- No Unilog Brand --,-- No DIB Brand --,Boise Cascade Building Materials (BOICA),"Trex Company, Inc.",Trex®,,1513721,,Building Materials>Decking & Railing>Deck Boards,"Trex Company, Inc. Trex, Enhance Naturals, 1513721, Composite Deck Board",CMPS DECK BRD GROO,"Trex® Enhance Naturals 1513721 Composite Deck Board, Grooved Mounting, Honey Grove","The Trex® Enhance Naturals Composite Deck Board is designed for commercial and industrial applications, finished in Honey Grove, featuring Grooved mounting.","Enhance Naturals Composite Deck Board, Grooved Mounting, Honey Grove",{},Finish: Honey Grove,,,,,,,,,,,,,,,,,,,,,,,,,Composite Deck Board,Series,Enhance Naturals,,Model,1513721,,Mounting Type,Grooved,,Color,Honey Grove,,,,,,,,,,,,,,,,,,,,,,,,,,,,,,,,,,,,,,,,,,,,,,,,,,,,,,,,,,,,,,,,,,,,,,,,,,,,,,,,,,,,,,,,,,,,,,,,,,,,,,,,,,,,,,,,,,,,,,,,,,,,,,,,,,,,,,,,,,,,,,,30103600,,,,,,,,,,,,,,,,,,,,,,,,,,,,,,,,,,,,,,,,,,,
,,,,,,,Building Materials,Decking & Railing,Deck Boards,,1513724,1nx6-16' Tide Pool Sq Edge - Trex Enhance Basics Decking,TREX,-- No Unilog Brand --,-- No DIB Brand --,Boise Cascade Building Materials (BOICA),"Trex Company, Inc.",Trex®,,1513724,,Building Materials>Decking & Railing>Deck Boards,"Trex Company, Inc. Trex, Enhance Basics, 1513724, Composite Deck Board",CMPS DECK BRD SQUA,"Trex® Enhance Basics 1513724 Composite Deck Board, Square Edge Mounting, Tide Pool","The Trex® Enhance Basics Composite Deck Board is designed for commercial and industrial applications, finished in Tide Pool, featuring Square Edge mounting.","Enhance Basics Composite Deck Board, Square Edge Mounting, Tide Pool",{},Finish: Tide Pool,,,,,,,,,,,,,,,,,,,,,,,,,Composite Deck Board,Series,Enhance Basics,,Model,1513724,,Mounting Type,Square Edge,,Color,Tide Pool,,,,,,,,,,,,,,,,,,,,,,,,,,,,,,,,,,,,,,,,,,,,,,,,,,,,,,,,,,,,,,,,,,,,,,,,,,,,,,,,,,,,,,,,,,,,,,,,,,,,,,,,,,,,,,,,,,,,,,,,,,,,,,,,,,,,,,,,,,,,,,,30103600,,,,,,,,,,,,,,,,,,,,,,,,,,,,,,,,,,,,,,,,,,,
,,,,,,,Building Materials,Decking & Railing,Deck Boards,,1513725,1nx6-20' Tide Pool Sq Edge - Trex Enhance Basics Decking,TREX,-- No Unilog Brand --,-- No DIB Brand --,Boise Cascade Building Materials (BOICA),"Trex Company, Inc.",Trex®,,1513725,,Building Materials>Decking & Railing>Deck Boards,"Trex Company, Inc. Trex, Enhance Basics, 1513725, Composite Deck Board",CMPS DECK BRD SQUA,"Trex® Enhance Basics 1513725 Composite Deck Board, Square Edge Mounting, Tide Pool","The Trex® Enhance Basics Composite Deck Board is designed for commercial and industrial applications, finished in Tide Pool, featuring Square Edge mounting.","Enhance Basics Composite Deck Board, Square Edge Mounting, Tide Pool",{},Finish: Tide Pool,,,,,,,,,,,,,,,,,,,,,,,,,Composite Deck Board,Series,Enhance Basics,,Model,1513725,,Mounting Type,Square Edge,,Color,Tide Pool,,,,,,,,,,,,,,,,,,,,,,,,,,,,,,,,,,,,,,,,,,,,,,,,,,,,,,,,,,,,,,,,,,,,,,,,,,,,,,,,,,,,,,,,,,,,,,,,,,,,,,,,,,,,,,,,,,,,,,,,,,,,,,,,,,,,,,,,,,,,,,,30103600,,,,,,,,,,,,,,,,,,,,,,,,,,,,,,,,,,,,,,,,,,,
,,,,,,,Building Materials,Decking & Railing,Deck Boards,,1513726,1nx6-12' Tide Pool Grooved - Trex Enhance Basics Decking,TREX,-- No Unilog Brand --,-- No DIB Brand --,Boise Cascade Building Materials (BOICA),"Trex Company, Inc.",Trex®,,1513726,,Building Materials>Decking & Railing>Deck Boards,"Trex Company, Inc. Trex, Enhance Basics, 1513726, Composite Deck Board",CMPS DECK BRD GROO,"Trex® Enhance Basics 1513726 Composite Deck Board, Grooved Mounting, Tide Pool","The Trex® Enhance Basics Composite Deck Board is designed for commercial and industrial applications, finished in Tide Pool, featuring Grooved mounting.","Enhance Basics Composite Deck Board, Grooved Mounting, Tide Pool",{},Finish: Tide Pool,,,,,,,,,,,,,,,,,,,,,,,,,Composite Deck Board,Series,Enhance Basics,,Model,1513726,,Mounting Type,Grooved,,Color,Tide Pool,,,,,,,,,,,,,,,,,,,,,,,,,,,,,,,,,,,,,,,,,,,,,,,,,,,,,,,,,,,,,,,,,,,,,,,,,,,,,,,,,,,,,,,,,,,,,,,,,,,,,,,,,,,,,,,,,,,,,,,,,,,,,,,,,,,,,,,,,,,,,,,30103600,,,,,,,,,,,,,,,,,,,,,,,,,,,,,,,,,,,,,,,,,,,
,,,,,,,Building Materials,Decking & Railing,Deck Boards,,1513727,1nx6-16' Tide Pool Grooved - Trex Enhance Basics Decking,TREX,-- No Unilog Brand --,-- No DIB Brand --,Boise Cascade Building Materials (BOICA),"Trex Company, Inc.",Trex®,,1513727,,Building Materials>Decking & Railing>Deck Boards,"Trex Company, Inc. Trex, Enhance Basics, 1513727, Composite Deck Board",CMPS DECK BRD GROO,"Trex® Enhance Basics 1513727 Composite Deck Board, Grooved Mounting, Tide Pool","The Trex® Enhance Basics Composite Deck Board is designed for commercial and industrial applications, finished in Tide Pool, featuring Grooved mounting.","Enhance Basics Composite Deck Board, Grooved Mounting, Tide Pool",{},Finish: Tide Pool,,,,,,,,,,,,,,,,,,,,,,,,,Composite Deck Board,Series,Enhance Basics,,Model,1513727,,Mounting Type,Grooved,,Color,Tide Pool,,,,,,,,,,,,,,,,,,,,,,,,,,,,,,,,,,,,,,,,,,,,,,,,,,,,,,,,,,,,,,,,,,,,,,,,,,,,,,,,,,,,,,,,,,,,,,,,,,,,,,,,,,,,,,,,,,,,,,,,,,,,,,,,,,,,,,,,,,,,,,,30103600,,,,,,,,,,,,,,,,,,,,,,,,,,,,,,,,,,,,,,,,,,,
,,,,,,,Building Materials,Decking & Railing,Deck Boards,,1513728,1nx6-20' Tide Pool Grooved - Trex Enhance Basics Decking,TREX,-- No Unilog Brand --,-- No DIB Brand --,Boise Cascade Building Materials (BOICA),"Trex Company, Inc.",Trex®,,1513728,,Building Materials>Decking & Railing>Deck Boards,"Trex Company, Inc. Trex, Enhance Basics, 1513728, Composite Deck Board",CMPS DECK BRD GROO,"Trex® Enhance Basics 1513728 Composite Deck Board, Grooved Mounting, Tide Pool","The Trex® Enhance Basics Composite Deck Board is designed for commercial and industrial applications, finished in Tide Pool, featuring Grooved mounting.","Enhance Basics Composite Deck Board, Grooved Mounting, Tide Pool",{},Finish: Tide Pool,,,,,,,,,,,,,,,,,,,,,,,,,Composite Deck Board,Series,Enhance Basics,,Model,1513728,,Mounting Type,Grooved,,Color,Tide Pool,,,,,,,,,,,,,,,,,,,,,,,,,,,,,,,,,,,,,,,,,,,,,,,,,,,,,,,,,,,,,,,,,,,,,,,,,,,,,,,,,,,,,,,,,,,,,,,,,,,,,,,,,,,,,,,,,,,,,,,,,,,,,,,,,,,,,,,,,,,,,,,30103600,,,,,,,,,,,,,,,,,,,,,,,,,,,,,,,,,,,,,,,,,,,
,,,,,,,Building Materials,Decking & Railing,Deck Boards,,543076016,1nx6-16' Cinnamon Cove Sq Edge - Trex Enhance Naturals Decking,TREX,-- No Unilog Brand --,-- No DIB Brand --,Boise Cascade Building Materials (BOICA),"Trex Company, Inc.",Trex®,,543076016,,Building Materials>Decking & Railing>Deck Boards,"Trex Company, Inc. Trex, Enhance Naturals, 543076016, Composite Deck Board",CMPS DECK BRD SQUA,"Trex® Enhance Naturals 543076016 Composite Deck Board, Square Edge Mounting, Cinnamon Cove","The Trex® Enhance Naturals Composite Deck Board is designed for commercial and industrial applications, finished in Cinnamon Cove, featuring Square Edge mounting.","Enhance Naturals Composite Deck Board, Square Edge Mounting, Cinnamon Cove",{},Finish: Cinnamon Cove,,,,,,,,,,,,,,,,,,,,,,,,,Composite Deck Board,Series,Enhance Naturals,,Model,543076016,,Mounting Type,Square Edge,,Color,Cinnamon Cove,,,,,,,,,,,,,,,,,,,,,,,,,,,,,,,,,,,,,,,,,,,,,,,,,,,,,,,,,,,,,,,,,,,,,,,,,,,,,,,,,,,,,,,,,,,,,,,,,,,,,,,,,,,,,,,,,,,,,,,,,,,,,,,,,,,,,,,,,,,,,,,30103600,,,,,,,,,,,,,,,,,,,,,,,,,,,,,,,,,,,,,,,,,,,
,,,,,,,Building Materials,Decking & Railing,Deck Boards,,543076020,1nx6-20' Cinnamon Cove Sq Edge - Trex Enhance Naturals Decking,TREX,-- No Unilog Brand --,-- No DIB Brand --,Boise Cascade Building Materials (BOICA),"Trex Company, Inc.",Trex®,,543076020,,Building Materials>Decking & Railing>Deck Boards,"Trex Company, Inc. Trex, Enhance Naturals, 543076020, Composite Deck Board",CMPS DECK BRD SQUA,"Trex® Enhance Naturals 543076020 Composite Deck Board, Square Edge Mounting, Cinnamon Cove","The Trex® Enhance Naturals Composite Deck Board is designed for commercial and industrial applications, finished in Cinnamon Cove, featuring Square Edge mounting.","Enhance Naturals Composite Deck Board, Square Edge Mounting, Cinnamon Cove",{},Finish: Cinnamon Cove,,,,,,,,,,,,,,,,,,,,,,,,,Composite Deck Board,Series,Enhance Naturals,,Model,543076020,,Mounting Type,Square Edge,,Color,Cinnamon Cove,,,,,,,,,,,,,,,,,,,,,,,,,,,,,,,,,,,,,,,,,,,,,,,,,,,,,,,,,,,,,,,,,,,,,,,,,,,,,,,,,,,,,,,,,,,,,,,,,,,,,,,,,,,,,,,,,,,,,,,,,,,,,,,,,,,,,,,,,,,,,,,30103600,,,,,,,,,,,,,,,,,,,,,,,,,,,,,,,,,,,,,,,,,,,
,,,,,,,Building Materials,Decking & Railing,Deck Boards,,543076412,1nx6-12' Cinnamon Cove Grooved - Trex Enhance Naturals Decking,TREX,-- No Unilog Brand --,-- No DIB Brand --,Boise Cascade Building Materials (BOICA),"Trex Company, Inc.",Trex®,,543076412,,Building Materials>Decking & Railing>Deck Boards,"Trex Company, Inc. Trex, Enhance Naturals, 543076412, Composite Deck Board",CMPS DECK BRD GROO,"Trex® Enhance Naturals 543076412 Composite Deck Board, Grooved Mounting, Cinnamon Cove","The Trex® Enhance Naturals Composite Deck Board is designed for commercial and industrial applications, finished in Cinnamon Cove, featuring Grooved mounting.","Enhance Naturals Composite Deck Board, Grooved Mounting, Cinnamon Cove",{},Finish: Cinnamon Cove,,,,,,,,,,,,,,,,,,,,,,,,,Composite Deck Board,Series,Enhance Naturals,,Model,543076412,,Mounting Type,Grooved,,Color,Cinnamon Cove,,,,,,,,,,,,,,,,,,,,,,,,,,,,,,,,,,,,,,,,,,,,,,,,,,,,,,,,,,,,,,,,,,,,,,,,,,,,,,,,,,,,,,,,,,,,,,,,,,,,,,,,,,,,,,,,,,,,,,,,,,,,,,,,,,,,,,,,,,,,,,,30103600,,,,,,,,,,,,,,,,,,,,,,,,,,,,,,,,,,,,,,,,,,,
,,,,,,,Building Materials,Decking & Railing,Deck Boards,,543076416,1nx6-16' Cinnamon Cove Grooved - Trex Enhance Naturals Decking,TREX,-- No Unilog Brand --,-- No DIB Brand --,Boise Cascade Building Materials (BOICA),"Trex Company, Inc.",Trex®,,543076416,,Building Materials>Decking & Railing>Deck Boards,"Trex Company, Inc. Trex, Enhance Naturals, 543076416, Composite Deck Board",CMPS DECK BRD GROO,"Trex® Enhance Naturals 543076416 Composite Deck Board, Grooved Mounting, Cinnamon Cove","The Trex® Enhance Naturals Composite Deck Board is designed for commercial and industrial applications, finished in Cinnamon Cove, featuring Grooved mounting.","Enhance Naturals Composite Deck Board, Grooved Mounting, Cinnamon Cove",{},Finish: Cinnamon Cove,,,,,,,,,,,,,,,,,,,,,,,,,Composite Deck Board,Series,Enhance Naturals,,Model,543076416,,Mounting Type,Grooved,,Color,Cinnamon Cove,,,,,,,,,,,,,,,,,,,,,,,,,,,,,,,,,,,,,,,,,,,,,,,,,,,,,,,,,,,,,,,,,,,,,,,,,,,,,,,,,,,,,,,,,,,,,,,,,,,,,,,,,,,,,,,,,,,,,,,,,,,,,,,,,,,,,,,,,,,,,,,30103600,,,,,,,,,,,,,,,,,,,,,,,,,,,,,,,,,,,,,,,,,,,
,,,,,,,Building Materials,Decking & Railing,Deck Boards,,543076420,1nx6-20' Cinnamon Cove Grooved - Trex Enhance Naturals Decking,TREX,-- No Unilog Brand --,-- No DIB Brand --,Boise Cascade Building Materials (BOICA),"Trex Company, Inc.",Trex®,,543076420,,Building Materials>Decking & Railing>Deck Boards,"Trex Company, Inc. Trex, Enhance Naturals, 543076420, Composite Deck Board",CMPS DECK BRD GROO,"Trex® Enhance Naturals 543076420 Composite Deck Board, Grooved Mounting, Cinnamon Cove","The Trex® Enhance Naturals Composite Deck Board is designed for commercial and industrial applications, finished in Cinnamon Cove, featuring Grooved mounting.","Enhance Naturals Composite Deck Board, Grooved Mounting, Cinnamon Cove",{},Finish: Cinnamon Cove,,,,,,,,,,,,,,,,,,,,,,,,,Composite Deck Board,Series,Enhance Naturals,,Model,543076420,,Mounting Type,Grooved,,Color,Cinnamon Cove,,,,,,,,,,,,,,,,,,,,,,,,,,,,,,,,,,,,,,,,,,,,,,,,,,,,,,,,,,,,,,,,,,,,,,,,,,,,,,,,,,,,,,,,,,,,,,,,,,,,,,,,,,,,,,,,,,,,,,,,,,,,,,,,,,,,,,,,,,,,,,,30103600,,,,,,,,,,,,,,,,,,,,,,,,,,,,,,,,,,,,,,,,,,,
,,,,,,,Building Materials,Decking & Railing,Deck Boards,,1516870,1nx6-16' Golden Hour Sq Edge - Trex Enhance Naturals Decking,TREX,-- No Unilog Brand --,-- No DIB Brand --,Boise Cascade Building Materials (BOICA),"Trex Company, Inc.",Trex®,,1516870,,Building Materials>Decking & Railing>Deck Boards,"Trex Company, Inc. Trex, Enhance Naturals, 1516870, Composite Deck Board",CMPS DECK BRD SQUA,"Trex® Enhance Naturals 1516870 Composite Deck Board, Square Edge Mounting, Golden Hour","The Trex® Enhance Naturals Composite Deck Board is designed for commercial and industrial applications, finished in Golden Hour, featuring Square Edge mounting.","Enhance Naturals Composite Deck Board, Square Edge Mounting, Golden Hour",{},Finish: Golden Hour,,,,,,,,,,,,,,,,,,,,,,,,,Composite Deck Board,Series,Enhance Naturals,,Model,1516870,,Mounting Type,Square Edge,,Color,Golden Hour,,,,,,,,,,,,,,,,,,,,,,,,,,,,,,,,,,,,,,,,,,,,,,,,,,,,,,,,,,,,,,,,,,,,,,,,,,,,,,,,,,,,,,,,,,,,,,,,,,,,,,,,,,,,,,,,,,,,,,,,,,,,,,,,,,,,,,,,,,,,,,,30103600,,,,,,,,,,,,,,,,,,,,,,,,,,,,,,,,,,,,,,,,,,,
,,,,,,,Building Materials,Decking & Railing,Deck Boards,,1516871,1nx6-20' Golden Hour Sq Edge - Trex Enhance Naturals Decking,TREX,-- No Unilog Brand --,-- No DIB Brand --,Boise Cascade Building Materials (BOICA),"Trex Company, Inc.",Trex®,,1516871,,Building Materials>Decking & Railing>Deck Boards,"Trex Company, Inc. Trex, Enhance Naturals, 1516871, Composite Deck Board",CMPS DECK BRD SQUA,"Trex® Enhance Naturals 1516871 Composite Deck Board, Square Edge Mounting, Golden Hour","The Trex® Enhance Naturals Composite Deck Board is designed for commercial and industrial applications, finished in Golden Hour, featuring Square Edge mounting.","Enhance Naturals Composite Deck Board, Square Edge Mounting, Golden Hour",{},Finish: Golden Hour,,,,,,,,,,,,,,,,,,,,,,,,,Composite Deck Board,Series,Enhance Naturals,,Model,1516871,,Mounting Type,Square Edge,,Color,Golden Hour,,,,,,,,,,,,,,,,,,,,,,,,,,,,,,,,,,,,,,,,,,,,,,,,,,,,,,,,,,,,,,,,,,,,,,,,,,,,,,,,,,,,,,,,,,,,,,,,,,,,,,,,,,,,,,,,,,,,,,,,,,,,,,,,,,,,,,,,,,,,,,,30103600,,,,,,,,,,,,,,,,,,,,,,,,,,,,,,,,,,,,,,,,,,,
,,,,,,,Building Materials,Decking & Railing,Deck Boards,,1516872,1nx6-12' Golden Hour Grooved - Trex Enhance Naturals Decking,TREX,-- No Unilog Brand --,-- No DIB Brand --,Boise Cascade Building Materials (BOICA),"Trex Company, Inc.",Trex®,,1516872,,Building Materials>Decking & Railing>Deck Boards,"Trex Company, Inc. Trex, Enhance Naturals, 1516872, Composite Deck Board",CMPS DECK BRD GROO,"Trex® Enhance Naturals 1516872 Composite Deck Board, Grooved Mounting, Golden Hour","The Trex® Enhance Naturals Composite Deck Board is designed for commercial and industrial applications, finished in Golden Hour, featuring Grooved mounting.","Enhance Naturals Composite Deck Board, Grooved Mounting, Golden Hour",{},Finish: Golden Hour,,,,,,,,,,,,,,,,,,,,,,,,,Composite Deck Board,Series,Enhance Naturals,,Model,1516872,,Mounting Type,Grooved,,Color,Golden Hour,,,,,,,,,,,,,,,,,,,,,,,,,,,,,,,,,,,,,,,,,,,,,,,,,,,,,,,,,,,,,,,,,,,,,,,,,,,,,,,,,,,,,,,,,,,,,,,,,,,,,,,,,,,,,,,,,,,,,,,,,,,,,,,,,,,,,,,,,,,,,,,30103600,,,,,,,,,,,,,,,,,,,,,,,,,,,,,,,,,,,,,,,,,,,
,,,,,,,Building Materials,Decking & Railing,Deck Boards,,1516873,1nx6-16' Golden Hour Grooved - Trex Enhance Naturals Decking,TREX,-- No Unilog Brand --,-- No DIB Brand --,Boise Cascade Building Materials (BOICA),"Trex Company, Inc.",Trex®,,1516873,,Building Materials>Decking & Railing>Deck Boards,"Trex Company, Inc. Trex, Enhance Naturals, 1516873, Composite Deck Board",CMPS DECK BRD GROO,"Trex® Enhance Naturals 1516873 Composite Deck Board, Grooved Mounting, Golden Hour","The Trex® Enhance Naturals Composite Deck Board is designed for commercial and industrial applications, finished in Golden Hour, featuring Grooved mounting.","Enhance Naturals Composite Deck Board, Grooved Mounting, Golden Hour",{},Finish: Golden Hour,,,,,,,,,,,,,,,,,,,,,,,,,Composite Deck Board,Series,Enhance Naturals,,Model,1516873,,Mounting Type,Grooved,,Color,Golden Hour,,,,,,,,,,,,,,,,,,,,,,,,,,,,,,,,,,,,,,,,,,,,,,,,,,,,,,,,,,,,,,,,,,,,,,,,,,,,,,,,,,,,,,,,,,,,,,,,,,,,,,,,,,,,,,,,,,,,,,,,,,,,,,,,,,,,,,,,,,,,,,,30103600,,,,,,,,,,,,,,,,,,,,,,,,,,,,,,,,,,,,,,,,,,,
,,,,,,,Building Materials,Decking & Railing,Deck Boards,,1516874,1nx6-20' Golden Hour Grooved - Trex Enhance Naturals Decking,TREX,-- No Unilog Brand --,-- No DIB Brand --,Boise Cascade Building Materials (BOICA),"Trex Company, Inc.",Trex®,,1516874,,Building Materials>Decking & Railing>Deck Boards,"Trex Company, Inc. Trex, Enhance Naturals, 1516874, Composite Deck Board",CMPS DECK BRD GROO,"Trex® Enhance Naturals 1516874 Composite Deck Board, Grooved Mounting, Golden Hour","The Trex® Enhance Naturals Composite Deck Board is designed for commercial and industrial applications, finished in Golden Hour, featuring Grooved mounting.","Enhance Naturals Composite Deck Board, Grooved Mounting, Golden Hour",{},Finish: Golden Hour,,,,,,,,,,,,,,,,,,,,,,,,,Composite Deck Board,Series,Enhance Naturals,,Model,1516874,,Mounting Type,Grooved,,Color,Golden Hour,,,,,,,,,,,,,,,,,,,,,,,,,,,,,,,,,,,,,,,,,,,,,,,,,,,,,,,,,,,,,,,,,,,,,,,,,,,,,,,,,,,,,,,,,,,,,,,,,,,,,,,,,,,,,,,,,,,,,,,,,,,,,,,,,,,,,,,,,,,,,,,30103600,,,,,,,,,,,,,,,,,,,,,,,,,,,,,,,,,,,,,,,,,,,
,,,,,,,Building Materials,Decking & Railing,Deck Boards,,1516879,1nx6-16' Pebble Beach Sq Edge - Trex Enhance Basics Decking,TREX,-- No Unilog Brand --,-- No DIB Brand --,Boise Cascade Building Materials (BOICA),"Trex Company, Inc.",Trex®,,1516879,,Building Materials>Decking & Railing>Deck Boards,"Trex Company, Inc. Trex, Enhance Basics, 1516879, Composite Deck Board",CMPS DECK BRD SQUA,"Trex® Enhance Basics 1516879 Composite Deck Board, Square Edge Mounting, Pebble Beach","The Trex® Enhance Basics Composite Deck Board is designed for commercial and industrial applications, finished in Pebble Beach, featuring Square Edge mounting.","Enhance Basics Composite Deck Board, Square Edge Mounting, Pebble Beach",{},Finish: Pebble Beach,,,,,,,,,,,,,,,,,,,,,,,,,Composite Deck Board,Series,Enhance Basics,,Model,1516879,,Mounting Type,Square Edge,,Color,Pebble Beach,,,,,,,,,,,,,,,,,,,,,,,,,,,,,,,,,,,,,,,,,,,,,,,,,,,,,,,,,,,,,,,,,,,,,,,,,,,,,,,,,,,,,,,,,,,,,,,,,,,,,,,,,,,,,,,,,,,,,,,,,,,,,,,,,,,,,,,,,,,,,,,30103600,,,,,,,,,,,,,,,,,,,,,,,,,,,,,,,,,,,,,,,,,,,
,,,,,,,Building Materials,Decking & Railing,Deck Boards,,1516880,1nx6-20' Pebble Beach Sq Edge - Trex Enhance Basics Decking,TREX,-- No Unilog Brand --,-- No DIB Brand --,Boise Cascade Building Materials (BOICA),"Trex Company, Inc.",Trex®,,1516880,,Building Materials>Decking & Railing>Deck Boards,"Trex Company, Inc. Trex, Enhance Basics, 1516880, Composite Deck Board",CMPS DECK BRD SQUA,"Trex® Enhance Basics 1516880 Composite Deck Board, Square Edge Mounting, Pebble Beach","The Trex® Enhance Basics Composite Deck Board is designed for commercial and industrial applications, finished in Pebble Beach, featuring Square Edge mounting.","Enhance Basics Composite Deck Board, Square Edge Mounting, Pebble Beach",{},Finish: Pebble Beach,,,,,,,,,,,,,,,,,,,,,,,,,Composite Deck Board,Series,Enhance Basics,,Model,1516880,,Mounting Type,Square Edge,,Color,Pebble Beach,,,,,,,,,,,,,,,,,,,,,,,,,,,,,,,,,,,,,,,,,,,,,,,,,,,,,,,,,,,,,,,,,,,,,,,,,,,,,,,,,,,,,,,,,,,,,,,,,,,,,,,,,,,,,,,,,,,,,,,,,,,,,,,,,,,,,,,,,,,,,,,30103600,,,,,,,,,,,,,,,,,,,,,,,,,,,,,,,,,,,,,,,,,,,
,,,,,,,Building Materials,Decking & Railing,Deck Boards,,1516881,1nx6-12' Pebble Beach Grooved - Trex Enhance Basics Decking,TREX,-- No Unilog Brand --,-- No DIB Brand --,Boise Cascade Building Materials (BOICA),"Trex Company, Inc.",Trex®,,1516881,,Building Materials>Decking & Railing>Deck Boards,"Trex Company, Inc. Trex, Enhance Basics, 1516881, Composite Deck Board",CMPS DECK BRD GROO,"Trex® Enhance Basics 1516881 Composite Deck Board, Grooved Mounting, Pebble Beach","The Trex® Enhance Basics Composite Deck Board is designed for commercial and industrial applications, finished in Pebble Beach, featuring Grooved mounting.","Enhance Basics Composite Deck Board, Grooved Mounting, Pebble Beach",{},Finish: Pebble Beach,,,,,,,,,,,,,,,,,,,,,,,,,Composite Deck Board,Series,Enhance Basics,,Model,1516881,,Mounting Type,Grooved,,Color,Pebble Beach,,,,,,,,,,,,,,,,,,,,,,,,,,,,,,,,,,,,,,,,,,,,,,,,,,,,,,,,,,,,,,,,,,,,,,,,,,,,,,,,,,,,,,,,,,,,,,,,,,,,,,,,,,,,,,,,,,,,,,,,,,,,,,,,,,,,,,,,,,,,,,,30103600,,,,,,,,,,,,,,,,,,,,,,,,,,,,,,,,,,,,,,,,,,,
,,,,,,,Building Materials,Decking & Railing,Deck Boards,,1516882,1nx6-16' Pebble Beach Grooved - Trex Enhance Basics Decking,TREX,-- No Unilog Brand --,-- No DIB Brand --,Boise Cascade Building Materials (BOICA),"Trex Company, Inc.",Trex®,,1516882,,Building Materials>Decking & Railing>Deck Boards,"Trex Company, Inc. Trex, Enhance Basics, 1516882, Composite Deck Board",CMPS DECK BRD GROO,"Trex® Enhance Basics 1516882 Composite Deck Board, Grooved Mounting, Pebble Beach","The Trex® Enhance Basics Composite Deck Board is designed for commercial and industrial applications, finished in Pebble Beach, featuring Grooved mounting.","Enhance Basics Composite Deck Board, Grooved Mounting, Pebble Beach",{},Finish: Pebble Beach,,,,,,,,,,,,,,,,,,,,,,,,,Composite Deck Board,Series,Enhance Basics,,Model,1516882,,Mounting Type,Grooved,,Color,Pebble Beach,,,,,,,,,,,,,,,,,,,,,,,,,,,,,,,,,,,,,,,,,,,,,,,,,,,,,,,,,,,,,,,,,,,,,,,,,,,,,,,,,,,,,,,,,,,,,,,,,,,,,,,,,,,,,,,,,,,,,,,,,,,,,,,,,,,,,,,,,,,,,,,30103600,,,,,,,,,,,,,,,,,,,,,,,,,,,,,,,,,,,,,,,,,,,
,,,,,,,Building Materials,Decking & Railing,Deck Boards,,1516883,1nx6-20' Pebble Beach Grooved - Trex Enhance Basics Decking,TREX,-- No Unilog Brand --,-- No DIB Brand --,Boise Cascade Building Materials (BOICA),"Trex Company, Inc.",Trex®,,1516883,,Building Materials>Decking & Railing>Deck Boards,"Trex Company, Inc. Trex, Enhance Basics, 1516883, Composite Deck Board",CMPS DECK BRD GROO,"Trex® Enhance Basics 1516883 Composite Deck Board, Grooved Mounting, Pebble Beach","The Trex® Enhance Basics Composite Deck Board is designed for commercial and industrial applications, finished in Pebble Beach, featuring Grooved mounting.","Enhance Basics Composite Deck Board, Grooved Mounting, Pebble Beach",{},Finish: Pebble Beach,,,,,,,,,,,,,,,,,,,,,,,,,Composite Deck Board,Series,Enhance Basics,,Model,1516883,,Mounting Type,Grooved,,Color,Pebble Beach,,,,,,,,,,,,,,,,,,,,,,,,,,,,,,,,,,,,,,,,,,,,,,,,,,,,,,,,,,,,,,,,,,,,,,,,,,,,,,,,,,,,,,,,,,,,,,,,,,,,,,,,,,,,,,,,,,,,,,,,,,,,,,,,,,,,,,,,,,,,,,,30103600,,,,,,,,,,,,,,,,,,,,,,,,,,,,,,,,,,,,,,,,,,,
,,,,,,,Building Materials,Decking & Railing,Deck Boards,,543005016,7/8nx6-16' Malted Barley Sq Edge - Trex Select 2.0 Decking,TREX,-- No Unilog Brand --,-- No DIB Brand --,Boise Cascade Building Materials (BOICA),"Trex Company, Inc.",Trex®,,543005016,,Building Materials>Decking & Railing>Deck Boards,"Trex Company, Inc. Trex, Select 2.0, 543005016, Composite Deck Board",CMPS DECK BRD SQUA,"Trex® Select 2.0 543005016 Composite Deck Board, Square Edge Mounting, Malted Barley","The Trex® Select 2.0 Composite Deck Board is designed for commercial and industrial applications, finished in Malted Barley, featuring Square Edge mounting.","Select 2.0 Composite Deck Board, Square Edge Mounting, Malted Barley",{},Finish: Malted Barley,,,,,,,,,,,,,,,,,,,,,,,,,Composite Deck Board,Series,Select 2.0,,Model,543005016,,Mounting Type,Square Edge,,Color,Malted Barley,,,,,,,,,,,,,,,,,,,,,,,,,,,,,,,,,,,,,,,,,,,,,,,,,,,,,,,,,,,,,,,,,,,,,,,,,,,,,,,,,,,,,,,,,,,,,,,,,,,,,,,,,,,,,,,,,,,,,,,,,,,,,,,,,,,,,,,,,,,,,,,30103600,,,,,,,,,,,,,,,,,,,,,,,,,,,,,,,,,,,,,,,,,,,
,,,,,,,Building Materials,Decking & Railing,Deck Boards,,543005020,7/8nx6-20' Malted Barley Sq Edge - Trex Select 2.0 Decking,TREX,-- No Unilog Brand --,-- No DIB Brand --,Boise Cascade Building Materials (BOICA),"Trex Company, Inc.",Trex®,,543005020,,Building Materials>Decking & Railing>Deck Boards,"Trex Company, Inc. Trex, Select 2.0, 543005020, Composite Deck Board",CMPS DECK BRD SQUA,"Trex® Select 2.0 543005020 Composite Deck Board, Square Edge Mounting, Malted Barley","The Trex® Select 2.0 Composite Deck Board is designed for commercial and industrial applications, finished in Malted Barley, featuring Square Edge mounting.","Select 2.0 Composite Deck Board, Square Edge Mounting, Malted Barley",{},Finish: Malted Barley,,,,,,,,,,,,,,,,,,,,,,,,,Composite Deck Board,Series,Select 2.0,,Model,543005020,,Mounting Type,Square Edge,,Color,Malted Barley,,,,,,,,,,,,,,,,,,,,,,,,,,,,,,,,,,,,,,,,,,,,,,,,,,,,,,,,,,,,,,,,,,,,,,,,,,,,,,,,,,,,,,,,,,,,,,,,,,,,,,,,,,,,,,,,,,,,,,,,,,,,,,,,,,,,,,,,,,,,,,,30103600,,,,,,,,,,,,,,,,,,,,,,,,,,,,,,,,,,,,,,,,,,,
,,,,,,,Building Materials,Decking & Railing,Deck Boards,,543005412,7/8nx6-12' Malted Barley Grooved - Trex Select 2.0 Decking,TREX,-- No Unilog Brand --,-- No DIB Brand --,Boise Cascade Building Materials (BOICA),"Trex Company, Inc.",Trex®,,543005412,,Building Materials>Decking & Railing>Deck Boards,"Trex Company, Inc. Trex, Select 2.0, 543005412, Composite Deck Board",CMPS DECK BRD GROO,"Trex® Select 2.0 543005412 Composite Deck Board, Grooved Mounting, Malted Barley","The Trex® Select 2.0 Composite Deck Board is designed for commercial and industrial applications, finished in Malted Barley, featuring Grooved mounting.","Select 2.0 Composite Deck Board, Grooved Mounting, Malted Barley",{},Finish: Malted Barley,,,,,,,,,,,,,,,,,,,,,,,,,Composite Deck Board,Series,Select 2.0,,Model,543005412,,Mounting Type,Grooved,,Color,Malted Barley,,,,,,,,,,,,,,,,,,,,,,,,,,,,,,,,,,,,,,,,,,,,,,,,,,,,,,,,,,,,,,,,,,,,,,,,,,,,,,,,,,,,,,,,,,,,,,,,,,,,,,,,,,,,,,,,,,,,,,,,,,,,,,,,,,,,,,,,,,,,,,,30103600,,,,,,,,,,,,,,,,,,,,,,,,,,,,,,,,,,,,,,,,,,,
,,,,,,,Building Materials,Decking & Railing,Deck Boards,,543005416,7/8nx6-16' Malted Barley Grooved - Trex Select 2.0 Decking,TREX,-- No Unilog Brand --,-- No DIB Brand --,Boise Cascade Building Materials (BOICA),"Trex Company, Inc.",Trex®,,543005416,,Building Materials>Decking & Railing>Deck Boards,"Trex Company, Inc. Trex, Select 2.0, 543005416, Composite Deck Board",CMPS DECK BRD GROO,"Trex® Select 2.0 543005416 Composite Deck Board, Grooved Mounting, Malted Barley","The Trex® Select 2.0 Composite Deck Board is designed for commercial and industrial applications, finished in Malted Barley, featuring Grooved mounting.","Select 2.0 Composite Deck Board, Grooved Mounting, Malted Barley",{},Finish: Malted Barley,,,,,,,,,,,,,,,,,,,,,,,,,Composite Deck Board,Series,Select 2.0,,Model,543005416,,Mounting Type,Grooved,,Color,Malted Barley,,,,,,,,,,,,,,,,,,,,,,,,,,,,,,,,,,,,,,,,,,,,,,,,,,,,,,,,,,,,,,,,,,,,,,,,,,,,,,,,,,,,,,,,,,,,,,,,,,,,,,,,,,,,,,,,,,,,,,,,,,,,,,,,,,,,,,,,,,,,,,,30103600,,,,,,,,,,,,,,,,,,,,,,,,,,,,,,,,,,,,,,,,,,,
,,,,,,,Building Materials,Decking & Railing,Deck Boards,,543005420,7/8nx6-20' Malted Barley Grooved - Trex Select 2.0 Decking,TREX,-- No Unilog Brand --,-- No DIB Brand --,Boise Cascade Building Materials (BOICA),"Trex Company, Inc.",Trex®,,543005420,,Building Materials>Decking & Railing>Deck Boards,"Trex Company, Inc. Trex, Select 2.0, 543005420, Composite Deck Board",CMPS DECK BRD GROO,"Trex® Select 2.0 543005420 Composite Deck Board, Grooved Mounting, Malted Barley","The Trex® Select 2.0 Composite Deck Board is designed for commercial and industrial applications, finished in Malted Barley, featuring Grooved mounting.","Select 2.0 Composite Deck Board, Grooved Mounting, Malted Barley",{},Finish: Malted Barley,,,,,,,,,,,,,,,,,,,,,,,,,Composite Deck Board,Series,Select 2.0,,Model,543005420,,Mounting Type,Grooved,,Color,Malted Barley,,,,,,,,,,,,,,,,,,,,,,,,,,,,,,,,,,,,,,,,,,,,,,,,,,,,,,,,,,,,,,,,,,,,,,,,,,,,,,,,,,,,,,,,,,,,,,,,,,,,,,,,,,,,,,,,,,,,,,,,,,,,,,,,,,,,,,,,,,,,,,,30103600,,,,,,,,,,,,,,,,,,,,,,,,,,,,,,,,,,,,,,,,,,,
,,,,,,,Building Materials,Decking & Railing,Deck Boards,,1516891,7/8nx6-16' Millstone Sq Edge - Trex Select 2.0 Decking,TREX,-- No Unilog Brand --,-- No DIB Brand --,Boise Cascade Building Materials (BOICA),"Trex Company, Inc.",Trex®,,1516891,,Building Materials>Decking & Railing>Deck Boards,"Trex Company, Inc. Trex, Select 2.0, 1516891, Composite Deck Board, Millstone",CMPS DECK BRD SQUA,"Trex® Select 2.0 1516891 Composite Deck Board, Square Edge Mounting, Millstone","The Trex® Select 2.0 Composite Deck Board is designed for commercial and industrial applications, finished in Millstone, featuring Square Edge mounting.","Select 2.0 Composite Deck Board, Square Edge Mounting, Millstone",{},Finish: Millstone,,,,,,,,,,,,,,,,,,,,,,,,,Composite Deck Board,Series,Select 2.0,,Model,1516891,,Mounting Type,Square Edge,,Color,Millstone,,,,,,,,,,,,,,,,,,,,,,,,,,,,,,,,,,,,,,,,,,,,,,,,,,,,,,,,,,,,,,,,,,,,,,,,,,,,,,,,,,,,,,,,,,,,,,,,,,,,,,,,,,,,,,,,,,,,,,,,,,,,,,,,,,,,,,,,,,,,,,,30103600,,,,,,,,,,,,,,,,,,,,,,,,,,,,,,,,,,,,,,,,,,,
,,,,,,,Building Materials,Decking & Railing,Deck Boards,,1516892,7/8nx6-20' Millstone Sq Edge -Trex Select 2.0 Decking,TREX,-- No Unilog Brand --,-- No DIB Brand --,Boise Cascade Building Materials (BOICA),"Trex Company, Inc.",Trex®,,1516892,,Building Materials>Decking & Railing>Deck Boards,"Trex Company, Inc. Trex, Select 2.0, 1516892, Composite Deck Board, Millstone",CMPS DECK BRD SQUA,"Trex® Select 2.0 1516892 Composite Deck Board, Square Edge Mounting, Millstone","The Trex® Select 2.0 Composite Deck Board is designed for commercial and industrial applications, finished in Millstone, featuring Square Edge mounting.","Select 2.0 Composite Deck Board, Square Edge Mounting, Millstone",{},Finish: Millstone,,,,,,,,,,,,,,,,,,,,,,,,,Composite Deck Board,Series,Select 2.0,,Model,1516892,,Mounting Type,Square Edge,,Color,Millstone,,,,,,,,,,,,,,,,,,,,,,,,,,,,,,,,,,,,,,,,,,,,,,,,,,,,,,,,,,,,,,,,,,,,,,,,,,,,,,,,,,,,,,,,,,,,,,,,,,,,,,,,,,,,,,,,,,,,,,,,,,,,,,,,,,,,,,,,,,,,,,,30103600,,,,,,,,,,,,,,,,,,,,,,,,,,,,,,,,,,,,,,,,,,,
,,,,,,,Building Materials,Decking & Railing,Deck Boards,,1516893,7/8nx6-12' Millstone Grooved - Trex Select 2.0 Decking,TREX,-- No Unilog Brand --,-- No DIB Brand --,Boise Cascade Building Materials (BOICA),"Trex Company, Inc.",Trex®,,1516893,,Building Materials>Decking & Railing>Deck Boards,"Trex Company, Inc. Trex, Select 2.0, 1516893, Composite Deck Board, Millstone",CMPS DECK BRD GROO,"Trex® Select 2.0 1516893 Composite Deck Board, Grooved Mounting, Millstone","The Trex® Select 2.0 Composite Deck Board is designed for commercial and industrial applications, finished in Millstone, featuring Grooved mounting.","Select 2.0 Composite Deck Board, Grooved Mounting, Millstone",{},Finish: Millstone,,,,,,,,,,,,,,,,,,,,,,,,,Composite Deck Board,Series,Select 2.0,,Model,1516893,,Mounting Type,Grooved,,Color,Millstone,,,,,,,,,,,,,,,,,,,,,,,,,,,,,,,,,,,,,,,,,,,,,,,,,,,,,,,,,,,,,,,,,,,,,,,,,,,,,,,,,,,,,,,,,,,,,,,,,,,,,,,,,,,,,,,,,,,,,,,,,,,,,,,,,,,,,,,,,,,,,,,30103600,,,,,,,,,,,,,,,,,,,,,,,,,,,,,,,,,,,,,,,,,,,
,,,,,,,Building Materials,Decking & Railing,Deck Boards,,1516894,7/8nx6-16' Millstone Grooved - Trex Select 2.0 Decking,TREX,-- No Unilog Brand --,-- No DIB Brand --,Boise Cascade Building Materials (BOICA),"Trex Company, Inc.",Trex®,,1516894,,Building Materials>Decking & Railing>Deck Boards,"Trex Company, Inc. Trex, Select 2.0, 1516894, Composite Deck Board, Millstone",CMPS DECK BRD GROO,"Trex® Select 2.0 1516894 Composite Deck Board, Grooved Mounting, Millstone","The Trex® Select 2.0 Composite Deck Board is designed for commercial and industrial applications, finished in Millstone, featuring Grooved mounting.","Select 2.0 Composite Deck Board, Grooved Mounting, Millstone",{},Finish: Millstone,,,,,,,,,,,,,,,,,,,,,,,,,Composite Deck Board,Series,Select 2.0,,Model,1516894,,Mounting Type,Grooved,,Color,Millstone,,,,,,,,,,,,,,,,,,,,,,,,,,,,,,,,,,,,,,,,,,,,,,,,,,,,,,,,,,,,,,,,,,,,,,,,,,,,,,,,,,,,,,,,,,,,,,,,,,,,,,,,,,,,,,,,,,,,,,,,,,,,,,,,,,,,,,,,,,,,,,,30103600,,,,,,,,,,,,,,,,,,,,,,,,,,,,,,,,,,,,,,,,,,,
,,,,,,,Building Materials,Decking & Railing,Deck Boards,,1516895,7/8nx6-20' Millstone Grooved - Trex Select 2.0 Decking,TREX,-- No Unilog Brand --,-- No DIB Brand --,Boise Cascade Building Materials (BOICA),"Trex Company, Inc.",Trex®,,1516895,,Building Materials>Decking & Railing>Deck Boards,"Trex Company, Inc. Trex, Select 2.0, 1516895, Composite Deck Board, Millstone",CMPS DECK BRD GROO,"Trex® Select 2.0 1516895 Composite Deck Board, Grooved Mounting, Millstone","The Trex® Select 2.0 Composite Deck Board is designed for commercial and industrial applications, finished in Millstone, featuring Grooved mounting.","Select 2.0 Composite Deck Board, Grooved Mounting, Millstone",{},Finish: Millstone,,,,,,,,,,,,,,,,,,,,,,,,,Composite Deck Board,Series,Select 2.0,,Model,1516895,,Mounting Type,Grooved,,Color,Millstone,,,,,,,,,,,,,,,,,,,,,,,,,,,,,,,,,,,,,,,,,,,,,,,,,,,,,,,,,,,,,,,,,,,,,,,,,,,,,,,,,,,,,,,,,,,,,,,,,,,,,,,,,,,,,,,,,,,,,,,,,,,,,,,,,,,,,,,,,,,,,,,30103600,,,,,,,,,,,,,,,,,,,,,,,,,,,,,,,,,,,,,,,,,,,
,,,,,,,Building Materials,Decking & Railing,Deck Boards,,543007016,7/8nx6-16' Whiskey Barrel Sq Edge - Trex Select 2.0 Decking,TREX,-- No Unilog Brand --,-- No DIB Brand --,Boise Cascade Building Materials (BOICA),"Trex Company, Inc.",Trex®,,543007016,,Building Materials>Decking & Railing>Deck Boards,"Trex Company, Inc. Trex, Select 2.0, 543007016, Composite Deck Board",CMPS DECK BRD SQUA,"Trex® Select 2.0 543007016 Composite Deck Board, Square Edge Mounting, Whiskey Barrel","The Trex® Select 2.0 Composite Deck Board is designed for commercial and industrial applications, finished in Whiskey Barrel, featuring Square Edge mounting.","Select 2.0 Composite Deck Board, Square Edge Mounting, Whiskey Barrel",{},Finish: Whiskey Barrel,,,,,,,,,,,,,,,,,,,,,,,,,Composite Deck Board,Series,Select 2.0,,Model,543007016,,Mounting Type,Square Edge,,Color,Whiskey Barrel,,,,,,,,,,,,,,,,,,,,,,,,,,,,,,,,,,,,,,,,,,,,,,,,,,,,,,,,,,,,,,,,,,,,,,,,,,,,,,,,,,,,,,,,,,,,,,,,,,,,,,,,,,,,,,,,,,,,,,,,,,,,,,,,,,,,,,,,,,,,,,,30103600,,,,,,,,,,,,,,,,,,,,,,,,,,,,,,,,,,,,,,,,,,,
,,,,,,,Building Materials,Decking & Railing,Deck Boards,,543007020,7/8nx6-20' Whiskey Barrel Sq Edge - Trex Select 2.0 Decking,TREX,-- No Unilog Brand --,-- No DIB Brand --,Boise Cascade Building Materials (BOICA),"Trex Company, Inc.",Trex®,,543007020,,Building Materials>Decking & Railing>Deck Boards,"Trex Company, Inc. Trex, Select 2.0, 543007020, Composite Deck Board",CMPS DECK BRD SQUA,"Trex® Select 2.0 543007020 Composite Deck Board, Square Edge Mounting, Whiskey Barrel","The Trex® Select 2.0 Composite Deck Board is designed for commercial and industrial applications, finished in Whiskey Barrel, featuring Square Edge mounting.","Select 2.0 Composite Deck Board, Square Edge Mounting, Whiskey Barrel",{},Finish: Whiskey Barrel,,,,,,,,,,,,,,,,,,,,,,,,,Composite Deck Board,Series,Select 2.0,,Model,543007020,,Mounting Type,Square Edge,,Color,Whiskey Barrel,,,,,,,,,,,,,,,,,,,,,,,,,,,,,,,,,,,,,,,,,,,,,,,,,,,,,,,,,,,,,,,,,,,,,,,,,,,,,,,,,,,,,,,,,,,,,,,,,,,,,,,,,,,,,,,,,,,,,,,,,,,,,,,,,,,,,,,,,,,,,,,30103600,,,,,,,,,,,,,,,,,,,,,,,,,,,,,,,,,,,,,,,,,,,
,,,,,,,Building Materials,Decking & Railing,Deck Boards,,543007412,7/8nx6-12' Whiskey Barrel Grooved - Trex Select 2.0 Decking,TREX,-- No Unilog Brand --,-- No DIB Brand --,Boise Cascade Building Materials (BOICA),"Trex Company, Inc.",Trex®,,543007412,,Building Materials>Decking & Railing>Deck Boards,"Trex Company, Inc. Trex, Select 2.0, 543007412, Composite Deck Board",CMPS DECK BRD GROO,"Trex® Select 2.0 543007412 Composite Deck Board, Grooved Mounting, Whiskey Barrel","The Trex® Select 2.0 Composite Deck Board is designed for commercial and industrial applications, finished in Whiskey Barrel, featuring Grooved mounting.","Select 2.0 Composite Deck Board, Grooved Mounting, Whiskey Barrel",{},Finish: Whiskey Barrel,,,,,,,,,,,,,,,,,,,,,,,,,Composite Deck Board,Series,Select 2.0,,Model,543007412,,Mounting Type,Grooved,,Color,Whiskey Barrel,,,,,,,,,,,,,,,,,,,,,,,,,,,,,,,,,,,,,,,,,,,,,,,,,,,,,,,,,,,,,,,,,,,,,,,,,,,,,,,,,,,,,,,,,,,,,,,,,,,,,,,,,,,,,,,,,,,,,,,,,,,,,,,,,,,,,,,,,,,,,,,30103600,,,,,,,,,,,,,,,,,,,,,,,,,,,,,,,,,,,,,,,,,,,
,,,,,,,Building Materials,Decking & Railing,Deck Boards,,543007416,7/8nx6-16' Whiskey Barrel Grooved - Trex Select 2.0 Decking,TREX,-- No Unilog Brand --,-- No DIB Brand --,Boise Cascade Building Materials (BOICA),"Trex Company, Inc.",Trex®,,543007416,,Building Materials>Decking & Railing>Deck Boards,"Trex Company, Inc. Trex, Select 2.0, 543007416, Composite Deck Board",CMPS DECK BRD GROO,"Trex® Select 2.0 543007416 Composite Deck Board, Grooved Mounting, Whiskey Barrel","The Trex® Select 2.0 Composite Deck Board is designed for commercial and industrial applications, finished in Whiskey Barrel, featuring Grooved mounting.","Select 2.0 Composite Deck Board, Grooved Mounting, Whiskey Barrel",{},Finish: Whiskey Barrel,,,,,,,,,,,,,,,,,,,,,,,,,Composite Deck Board,Series,Select 2.0,,Model,543007416,,Mounting Type,Grooved,,Color,Whiskey Barrel,,,,,,,,,,,,,,,,,,,,,,,,,,,,,,,,,,,,,,,,,,,,,,,,,,,,,,,,,,,,,,,,,,,,,,,,,,,,,,,,,,,,,,,,,,,,,,,,,,,,,,,,,,,,,,,,,,,,,,,,,,,,,,,,,,,,,,,,,,,,,,,30103600,,,,,,,,,,,,,,,,,,,,,,,,,,,,,,,,,,,,,,,,,,,
,,,,,,,Building Materials,Decking & Railing,Deck Boards,,543007420,7/8nx6-20' Whiskey Barrel Grooved - Trex Select 2.0 Decking,TREX,-- No Unilog Brand --,-- No DIB Brand --,Boise Cascade Building Materials (BOICA),"Trex Company, Inc.",Trex®,,543007420,,Building Materials>Decking & Railing>Deck Boards,"Trex Company, Inc. Trex, Select 2.0, 543007420, Composite Deck Board",CMPS DECK BRD GROO,"Trex® Select 2.0 543007420 Composite Deck Board, Grooved Mounting, Whiskey Barrel","The Trex® Select 2.0 Composite Deck Board is designed for commercial and industrial applications, finished in Whiskey Barrel, featuring Grooved mounting.","Select 2.0 Composite Deck Board, Grooved Mounting, Whiskey Barrel",{},Finish: Whiskey Barrel,,,,,,,,,,,,,,,,,,,,,,,,,Composite Deck Board,Series,Select 2.0,,Model,543007420,,Mounting Type,Grooved,,Color,Whiskey Barrel,,,,,,,,,,,,,,,,,,,,,,,,,,,,,,,,,,,,,,,,,,,,,,,,,,,,,,,,,,,,,,,,,,,,,,,,,,,,,,,,,,,,,,,,,,,,,,,,,,,,,,,,,,,,,,,,,,,,,,,,,,,,,,,,,,,,,,,,,,,,,,,30103600,,,,,,,,,,,,,,,,,,,,,,,,,,,,,,,,,,,,,,,,,,,
,,,,,,,Building Materials,Decking & Railing,Fascia,,ADR5117512CS,1x12-12' Coastline - Vintage Azek PVC Fascia,TIMBERTECH,-- No Unilog Brand --,-- No DIB Brand --,Parksite (6151),The AZEK Company LLC,TimberTech®,,ADR5117512CS,,Building Materials>Decking & Railing>Fascia Boards,"The AZEK Company LLC TimberTech, Vintage Azek, ADR5117512CS, Fascia Board",FSC BRD,"TimberTech® Vintage Azek ADR5117512CS Fascia Board, 1 x 12-12', Coastline","The TimberTech® Vintage Azek Fascia Board is designed for commercial and industrial applications, measuring 1 x 12-12', finished in Coastline.","Vintage Azek Fascia Board, Coastline",{'Dimensions': '1x12-12'},Size: 1 x 12-12',Finish: Coastline,Size / Dimensions: 1x12-12',,,,,,,,,,,,,,,,,,,,,,,Fascia Board,Series,Vintage Azek,,Model,ADR5117512CS,,Size,1 x 12-12',,Color,Coastline,,Dimensions,1x12-12,,Size / Dimensions,1x12-12',,,,,,,,,,,,,,,,,,,,,,,,,,,,,,,,,,,,,,,,,,,,,,,,,,,,,,,,,,,,,,,,,,,,,,,,,,,,,,,,,,,,,,,,,,,,,,,,,,,,,,,,,,,,,,,,,,,,,,,,,,,,,,,,,,,,,,,,,30103600,,,,,,,,,,,,,,,,,,,,,,,,,,,,,,,,,,,,,,,,,,,
,,,,,,,Building Materials,Decking & Railing,Fascia,,ADR5117512MH,1x12-12' Mahogany - Vintage Azek PVC Fascia,TIMBERTECH,-- No Unilog Brand --,-- No DIB Brand --,Parksite (6151),The AZEK Company LLC,TimberTech®,,ADR5117512MH,,Building Materials>Decking & Railing>Fascia Boards,"The AZEK Company LLC TimberTech, Vintage Azek, ADR5117512MH, Fascia Board",FSC BRD,"TimberTech® Vintage Azek ADR5117512MH Fascia Board, 1 x 12-12', Mahogany","The TimberTech® Vintage Azek Fascia Board is designed for commercial and industrial applications, measuring 1 x 12-12', finished in Mahogany.","Vintage Azek Fascia Board, Mahogany",{'Dimensions': '1x12-12'},Size: 1 x 12-12',Finish: Mahogany,Size / Dimensions: 1x12-12',,,,,,,,,,,,,,,,,,,,,,,Fascia Board,Series,Vintage Azek,,Model,ADR5117512MH,,Size,1 x 12-12',,Color,Mahogany,,Dimensions,1x12-12,,Size / Dimensions,1x12-12',,,,,,,,,,,,,,,,,,,,,,,,,,,,,,,,,,,,,,,,,,,,,,,,,,,,,,,,,,,,,,,,,,,,,,,,,,,,,,,,,,,,,,,,,,,,,,,,,,,,,,,,,,,,,,,,,,,,,,,,,,,,,,,,,,,,,,,,,30103600,,,,,,,,,,,,,,,,,,,,,,,,,,,,,,,,,,,,,,,,,,,
,,,,,,,Building Materials,Decking & Railing,Fascia,,ADR5117512WT,1x12-12' Weathered Teak - Vintage Azek PVC Fascia,TIMBERTECH,-- No Unilog Brand --,-- No DIB Brand --,Parksite (6151),The AZEK Company LLC,TimberTech®,,ADR5117512WT,,Building Materials>Decking & Railing>Fascia Boards,"The AZEK Company LLC TimberTech, Vintage Azek, ADR5117512WT, Fascia Board",FSC BRD,"TimberTech® Vintage Azek ADR5117512WT Fascia Board, 1 x 12-12', Weathered Teak","The TimberTech® Vintage Azek Fascia Board is designed for commercial and industrial applications, measuring 1 x 12-12', finished in Weathered Teak.","Vintage Azek Fascia Board, Weathered Teak",{'Dimensions': '1x12-12'},Size: 1 x 12-12',Finish: Weathered Teak,Size / Dimensions: 1x12-12',,,,,,,,,,,,,,,,,,,,,,,Fascia Board,Series,Vintage Azek,,Model,ADR5117512WT,,Size,1 x 12-12',,Color,Weathered Teak,,Dimensions,1x12-12,,Size / Dimensions,1x12-12',,,,,,,,,,,,,,,,,,,,,,,,,,,,,,,,,,,,,,,,,,,,,,,,,,,,,,,,,,,,,,,,,,,,,,,,,,,,,,,,,,,,,,,,,,,,,,,,,,,,,,,,,,,,,,,,,,,,,,,,,,,,,,,,,,,,,,,,,30103600,,,,,,,,,,,,,,,,,,,,,,,,,,,,,,,,,,,,,,,,,,,
,,,,,,,Building Materials,Decking & Railing,Fascia,,ADR5117512AW,1x12-12' American Walnut - Landmark Azek PVC Fascia,TIMBERTECH,-- No Unilog Brand --,-- No DIB Brand --,Parksite (6151),The AZEK Company LLC,TimberTech®,,ADR5117512AW,,Building Materials>Decking & Railing>Fascia Boards,"The AZEK Company LLC TimberTech, Landmark Azek, ADR5117512AW, Fascia Board",FSC BRD,"TimberTech® Landmark Azek ADR5117512AW Fascia Board, 1 x 12-12', American Walnut","The TimberTech® Landmark Azek Fascia Board is designed for commercial and industrial applications, measuring 1 x 12-12', finished in American Walnut.","Landmark Azek Fascia Board, American Walnut",{'Dimensions': '1x12-12'},Size: 1 x 12-12',Finish: American Walnut,Size / Dimensions: 1x12-12',,,,,,,,,,,,,,,,,,,,,,,Fascia Board,Series,Landmark Azek,,Model,ADR5117512AW,,Size,1 x 12-12',,Color,American Walnut,,Dimensions,1x12-12,,Size / Dimensions,1x12-12',,,,,,,,,,,,,,,,,,,,,,,,,,,,,,,,,,,,,,,,,,,,,,,,,,,,,,,,,,,,,,,,,,,,,,,,,,,,,,,,,,,,,,,,,,,,,,,,,,,,,,,,,,,,,,,,,,,,,,,,,,,,,,,,,,,,,,,,,30103600,,,,,,,,,,,,,,,,,,,,,,,,,,,,,,,,,,,,,,,,,,,
,,,,,,,Building Materials,Decking & Railing,Fascia,,ADR5117512CG,1x12-12' Castle Gate - Landmark Azek PVC Fascia,TIMBERTECH,-- No Unilog Brand --,-- No DIB Brand --,Parksite (6151),The AZEK Company LLC,TimberTech®,,ADR5117512CG,,Building Materials>Decking & Railing>Fascia Boards,"The AZEK Company LLC TimberTech, Landmark Azek, ADR5117512CG, Fascia Board",FSC BRD,"TimberTech® Landmark Azek ADR5117512CG Fascia Board, 1 x 12-12', Castle Gate","The TimberTech® Landmark Azek Fascia Board is designed for commercial and industrial applications, measuring 1 x 12-12', finished in Castle Gate.","Landmark Azek Fascia Board, Castle Gate",{'Dimensions': '1x12-12'},Size: 1 x 12-12',Finish: Castle Gate,Size / Dimensions: 1x12-12',,,,,,,,,,,,,,,,,,,,,,,Fascia Board,Series,Landmark Azek,,Model,ADR5117512CG,,Size,1 x 12-12',,Color,Castle Gate,,Dimensions,1x12-12,,Size / Dimensions,1x12-12',,,,,,,,,,,,,,,,,,,,,,,,,,,,,,,,,,,,,,,,,,,,,,,,,,,,,,,,,,,,,,,,,,,,,,,,,,,,,,,,,,,,,,,,,,,,,,,,,,,,,,,,,,,,,,,,,,,,,,,,,,,,,,,,,,,,,,,,,30103600,,,,,,,,,,,,,,,,,,,,,,,,,,,,,,,,,,,,,,,,,,,
,,,,,,,Building Materials,Decking & Railing,Fascia,,ADR5117512FW,1x12-12' French White Oak - Landmark Azek PVC Fascia,TIMBERTECH,-- No Unilog Brand --,-- No DIB Brand --,Parksite (6151),The AZEK Company LLC,TimberTech®,,ADR5117512FW,,Building Materials>Decking & Railing>Fascia Boards,"The AZEK Company LLC TimberTech, Landmark Azek, ADR5117512FW, Fascia Board",FSC BRD,"TimberTech® Landmark Azek ADR5117512FW Fascia Board, 1 x 12-12', French White Oak","The TimberTech® Landmark Azek Fascia Board is designed for commercial and industrial applications, measuring 1 x 12-12', finished in French White Oak.","Landmark Azek Fascia Board, French White Oak",{'Dimensions': '1x12-12'},Size: 1 x 12-12',Finish: French White Oak,Size / Dimensions: 1x12-12',,,,,,,,,,,,,,,,,,,,,,,Fascia Board,Series,Landmark Azek,,Model,ADR5117512FW,,Size,1 x 12-12',,Color,French White Oak,,Dimensions,1x12-12,,Size / Dimensions,1x12-12',,,,,,,,,,,,,,,,,,,,,,,,,,,,,,,,,,,,,,,,,,,,,,,,,,,,,,,,,,,,,,,,,,,,,,,,,,,,,,,,,,,,,,,,,,,,,,,,,,,,,,,,,,,,,,,,,,,,,,,,,,,,,,,,,,,,,,,,,30103600,,,,,,,,,,,,,,,,,,,,,,,,,,,,,,,,,,,,,,,,,,,
,,,,,,,Building Materials,Decking & Railing,Fascia,,1508395,1x8-12' Brownstone - Harvest Azek PVC Fascia,TIMBERTECH,-- No Unilog Brand --,-- No DIB Brand --,Parksite (6151),The AZEK Company LLC,TimberTech®,,1508395,,Building Materials>Decking & Railing>Fascia Boards,"The AZEK Company LLC TimberTech, Harvest Azek, 1508395, Fascia Board, 1 x 8-12'",FSC BRD,"TimberTech® Harvest Azek 1508395 Fascia Board, 1 x 8-12', Brownstone","The TimberTech® Harvest Azek Fascia Board is designed for commercial and industrial applications, measuring 1 x 8-12', finished in Brownstone.","Harvest Azek Fascia Board, Brownstone",{'Dimensions': '1x8-12'},Size: 1 x 8-12',Finish: Brownstone,Size / Dimensions: 1x8-12',,,,,,,,,,,,,,,,,,,,,,,Fascia Board,Series,Harvest Azek,,Model,1508395,,Size,1 x 8-12',,Color,Brownstone,,Dimensions,1x8-12,,Size / Dimensions,1x8-12',,,,,,,,,,,,,,,,,,,,,,,,,,,,,,,,,,,,,,,,,,,,,,,,,,,,,,,,,,,,,,,,,,,,,,,,,,,,,,,,,,,,,,,,,,,,,,,,,,,,,,,,,,,,,,,,,,,,,,,,,,,,,,,,,,,,,,,,,30103600,,,,,,,,,,,,,,,,,,,,,,,,,,,,,,,,,,,,,,,,,,,
,,,,,,,Building Materials,Decking & Railing,Fascia,,1508396,1x8-12' Slate Gray - Harvest Azek PVC Fascia,TIMBERTECH,-- No Unilog Brand --,-- No DIB Brand --,Parksite (6151),The AZEK Company LLC,TimberTech®,,1508396,,Building Materials>Decking & Railing>Fascia Boards,"The AZEK Company LLC TimberTech, Harvest Azek, 1508396, Fascia Board, 1 x 8-12'",FSC BRD,"TimberTech® Harvest Azek 1508396 Fascia Board, 1 x 8-12', Slate Gray","The TimberTech® Harvest Azek Fascia Board is designed for commercial and industrial applications, measuring 1 x 8-12', finished in Slate Gray.","Harvest Azek Fascia Board, Slate Gray",{'Dimensions': '1x8-12'},Size: 1 x 8-12',Finish: Slate Gray,Size / Dimensions: 1x8-12',,,,,,,,,,,,,,,,,,,,,,,Fascia Board,Series,Harvest Azek,,Model,1508396,,Size,1 x 8-12',,Color,Slate Gray,,Dimensions,1x8-12,,Size / Dimensions,1x8-12',,,,,,,,,,,,,,,,,,,,,,,,,,,,,,,,,,,,,,,,,,,,,,,,,,,,,,,,,,,,,,,,,,,,,,,,,,,,,,,,,,,,,,,,,,,,,,,,,,,,,,,,,,,,,,,,,,,,,,,,,,,,,,,,,,,,,,,,,30103600,,,,,,,,,,,,,,,,,,,,,,,,,,,,,,,,,,,,,,,,,,,
,,,,,,,Building Materials,Decking & Railing,Fascia,,ADCR5117512BS,1x12-12' Brownstone - Harvest Azek PVC Fascia,TIMBERTECH,-- No Unilog Brand --,-- No DIB Brand --,Parksite (6151),The AZEK Company LLC,TimberTech®,,ADCR5117512BS,,Building Materials>Decking & Railing>Fascia Boards,"The AZEK Company LLC TimberTech, Harvest Azek, ADCR5117512BS, Fascia Board",FSC BRD,"TimberTech® Harvest Azek ADCR5117512BS Fascia Board, 1 x 12-12', Brownstone","The TimberTech® Harvest Azek Fascia Board is designed for commercial and industrial applications, measuring 1 x 12-12', finished in Brownstone.","Harvest Azek Fascia Board, Brownstone",{'Dimensions': '1x12-12'},Size: 1 x 12-12',Finish: Brownstone,Size / Dimensions: 1x12-12',,,,,,,,,,,,,,,,,,,,,,,Fascia Board,Series,Harvest Azek,,Model,ADCR5117512BS,,Size,1 x 12-12',,Color,Brownstone,,Dimensions,1x12-12,,Size / Dimensions,1x12-12',,,,,,,,,,,,,,,,,,,,,,,,,,,,,,,,,,,,,,,,,,,,,,,,,,,,,,,,,,,,,,,,,,,,,,,,,,,,,,,,,,,,,,,,,,,,,,,,,,,,,,,,,,,,,,,,,,,,,,,,,,,,,,,,,,,,,,,,,30103600,,,,,,,,,,,,,,,,,,,,,,,,,,,,,,,,,,,,,,,,,,,
,,,,,,,Building Materials,Decking & Railing,Fascia,,ADCR5117512SG,1x12-12' Slate Gray - Harvest Azek PVC Fascia,TIMBERTECH,-- No Unilog Brand --,-- No DIB Brand --,Parksite (6151),The AZEK Company LLC,TimberTech®,,ADCR5117512SG,,Building Materials>Decking & Railing>Fascia Boards,"The AZEK Company LLC TimberTech, Harvest Azek, ADCR5117512SG, Fascia Board",FSC BRD,"TimberTech® Harvest Azek ADCR5117512SG Fascia Board, 1 x 12-12', Slate Gray","The TimberTech® Harvest Azek Fascia Board is designed for commercial and industrial applications, measuring 1 x 12-12', finished in Slate Gray.","Harvest Azek Fascia Board, Slate Gray",{'Dimensions': '1x12-12'},Size: 1 x 12-12',Finish: Slate Gray,Size / Dimensions: 1x12-12',,,,,,,,,,,,,,,,,,,,,,,Fascia Board,Series,Harvest Azek,,Model,ADCR5117512SG,,Size,1 x 12-12',,Color,Slate Gray,,Dimensions,1x12-12,,Size / Dimensions,1x12-12',,,,,,,,,,,,,,,,,,,,,,,,,,,,,,,,,,,,,,,,,,,,,,,,,,,,,,,,,,,,,,,,,,,,,,,,,,,,,,,,,,,,,,,,,,,,,,,,,,,,,,,,,,,,,,,,,,,,,,,,,,,,,,,,,,,,,,,,,30103600,,,,,,,,,,,,,,,,,,,,,,,,,,,,,,,,,,,,,,,,,,,
,,,,,,,Building Materials,Decking & Railing,Fascia,,543140908,1x8-12' Biscayne - Trex Lineage,TREX,-- No Unilog Brand --,-- No DIB Brand --,U S Lumber (3073),"Trex Company, Inc.",Trex®,,543140908,,Building Materials>Decking & Railing>Fascia Boards,"Trex Company, Inc. Trex, 543140908, Fascia Board, 1 x 8-12', Biscayne",FSC BRD,"Trex® 543140908 Fascia Board, 1 x 8-12', Biscayne","The Trex® Fascia Board is designed for commercial and industrial applications, measuring 1 x 8-12', finished in Biscayne.","Fascia Board, Biscayne",{'Dimensions': '1x8-12'},Size: 1 x 8-12',Finish: Biscayne,Size / Dimensions: 1x8-12',,,,,,,,,,,,,,,,,,,,,,,Fascia Board,Model,543140908,,Size,1 x 8-12',,Color,Biscayne,,Dimensions,1x8-12,,Size / Dimensions,1x8-12',,,,,,,,,,,,,,,,,,,,,,,,,,,,,,,,,,,,,,,,,,,,,,,,,,,,,,,,,,,,,,,,,,,,,,,,,,,,,,,,,,,,,,,,,,,,,,,,,,,,,,,,,,,,,,,,,,,,,,,,,,,,,,,,,,,,,,,,,,,,30103600,,,,,,,,,,,,,,,,,,,,,,,,,,,,,,,,,,,,,,,,,,,
,,,,,,,Building Materials,Decking & Railing,Fascia,,543142908,1x8-12' Carmel - Trex Lineage,TREX,-- No Unilog Brand --,-- No DIB Brand --,U S Lumber (3073),"Trex Company, Inc.",Trex®,,543142908,,Building Materials>Decking & Railing>Fascia Boards,"Trex Company, Inc. Trex, 543142908, Fascia Board, 1 x 8-12', Carmel",FSC BRD,"Trex® 543142908 Fascia Board, 1 x 8-12', Carmel","The Trex® Fascia Board is designed for commercial and industrial applications, measuring 1 x 8-12', finished in Carmel.","Fascia Board, Carmel",{'Dimensions': '1x8-12'},Size: 1 x 8-12',Finish: Carmel,Size / Dimensions: 1x8-12',,,,,,,,,,,,,,,,,,,,,,,Fascia Board,Model,543142908,,Size,1 x 8-12',,Color,Carmel,,Dimensions,1x8-12,,Size / Dimensions,1x8-12',,,,,,,,,,,,,,,,,,,,,,,,,,,,,,,,,,,,,,,,,,,,,,,,,,,,,,,,,,,,,,,,,,,,,,,,,,,,,,,,,,,,,,,,,,,,,,,,,,,,,,,,,,,,,,,,,,,,,,,,,,,,,,,,,,,,,,,,,,,,30103600,,,,,,,,,,,,,,,,,,,,,,,,,,,,,,,,,,,,,,,,,,,
,,,,,,,Building Materials,Decking & Railing,Fascia,,543143908,1x8-12' Jasper - Trex Lineage,TREX,-- No Unilog Brand --,-- No DIB Brand --,U S Lumber (3073),"Trex Company, Inc.",Trex®,,543143908,,Building Materials>Decking & Railing>Fascia Boards,"Trex Company, Inc. Trex, 543143908, Fascia Board, 1 x 8-12', Jasper",FSC BRD,"Trex® 543143908 Fascia Board, 1 x 8-12', Jasper","The Trex® Fascia Board is designed for commercial and industrial applications, measuring 1 x 8-12', finished in Jasper.","Fascia Board, Jasper",{'Dimensions': '1x8-12'},Size: 1 x 8-12',Finish: Jasper,Size / Dimensions: 1x8-12',,,,,,,,,,,,,,,,,,,,,,,Fascia Board,Model,543143908,,Size,1 x 8-12',,Color,Jasper,,Dimensions,1x8-12,,Size / Dimensions,1x8-12',,,,,,,,,,,,,,,,,,,,,,,,,,,,,,,,,,,,,,,,,,,,,,,,,,,,,,,,,,,,,,,,,,,,,,,,,,,,,,,,,,,,,,,,,,,,,,,,,,,,,,,,,,,,,,,,,,,,,,,,,,,,,,,,,,,,,,,,,,,,30103600,,,,,,,,,,,,,,,,,,,,,,,,,,,,,,,,,,,,,,,,,,,
,,,,,,,Building Materials,Decking & Railing,Fascia,,543140912,1x12-12' Biscayne - Trex Lineage,TREX,-- No Unilog Brand --,-- No DIB Brand --,U S Lumber (3073),"Trex Company, Inc.",Trex®,,543140912,,Building Materials>Decking & Railing>Fascia Boards,"Trex Company, Inc. Trex, 543140912, Fascia Board, 1 x 12-12', Biscayne",FSC BRD,"Trex® 543140912 Fascia Board, 1 x 12-12', Biscayne","The Trex® Fascia Board is designed for commercial and industrial applications, measuring 1 x 12-12', finished in Biscayne.","Fascia Board, Biscayne",{'Dimensions': '1x12-12'},Size: 1 x 12-12',Finish: Biscayne,Size / Dimensions: 1x12-12',,,,,,,,,,,,,,,,,,,,,,,Fascia Board,Model,543140912,,Size,1 x 12-12',,Color,Biscayne,,Dimensions,1x12-12,,Size / Dimensions,1x12-12',,,,,,,,,,,,,,,,,,,,,,,,,,,,,,,,,,,,,,,,,,,,,,,,,,,,,,,,,,,,,,,,,,,,,,,,,,,,,,,,,,,,,,,,,,,,,,,,,,,,,,,,,,,,,,,,,,,,,,,,,,,,,,,,,,,,,,,,,,,,30103600,,,,,,,,,,,,,,,,,,,,,,,,,,,,,,,,,,,,,,,,,,,
,,,,,,,Building Materials,Decking & Railing,Fascia,,543142912,1x12-12' Carmel - Trex Lineage,TREX,-- No Unilog Brand --,-- No DIB Brand --,U S Lumber (3073),"Trex Company, Inc.",Trex®,,543142912,,Building Materials>Decking & Railing>Fascia Boards,"Trex Company, Inc. Trex, 543142912, Fascia Board, 1 x 12-12', Carmel",FSC BRD,"Trex® 543142912 Fascia Board, 1 x 12-12', Carmel","The Trex® Fascia Board is designed for commercial and industrial applications, measuring 1 x 12-12', finished in Carmel.","Fascia Board, Carmel",{'Dimensions': '1x12-12'},Size: 1 x 12-12',Finish: Carmel,Size / Dimensions: 1x12-12',,,,,,,,,,,,,,,,,,,,,,,Fascia Board,Model,543142912,,Size,1 x 12-12',,Color,Carmel,,Dimensions,1x12-12,,Size / Dimensions,1x12-12',,,,,,,,,,,,,,,,,,,,,,,,,,,,,,,,,,,,,,,,,,,,,,,,,,,,,,,,,,,,,,,,,,,,,,,,,,,,,,,,,,,,,,,,,,,,,,,,,,,,,,,,,,,,,,,,,,,,,,,,,,,,,,,,,,,,,,,,,,,,30103600,,,,,,,,,,,,,,,,,,,,,,,,,,,,,,,,,,,,,,,,,,,
,,,,,,,Building Materials,Decking & Railing,Fascia,,543143912,1x12-12' Jasper - Trex Lineage,TREX,-- No Unilog Brand --,-- No DIB Brand --,U S Lumber (3073),"Trex Company, Inc.",Trex®,,543143912,,Building Materials>Decking & Railing>Fascia Boards,"Trex Company, Inc. Trex, 543143912, Fascia Board, 1 x 12-12', Jasper",FSC BRD,"Trex® 543143912 Fascia Board, 1 x 12-12', Jasper","The Trex® Fascia Board is designed for commercial and industrial applications, measuring 1 x 12-12', finished in Jasper.","Fascia Board, Jasper",{'Dimensions': '1x12-12'},Size: 1 x 12-12',Finish: Jasper,Size / Dimensions: 1x12-12',,,,,,,,,,,,,,,,,,,,,,,Fascia Board,Model,543143912,,Size,1 x 12-12',,Color,Jasper,,Dimensions,1x12-12,,Size / Dimensions,1x12-12',,,,,,,,,,,,,,,,,,,,,,,,,,,,,,,,,,,,,,,,,,,,,,,,,,,,,,,,,,,,,,,,,,,,,,,,,,,,,,,,,,,,,,,,,,,,,,,,,,,,,,,,,,,,,,,,,,,,,,,,,,,,,,,,,,,,,,,,,,,,30103600,,,,,,,,,,,,,,,,,,,,,,,,,,,,,,,,,,,,,,,,,,,
,,,,,,,Building Materials,Decking & Railing,Fascia,,1513715,1x12-12' Hatteras - Trex Lineage,TREX,-- No Unilog Brand --,-- No DIB Brand --,Boise Cascade Building Materials (BOICA),"Trex Company, Inc.",Trex®,,1513715,,Building Materials>Decking & Railing>Fascia Boards,"Trex Company, Inc. Trex, 1513715, Fascia Board, 1 x 12-12', Hatteras",FSC BRD,"Trex® 1513715 Fascia Board, 1 x 12-12', Hatteras","The Trex® Fascia Board is designed for commercial and industrial applications, measuring 1 x 12-12', finished in Hatteras.","Fascia Board, Hatteras",{'Dimensions': '1x12-12'},Size: 1 x 12-12',Finish: Hatteras,Size / Dimensions: 1x12-12',,,,,,,,,,,,,,,,,,,,,,,Fascia Board,Model,1513715,,Size,1 x 12-12',,Color,Hatteras,,Dimensions,1x12-12,,Size / Dimensions,1x12-12',,,,,,,,,,,,,,,,,,,,,,,,,,,,,,,,,,,,,,,,,,,,,,,,,,,,,,,,,,,,,,,,,,,,,,,,,,,,,,,,,,,,,,,,,,,,,,,,,,,,,,,,,,,,,,,,,,,,,,,,,,,,,,,,,,,,,,,,,,,,30103600,,,,,,,,,,,,,,,,,,,,,,,,,,,,,,,,,,,,,,,,,,,
,,,,,,,Building Materials,Decking & Railing,Fascia,,1513716,1x12-12' Salt Flat - Trex Lineage,TREX,-- No Unilog Brand --,-- No DIB Brand --,Boise Cascade Building Materials (BOICA),"Trex Company, Inc.",Trex®,,1513716,,Building Materials>Decking & Railing>Fascia Boards,"Trex Company, Inc. Trex, 1513716, Fascia Board, 1 x 12-12', Salt Flat",FSC BRD,"Trex® 1513716 Fascia Board, 1 x 12-12', Salt Flat","The Trex® Fascia Board is designed for commercial and industrial applications, measuring 1 x 12-12', finished in Salt Flat.","Fascia Board, Salt Flat",{'Dimensions': '1x12-12'},Size: 1 x 12-12',Finish: Salt Flat,Size / Dimensions: 1x12-12',,,,,,,,,,,,,,,,,,,,,,,Fascia Board,Model,1513716,,Size,1 x 12-12',,Color,Salt Flat,,Dimensions,1x12-12,,Size / Dimensions,1x12-12',,,,,,,,,,,,,,,,,,,,,,,,,,,,,,,,,,,,,,,,,,,,,,,,,,,,,,,,,,,,,,,,,,,,,,,,,,,,,,,,,,,,,,,,,,,,,,,,,,,,,,,,,,,,,,,,,,,,,,,,,,,,,,,,,,,,,,,,,,,,30103600,,,,,,,,,,,,,,,,,,,,,,,,,,,,,,,,,,,,,,,,,,,
,,,,,,,Building Materials,Decking & Railing,Fascia,,1513722,1x8-12' Honey Grove - Trex Enhance Naturals Fascia,TREX,-- No Unilog Brand --,-- No DIB Brand --,Boise Cascade Building Materials (BOICA),"Trex Company, Inc.",Trex®,,1513722,,Building Materials>Decking & Railing>Fascia Boards,"Trex Company, Inc. Trex, Enhance Naturals, 1513722, Fascia Board, 1 x 8-12'",FSC BRD,"Trex® Enhance Naturals 1513722 Fascia Board, 1 x 8-12', Honey Grove","The Trex® Enhance Naturals Fascia Board is designed for commercial and industrial applications, measuring 1 x 8-12', finished in Honey Grove.","Enhance Naturals Fascia Board, Honey Grove",{'Dimensions': '1x8-12'},Size: 1 x 8-12',Finish: Honey Grove,Size / Dimensions: 1x8-12',,,,,,,,,,,,,,,,,,,,,,,Fascia Board,Series,Enhance Naturals,,Model,1513722,,Size,1 x 8-12',,Color,Honey Grove,,Dimensions,1x8-12,,Size / Dimensions,1x8-12',,,,,,,,,,,,,,,,,,,,,,,,,,,,,,,,,,,,,,,,,,,,,,,,,,,,,,,,,,,,,,,,,,,,,,,,,,,,,,,,,,,,,,,,,,,,,,,,,,,,,,,,,,,,,,,,,,,,,,,,,,,,,,,,,,,,,,,,,30103600,,,,,,,,,,,,,,,,,,,,,,,,,,,,,,,,,,,,,,,,,,,
,,,,,,,Building Materials,Decking & Railing,Fascia,,1513723,1x12-12' Honey Grove - Trex Enhance Naturals Fascia,TREX,-- No Unilog Brand --,-- No DIB Brand --,Boise Cascade Building Materials (BOICA),"Trex Company, Inc.",Trex®,,1513723,,Building Materials>Decking & Railing>Fascia Boards,"Trex Company, Inc. Trex, Enhance Naturals, 1513723, Fascia Board, 1 x 12-12'",FSC BRD,"Trex® Enhance Naturals 1513723 Fascia Board, 1 x 12-12', Honey Grove","The Trex® Enhance Naturals Fascia Board is designed for commercial and industrial applications, measuring 1 x 12-12', finished in Honey Grove.","Enhance Naturals Fascia Board, Honey Grove",{'Dimensions': '1x12-12'},Size: 1 x 12-12',Finish: Honey Grove,Size / Dimensions: 1x12-12',,,,,,,,,,,,,,,,,,,,,,,Fascia Board,Series,Enhance Naturals,,Model,1513723,,Size,1 x 12-12',,Color,Honey Grove,,Dimensions,1x12-12,,Size / Dimensions,1x12-12',,,,,,,,,,,,,,,,,,,,,,,,,,,,,,,,,,,,,,,,,,,,,,,,,,,,,,,,,,,,,,,,,,,,,,,,,,,,,,,,,,,,,,,,,,,,,,,,,,,,,,,,,,,,,,,,,,,,,,,,,,,,,,,,,,,,,,,,,30103600,,,,,,,,,,,,,,,,,,,,,,,,,,,,,,,,,,,,,,,,,,,
,,,,,,,Building Materials,Decking & Railing,Fascia,,1513729,1x8-12' Tide Pool - Trex Enhance Basics Fascia,TREX,-- No Unilog Brand --,-- No DIB Brand --,Boise Cascade Building Materials (BOICA),"Trex Company, Inc.",Trex®,,1513729,,Building Materials>Decking & Railing>Fascia Boards,"Trex Company, Inc. Trex, Enhance Basics, 1513729, Fascia Board, 1 x 8-12'",FSC BRD,"Trex® Enhance Basics 1513729 Fascia Board, 1 x 8-12', Tide Pool","The Trex® Enhance Basics Fascia Board is designed for commercial and industrial applications, measuring 1 x 8-12', finished in Tide Pool.","Enhance Basics Fascia Board, Tide Pool",{'Dimensions': '1x8-12'},Size: 1 x 8-12',Finish: Tide Pool,Size / Dimensions: 1x8-12',,,,,,,,,,,,,,,,,,,,,,,Fascia Board,Series,Enhance Basics,,Model,1513729,,Size,1 x 8-12',,Color,Tide Pool,,Dimensions,1x8-12,,Size / Dimensions,1x8-12',,,,,,,,,,,,,,,,,,,,,,,,,,,,,,,,,,,,,,,,,,,,,,,,,,,,,,,,,,,,,,,,,,,,,,,,,,,,,,,,,,,,,,,,,,,,,,,,,,,,,,,,,,,,,,,,,,,,,,,,,,,,,,,,,,,,,,,,,30103600,,,,,,,,,,,,,,,,,,,,,,,,,,,,,,,,,,,,,,,,,,,
,,,,,,,Building Materials,Decking & Railing,Fascia,,1513730,1x12-12' Tide Pool - Trex Enhance Basics Fascia,TREX,-- No Unilog Brand --,-- No DIB Brand --,Boise Cascade Building Materials (BOICA),"Trex Company, Inc.",Trex®,,1513730,,Building Materials>Decking & Railing>Fascia Boards,"Trex Company, Inc. Trex, Enhance Basics, 1513730, Fascia Board, 1 x 12-12'",FSC BRD,"Trex® Enhance Basics 1513730 Fascia Board, 1 x 12-12', Tide Pool","The Trex® Enhance Basics Fascia Board is designed for commercial and industrial applications, measuring 1 x 12-12', finished in Tide Pool.","Enhance Basics Fascia Board, Tide Pool",{'Dimensions': '1x12-12'},Size: 1 x 12-12',Finish: Tide Pool,Size / Dimensions: 1x12-12',,,,,,,,,,,,,,,,,,,,,,,Fascia Board,Series,Enhance Basics,,Model,1513730,,Size,1 x 12-12',,Color,Tide Pool,,Dimensions,1x12-12,,Size / Dimensions,1x12-12',,,,,,,,,,,,,,,,,,,,,,,,,,,,,,,,,,,,,,,,,,,,,,,,,,,,,,,,,,,,,,,,,,,,,,,,,,,,,,,,,,,,,,,,,,,,,,,,,,,,,,,,,,,,,,,,,,,,,,,,,,,,,,,,,,,,,,,,,30103600,,,,,,,,,,,,,,,,,,,,,,,,,,,,,,,,,,,,,,,,,,,
,,,,,,,Building Materials,Decking & Railing,Fascia,,543076916,1x8-12' Cinnamon Cove - Trex Enhance Naturals Fascia,TREX,-- No Unilog Brand --,-- No DIB Brand --,Boise Cascade Building Materials (BOICA),"Trex Company, Inc.",Trex®,,543076916,,Building Materials>Decking & Railing>Fascia Boards,"Trex Company, Inc. Trex, Enhance Naturals, 543076916, Fascia Board, 1 x 8-12'",FSC BRD,"Trex® Enhance Naturals 543076916 Fascia Board, 1 x 8-12', Cinnamon Cove","The Trex® Enhance Naturals Fascia Board is designed for commercial and industrial applications, measuring 1 x 8-12', finished in Cinnamon Cove.","Enhance Naturals Fascia Board, Cinnamon Cove",{'Dimensions': '1x8-12'},Size: 1 x 8-12',Finish: Cinnamon Cove,Size / Dimensions: 1x8-12',,,,,,,,,,,,,,,,,,,,,,,Fascia Board,Series,Enhance Naturals,,Model,543076916,,Size,1 x 8-12',,Color,Cinnamon Cove,,Dimensions,1x8-12,,Size / Dimensions,1x8-12',,,,,,,,,,,,,,,,,,,,,,,,,,,,,,,,,,,,,,,,,,,,,,,,,,,,,,,,,,,,,,,,,,,,,,,,,,,,,,,,,,,,,,,,,,,,,,,,,,,,,,,,,,,,,,,,,,,,,,,,,,,,,,,,,,,,,,,,,30103600,,,,,,,,,,,,,,,,,,,,,,,,,,,,,,,,,,,,,,,,,,,
,,,,,,,Building Materials,Decking & Railing,Fascia,,1516876,1x8-12' Golden Hour - Trex Enhance Naturals Fascia,TREX,-- No Unilog Brand --,-- No DIB Brand --,Boise Cascade Building Materials (BOICA),"Trex Company, Inc.",Trex®,,1516876,,Building Materials>Decking & Railing>Fascia Boards,"Trex Company, Inc. Trex, Enhance Naturals, 1516876, Fascia Board, 1 x 8-12'",FSC BRD,"Trex® Enhance Naturals 1516876 Fascia Board, 1 x 8-12', Golden Hour","The Trex® Enhance Naturals Fascia Board is designed for commercial and industrial applications, measuring 1 x 8-12', finished in Golden Hour.","Enhance Naturals Fascia Board, Golden Hour",{'Dimensions': '1x8-12'},Size: 1 x 8-12',Finish: Golden Hour,Size / Dimensions: 1x8-12',,,,,,,,,,,,,,,,,,,,,,,Fascia Board,Series,Enhance Naturals,,Model,1516876,,Size,1 x 8-12',,Color,Golden Hour,,Dimensions,1x8-12,,Size / Dimensions,1x8-12',,,,,,,,,,,,,,,,,,,,,,,,,,,,,,,,,,,,,,,,,,,,,,,,,,,,,,,,,,,,,,,,,,,,,,,,,,,,,,,,,,,,,,,,,,,,,,,,,,,,,,,,,,,,,,,,,,,,,,,,,,,,,,,,,,,,,,,,,30103600,,,,,,,,,,,,,,,,,,,,,,,,,,,,,,,,,,,,,,,,,,,
,,,,,,,Building Materials,Decking & Railing,Fascia,,543076936,1x12-12' Cinnamon Cove - Trex Enhance Naturals Fascia,TREX,-- No Unilog Brand --,-- No DIB Brand --,Boise Cascade Building Materials (BOICA),"Trex Company, Inc.",Trex®,,543076936,,Building Materials>Decking & Railing>Fascia Boards,"Trex Company, Inc. Trex, Enhance Naturals, 543076936, Fascia Board, 1 x 12-12'",FSC BRD,"Trex® Enhance Naturals 543076936 Fascia Board, 1 x 12-12', Cinnamon Cove","The Trex® Enhance Naturals Fascia Board is designed for commercial and industrial applications, measuring 1 x 12-12', finished in Cinnamon Cove.","Enhance Naturals Fascia Board, Cinnamon Cove",{'Dimensions': '1x12-12'},Size: 1 x 12-12',Finish: Cinnamon Cove,Size / Dimensions: 1x12-12',,,,,,,,,,,,,,,,,,,,,,,Fascia Board,Series,Enhance Naturals,,Model,543076936,,Size,1 x 12-12',,Color,Cinnamon Cove,,Dimensions,1x12-12,,Size / Dimensions,1x12-12',,,,,,,,,,,,,,,,,,,,,,,,,,,,,,,,,,,,,,,,,,,,,,,,,,,,,,,,,,,,,,,,,,,,,,,,,,,,,,,,,,,,,,,,,,,,,,,,,,,,,,,,,,,,,,,,,,,,,,,,,,,,,,,,,,,,,,,,,30103600,,,,,,,,,,,,,,,,,,,,,,,,,,,,,,,,,,,,,,,,,,,
,,,,,,,Building Materials,Decking & Railing,Fascia,,1516878,1x12-12' Golden Hour - Trex Enhance Naturals Fascia,TREX,-- No Unilog Brand --,-- No DIB Brand --,Boise Cascade Building Materials (BOICA),"Trex Company, Inc.",Trex®,,1516878,,Building Materials>Decking & Railing>Fascia Boards,"Trex Company, Inc. Trex, Enhance Naturals, 1516878, Fascia Board, 1 x 12-12'",FSC BRD,"Trex® Enhance Naturals 1516878 Fascia Board, 1 x 12-12', Golden Hour","The Trex® Enhance Naturals Fascia Board is designed for commercial and industrial applications, measuring 1 x 12-12', finished in Golden Hour.","Enhance Naturals Fascia Board, Golden Hour",{'Dimensions': '1x12-12'},Size: 1 x 12-12',Finish: Golden Hour,Size / Dimensions: 1x12-12',,,,,,,,,,,,,,,,,,,,,,,Fascia Board,Series,Enhance Naturals,,Model,1516878,,Size,1 x 12-12',,Color,Golden Hour,,Dimensions,1x12-12,,Size / Dimensions,1x12-12',,,,,,,,,,,,,,,,,,,,,,,,,,,,,,,,,,,,,,,,,,,,,,,,,,,,,,,,,,,,,,,,,,,,,,,,,,,,,,,,,,,,,,,,,,,,,,,,,,,,,,,,,,,,,,,,,,,,,,,,,,,,,,,,,,,,,,,,,30103600,,,,,,,,,,,,,,,,,,,,,,,,,,,,,,,,,,,,,,,,,,,
,,,,,,,Building Materials,Decking & Railing,Fascia,,1516884,1x8-12' Pebble Beach - Trex Enhance Basics Fascia,TREX,-- No Unilog Brand --,-- No DIB Brand --,Boise Cascade Building Materials (BOICA),"Trex Company, Inc.",Trex®,,1516884,,Building Materials>Decking & Railing>Fascia Boards,"Trex Company, Inc. Trex, Enhance Basics, 1516884, Fascia Board, 1 x 8-12'",FSC BRD,"Trex® Enhance Basics 1516884 Fascia Board, 1 x 8-12', Pebble Beach","The Trex® Enhance Basics Fascia Board is designed for commercial and industrial applications, measuring 1 x 8-12', finished in Pebble Beach.","Enhance Basics Fascia Board, Pebble Beach",{'Dimensions': '1x8-12'},Size: 1 x 8-12',Finish: Pebble Beach,Size / Dimensions: 1x8-12',,,,,,,,,,,,,,,,,,,,,,,Fascia Board,Series,Enhance Basics,,Model,1516884,,Size,1 x 8-12',,Color,Pebble Beach,,Dimensions,1x8-12,,Size / Dimensions,1x8-12',,,,,,,,,,,,,,,,,,,,,,,,,,,,,,,,,,,,,,,,,,,,,,,,,,,,,,,,,,,,,,,,,,,,,,,,,,,,,,,,,,,,,,,,,,,,,,,,,,,,,,,,,,,,,,,,,,,,,,,,,,,,,,,,,,,,,,,,,30103600,,,,,,,,,,,,,,,,,,,,,,,,,,,,,,,,,,,,,,,,,,,
,,,,,,,Building Materials,Decking & Railing,Fascia,,1516885,1x12-12' Pebble Beach - Trex Enhance Basics Fascia,TREX,-- No Unilog Brand --,-- No DIB Brand --,Boise Cascade Building Materials (BOICA),"Trex Company, Inc.",Trex®,,1516885,,Building Materials>Decking & Railing>Fascia Boards,"Trex Company, Inc. Trex, Enhance Basics, 1516885, Fascia Board, 1 x 12-12'",FSC BRD,"Trex® Enhance Basics 1516885 Fascia Board, 1 x 12-12', Pebble Beach","The Trex® Enhance Basics Fascia Board is designed for commercial and industrial applications, measuring 1 x 12-12', finished in Pebble Beach.","Enhance Basics Fascia Board, Pebble Beach",{'Dimensions': '1x12-12'},Size: 1 x 12-12',Finish: Pebble Beach,Size / Dimensions: 1x12-12',,,,,,,,,,,,,,,,,,,,,,,Fascia Board,Series,Enhance Basics,,Model,1516885,,Size,1 x 12-12',,Color,Pebble Beach,,Dimensions,1x12-12,,Size / Dimensions,1x12-12',,,,,,,,,,,,,,,,,,,,,,,,,,,,,,,,,,,,,,,,,,,,,,,,,,,,,,,,,,,,,,,,,,,,,,,,,,,,,,,,,,,,,,,,,,,,,,,,,,,,,,,,,,,,,,,,,,,,,,,,,,,,,,,,,,,,,,,,,30103600,,,,,,,,,,,,,,,,,,,,,,,,,,,,,,,,,,,,,,,,,,,
,,,,,,,Building Materials,Decking & Railing,Fascia,,543005916,1x8-12' Malted Barley - Trex Select 2.0 Fascia,TREX,-- No Unilog Brand --,-- No DIB Brand --,Boise Cascade Building Materials (BOICA),"Trex Company, Inc.",Trex®,,543005916,,Building Materials>Decking & Railing>Fascia Boards,"Trex Company, Inc. Trex, Select 2.0, 543005916, Fascia Board, 1 x 8-12'",FSC BRD,"Trex® Select 2.0 543005916 Fascia Board, 1 x 8-12', Malted Barley","The Trex® Select 2.0 Fascia Board is designed for commercial and industrial applications, measuring 1 x 8-12', finished in Malted Barley.","Select 2.0 Fascia Board, Malted Barley",{'Dimensions': '1x8-12'},Size: 1 x 8-12',Finish: Malted Barley,Size / Dimensions: 1x8-12',,,,,,,,,,,,,,,,,,,,,,,Fascia Board,Series,Select 2.0,,Model,543005916,,Size,1 x 8-12',,Color,Malted Barley,,Dimensions,1x8-12,,Size / Dimensions,1x8-12',,,,,,,,,,,,,,,,,,,,,,,,,,,,,,,,,,,,,,,,,,,,,,,,,,,,,,,,,,,,,,,,,,,,,,,,,,,,,,,,,,,,,,,,,,,,,,,,,,,,,,,,,,,,,,,,,,,,,,,,,,,,,,,,,,,,,,,,,30103600,,,,,,,,,,,,,,,,,,,,,,,,,,,,,,,,,,,,,,,,,,,
,,,,,,,Building Materials,Decking & Railing,Fascia,,1516902,1x8-12' Millstone - Trex Select 2.0 Fascia,TREX,-- No Unilog Brand --,-- No DIB Brand --,Boise Cascade Building Materials (BOICA),"Trex Company, Inc.",Trex®,,1516902,,Building Materials>Decking & Railing>Fascia Boards,"Trex Company, Inc. Trex, Select 2.0, 1516902, Fascia Board, 1 x 8-12', Millstone",FSC BRD,"Trex® Select 2.0 1516902 Fascia Board, 1 x 8-12', Millstone","The Trex® Select 2.0 Fascia Board is designed for commercial and industrial applications, measuring 1 x 8-12', finished in Millstone.","Select 2.0 Fascia Board, Millstone",{'Dimensions': '1x8-12'},Size: 1 x 8-12',Finish: Millstone,Size / Dimensions: 1x8-12',,,,,,,,,,,,,,,,,,,,,,,Fascia Board,Series,Select 2.0,,Model,1516902,,Size,1 x 8-12',,Color,Millstone,,Dimensions,1x8-12,,Size / Dimensions,1x8-12',,,,,,,,,,,,,,,,,,,,,,,,,,,,,,,,,,,,,,,,,,,,,,,,,,,,,,,,,,,,,,,,,,,,,,,,,,,,,,,,,,,,,,,,,,,,,,,,,,,,,,,,,,,,,,,,,,,,,,,,,,,,,,,,,,,,,,,,,30103600,,,,,,,,,,,,,,,,,,,,,,,,,,,,,,,,,,,,,,,,,,,
,,,,,,,Building Materials,Decking & Railing,Fascia,,543007916,1x8-12' Whiskey Barrel - Trex Select 2.0 Fascia,TREX,-- No Unilog Brand --,-- No DIB Brand --,Boise Cascade Building Materials (BOICA),"Trex Company, Inc.",Trex®,,543007916,,Building Materials>Decking & Railing>Fascia Boards,"Trex Company, Inc. Trex, Select 2.0, 543007916, Fascia Board, 1 x 8-12'",FSC BRD,"Trex® Select 2.0 543007916 Fascia Board, 1 x 8-12', Whiskey Barrel","The Trex® Select 2.0 Fascia Board is designed for commercial and industrial applications, measuring 1 x 8-12', finished in Whiskey Barrel.","Select 2.0 Fascia Board, Whiskey Barrel",{'Dimensions': '1x8-12'},Size: 1 x 8-12',Finish: Whiskey Barrel,Size / Dimensions: 1x8-12',,,,,,,,,,,,,,,,,,,,,,,Fascia Board,Series,Select 2.0,,Model,543007916,,Size,1 x 8-12',,Color,Whiskey Barrel,,Dimensions,1x8-12,,Size / Dimensions,1x8-12',,,,,,,,,,,,,,,,,,,,,,,,,,,,,,,,,,,,,,,,,,,,,,,,,,,,,,,,,,,,,,,,,,,,,,,,,,,,,,,,,,,,,,,,,,,,,,,,,,,,,,,,,,,,,,,,,,,,,,,,,,,,,,,,,,,,,,,,,30103600,,,,,,,,,,,,,,,,,,,,,,,,,,,,,,,,,,,,,,,,,,,
,,,,,,,Building Materials,Decking & Railing,Fascia,,543005936,1x12-12' Malted Barley - Trex Select 2.0 Fascia,TREX,-- No Unilog Brand --,-- No DIB Brand --,Boise Cascade Building Materials (BOICA),"Trex Company, Inc.",Trex®,,543005936,,Building Materials>Decking & Railing>Fascia Boards,"Trex Company, Inc. Trex, Select 2.0, 543005936, Fascia Board, 1 x 12-12'",FSC BRD,"Trex® Select 2.0 543005936 Fascia Board, 1 x 12-12', Malted Barley","The Trex® Select 2.0 Fascia Board is designed for commercial and industrial applications, measuring 1 x 12-12', finished in Malted Barley.","Select 2.0 Fascia Board, Malted Barley",{'Dimensions': '1x12-12'},Size: 1 x 12-12',Finish: Malted Barley,Size / Dimensions: 1x12-12',,,,,,,,,,,,,,,,,,,,,,,Fascia Board,Series,Select 2.0,,Model,543005936,,Size,1 x 12-12',,Color,Malted Barley,,Dimensions,1x12-12,,Size / Dimensions,1x12-12',,,,,,,,,,,,,,,,,,,,,,,,,,,,,,,,,,,,,,,,,,,,,,,,,,,,,,,,,,,,,,,,,,,,,,,,,,,,,,,,,,,,,,,,,,,,,,,,,,,,,,,,,,,,,,,,,,,,,,,,,,,,,,,,,,,,,,,,,30103600,,,,,,,,,,,,,,,,,,,,,,,,,,,,,,,,,,,,,,,,,,,
,,,,,,,Building Materials,Decking & Railing,Fascia,,1516905,1x12-12' Millstone - Trex Select 2.0 Fascia,TREX,-- No Unilog Brand --,-- No DIB Brand --,Boise Cascade Building Materials (BOICA),"Trex Company, Inc.",Trex®,,1516905,,Building Materials>Decking & Railing>Fascia Boards,"Trex Company, Inc. Trex, Select 2.0, 1516905, Fascia Board, 1 x 12-12'",FSC BRD,"Trex® Select 2.0 1516905 Fascia Board, 1 x 12-12', Millstone","The Trex® Select 2.0 Fascia Board is designed for commercial and industrial applications, measuring 1 x 12-12', finished in Millstone.","Select 2.0 Fascia Board, Millstone",{'Dimensions': '1x12-12'},Size: 1 x 12-12',Finish: Millstone,Size / Dimensions: 1x12-12',,,,,,,,,,,,,,,,,,,,,,,Fascia Board,Series,Select 2.0,,Model,1516905,,Size,1 x 12-12',,Color,Millstone,,Dimensions,1x12-12,,Size / Dimensions,1x12-12',,,,,,,,,,,,,,,,,,,,,,,,,,,,,,,,,,,,,,,,,,,,,,,,,,,,,,,,,,,,,,,,,,,,,,,,,,,,,,,,,,,,,,,,,,,,,,,,,,,,,,,,,,,,,,,,,,,,,,,,,,,,,,,,,,,,,,,,,30103600,,,,,,,,,,,,,,,,,,,,,,,,,,,,,,,,,,,,,,,,,,,
,,,,,,,Building Materials,Decking & Railing,Fascia,,543007936,1x12-12' Whiskey Barrel - Trex Select 2.0 Fascia,TREX,-- No Unilog Brand --,-- No DIB Brand --,Boise Cascade Building Materials (BOICA),"Trex Company, Inc.",Trex®,,543007936,,Building Materials>Decking & Railing>Fascia Boards,"Trex Company, Inc. Trex, Select 2.0, 543007936, Fascia Board, 1 x 12-12'",FSC BRD,"Trex® Select 2.0 543007936 Fascia Board, 1 x 12-12', Whiskey Barrel","The Trex® Select 2.0 Fascia Board is designed for commercial and industrial applications, measuring 1 x 12-12', finished in Whiskey Barrel.","Select 2.0 Fascia Board, Whiskey Barrel",{'Dimensions': '1x12-12'},Size: 1 x 12-12',Finish: Whiskey Barrel,Size / Dimensions: 1x12-12',,,,,,,,,,,,,,,,,,,,,,,Fascia Board,Series,Select 2.0,,Model,543007936,,Size,1 x 12-12',,Color,Whiskey Barrel,,Dimensions,1x12-12,,Size / Dimensions,1x12-12',,,,,,,,,,,,,,,,,,,,,,,,,,,,,,,,,,,,,,,,,,,,,,,,,,,,,,,,,,,,,,,,,,,,,,,,,,,,,,,,,,,,,,,,,,,,,,,,,,,,,,,,,,,,,,,,,,,,,,,,,,,,,,,,,,,,,,,,,30103600,,,,,,,,,,,,,,,,,,,,,,,,,,,,,,,,,,,,,,,,,,,
,,,,,,,Building Materials,Decking & Railing,Fascia,,543144908,1x8-12' Island Mist - Trex Lineage,TREX,-- No Unilog Brand --,-- No DIB Brand --,U S Lumber (3073),"Trex Company, Inc.",Trex®,,543144908,,Building Materials>Decking & Railing>Fascia Boards,"Trex Company, Inc. Trex, 543144908, Fascia Board, 1 x 8-12', Island Mist",FSC BRD,"Trex® 543144908 Fascia Board, 1 x 8-12', Island Mist","The Trex® Fascia Board is designed for commercial and industrial applications, measuring 1 x 8-12', finished in Island Mist.","Fascia Board, Island Mist",{'Dimensions': '1x8-12'},Size: 1 x 8-12',Finish: Island Mist,Size / Dimensions: 1x8-12',,,,,,,,,,,,,,,,,,,,,,,Fascia Board,Model,543144908,,Size,1 x 8-12',,Color,Island Mist,,Dimensions,1x8-12,,Size / Dimensions,1x8-12',,,,,,,,,,,,,,,,,,,,,,,,,,,,,,,,,,,,,,,,,,,,,,,,,,,,,,,,,,,,,,,,,,,,,,,,,,,,,,,,,,,,,,,,,,,,,,,,,,,,,,,,,,,,,,,,,,,,,,,,,,,,,,,,,,,,,,,,,,,,30103600,,,,,,,,,,,,,,,,,,,,,,,,,,,,,,,,,,,,,,,,,,,
,,,,,,,Building Materials,Decking & Railing,Fascia,,543141908,1x8-12' Rainier - Trex Lineage,TREX,-- No Unilog Brand --,-- No DIB Brand --,U S Lumber (3073),"Trex Company, Inc.",Trex®,,543141908,,Building Materials>Decking & Railing>Fascia Boards,"Trex Company, Inc. Trex, 543141908, Fascia Board, 1 x 8-12', Rainier",FSC BRD,"Trex® 543141908 Fascia Board, 1 x 8-12', Rainier","The Trex® Fascia Board is designed for commercial and industrial applications, measuring 1 x 8-12', finished in Rainier.","Fascia Board, Rainier",{'Dimensions': '1x8-12'},Size: 1 x 8-12',Finish: Rainier,Size / Dimensions: 1x8-12',,,,,,,,,,,,,,,,,,,,,,,Fascia Board,Model,543141908,,Size,1 x 8-12',,Color,Rainier,,Dimensions,1x8-12,,Size / Dimensions,1x8-12',,,,,,,,,,,,,,,,,,,,,,,,,,,,,,,,,,,,,,,,,,,,,,,,,,,,,,,,,,,,,,,,,,,,,,,,,,,,,,,,,,,,,,,,,,,,,,,,,,,,,,,,,,,,,,,,,,,,,,,,,,,,,,,,,,,,,,,,,,,,30103600,,,,,,,,,,,,,,,,,,,,,,,,,,,,,,,,,,,,,,,,,,,
,,,,,,,Building Materials,Decking & Railing,Fascia,,543144912,1x12-12' Island Mist - Trex Lineage,TREX,-- No Unilog Brand --,-- No DIB Brand --,U S Lumber (3073),"Trex Company, Inc.",Trex®,,543144912,,Building Materials>Decking & Railing>Fascia Boards,"Trex Company, Inc. Trex, 543144912, Fascia Board, 1 x 12-12', Island Mist",FSC BRD,"Trex® 543144912 Fascia Board, 1 x 12-12', Island Mist","The Trex® Fascia Board is designed for commercial and industrial applications, measuring 1 x 12-12', finished in Island Mist.","Fascia Board, Island Mist",{'Dimensions': '1x12-12'},Size: 1 x 12-12',Finish: Island Mist,Size / Dimensions: 1x12-12',,,,,,,,,,,,,,,,,,,,,,,Fascia Board,Model,543144912,,Size,1 x 12-12',,Color,Island Mist,,Dimensions,1x12-12,,Size / Dimensions,1x12-12',,,,,,,,,,,,,,,,,,,,,,,,,,,,,,,,,,,,,,,,,,,,,,,,,,,,,,,,,,,,,,,,,,,,,,,,,,,,,,,,,,,,,,,,,,,,,,,,,,,,,,,,,,,,,,,,,,,,,,,,,,,,,,,,,,,,,,,,,,,,30103600,,,,,,,,,,,,,,,,,,,,,,,,,,,,,,,,,,,,,,,,,,,
,,,,,,,Building Materials,Decking & Railing,Fascia,,543141912,1x12-12' Rainier - Trex Lineage,TREX,-- No Unilog Brand --,-- No DIB Brand --,U S Lumber (3073),"Trex Company, Inc.",Trex®,,543141912,,Building Materials>Decking & Railing>Fascia Boards,"Trex Company, Inc. Trex, 543141912, Fascia Board, 1 x 12-12', Rainier",FSC BRD,"Trex® 543141912 Fascia Board, 1 x 12-12', Rainier","The Trex® Fascia Board is designed for commercial and industrial applications, measuring 1 x 12-12', finished in Rainier.","Fascia Board, Rainier",{'Dimensions': '1x12-12'},Size: 1 x 12-12',Finish: Rainier,Size / Dimensions: 1x12-12',,,,,,,,,,,,,,,,,,,,,,,Fascia Board,Model,543141912,,Size,1 x 12-12',,Color,Rainier,,Dimensions,1x12-12,,Size / Dimensions,1x12-12',,,,,,,,,,,,,,,,,,,,,,,,,,,,,,,,,,,,,,,,,,,,,,,,,,,,,,,,,,,,,,,,,,,,,,,,,,,,,,,,,,,,,,,,,,,,,,,,,,,,,,,,,,,,,,,,,,,,,,,,,,,,,,,,,,,,,,,,,,,,30103600,,,,,,,,,,,,,,,,,,,,,,,,,,,,,,,,,,,,,,,,,,,
,,,,,,,Building Materials,Decking & Railing,Fascia,,1513713,1x8-12' Hatteras - Trex Lineage,TREX,-- No Unilog Brand --,-- No DIB Brand --,Boise Cascade Building Materials (BOICA),"Trex Company, Inc.",Trex®,,1513713,,Building Materials>Decking & Railing>Fascia Boards,"Trex Company, Inc. Trex, 1513713, Fascia Board, 1 x 8-12', Hatteras",FSC BRD,"Trex® 1513713 Fascia Board, 1 x 8-12', Hatteras","The Trex® Fascia Board is designed for commercial and industrial applications, measuring 1 x 8-12', finished in Hatteras.","Fascia Board, Hatteras",{'Dimensions': '1x8-12'},Size: 1 x 8-12',Finish: Hatteras,Size / Dimensions: 1x8-12',,,,,,,,,,,,,,,,,,,,,,,Fascia Board,Model,1513713,,Size,1 x 8-12',,Color,Hatteras,,Dimensions,1x8-12,,Size / Dimensions,1x8-12',,,,,,,,,,,,,,,,,,,,,,,,,,,,,,,,,,,,,,,,,,,,,,,,,,,,,,,,,,,,,,,,,,,,,,,,,,,,,,,,,,,,,,,,,,,,,,,,,,,,,,,,,,,,,,,,,,,,,,,,,,,,,,,,,,,,,,,,,,,,30103600,,,,,,,,,,,,,,,,,,,,,,,,,,,,,,,,,,,,,,,,,,,
,,,,,,,Building Materials,Decking & Railing,Fascia,,1513714,1x8-12' Salt Flat - Trex Lineage,TREX,-- No Unilog Brand --,-- No DIB Brand --,Boise Cascade Building Materials (BOICA),"Trex Company, Inc.",Trex®,,1513714,,Building Materials>Decking & Railing>Fascia Boards,"Trex Company, Inc. Trex, 1513714, Fascia Board, 1 x 8-12', Salt Flat",FSC BRD,"Trex® 1513714 Fascia Board, 1 x 8-12', Salt Flat","The Trex® Fascia Board is designed for commercial and industrial applications, measuring 1 x 8-12', finished in Salt Flat.","Fascia Board, Salt Flat",{'Dimensions': '1x8-12'},Size: 1 x 8-12',Finish: Salt Flat,Size / Dimensions: 1x8-12',,,,,,,,,,,,,,,,,,,,,,,Fascia Board,Model,1513714,,Size,1 x 8-12',,Color,Salt Flat,,Dimensions,1x8-12,,Size / Dimensions,1x8-12',,,,,,,,,,,,,,,,,,,,,,,,,,,,,,,,,,,,,,,,,,,,,,,,,,,,,,,,,,,,,,,,,,,,,,,,,,,,,,,,,,,,,,,,,,,,,,,,,,,,,,,,,,,,,,,,,,,,,,,,,,,,,,,,,,,,,,,,,,,,30103600,,,,,,,,,,,,,,,,,,,,,,,,,,,,,,,,,,,,,,,,,,,
,,,,,,,Building Materials,Decking & Railing,Post Accessories,,73012503,4x4 Wh Heritage Post Trim RDI,-- Unbranded --,-- No Unilog Brand --,-- No DIB Brand --,Unbranded,Unbranded,-- Unbranded --,,73012503,,Building Materials>Decking & Railing>Post Caps & Trim,"Unbranded, 73012503, Post Trim & Cap, 4 x 4, White",POST TRIM & CAP,"Unbranded 73012503 Post Trim & Cap, 4 x 4, White","The Unbranded Post Trim & Cap is designed for commercial and industrial applications, measuring 4 x 4, finished in White.","Post Trim & Cap, White",{'Dimensions': '4x4'},Size: 4 x 4,Finish: White,Size / Dimensions: 4x4,,,,,,,,,,,,,,,,,,,,,,,Post Trim & Cap,Model,73012503,,Size,4 x 4,,Color,White,,Dimensions,4x4,,Size / Dimensions,4x4,,,,,,,,,,,,,,,,,,,,,,,,,,,,,,,,,,,,,,,,,,,,,,,,,,,,,,,,,,,,,,,,,,,,,,,,,,,,,,,,,,,,,,,,,,,,,,,,,,,,,,,,,,,,,,,,,,,,,,,,,,,,,,,,,,,,,,,,,,,,30103601,,,,,,,,,,,,,,,,,,,,,,,,,,,,,,,,,,,,,,,,,,,
,,,,,,,Building Materials,Decking & Railing,Post Accessories,,73018131,6x6 Wh Elite Post Trim 4pc RDI,-- Unbranded --,-- No Unilog Brand --,-- No DIB Brand --,Unbranded,Unbranded,-- Unbranded --,,73018131,,Building Materials>Decking & Railing>Post Caps & Trim,"Unbranded, 73018131, Post Trim & Cap, 6 x 6, White, 4 Pack",POST TRIM & CAP 4PK,"Unbranded 73018131 Post Trim & Cap, 6 x 6, White, 4 Pack","The Unbranded Post Trim & Cap is designed for commercial and industrial applications, measuring 6 x 6, finished in White.","Post Trim & Cap, White",{'Dimensions': '6x6'},Size: 6 x 6,Finish: White,4 Count Package,Size / Dimensions: 6x6,,,,,,,,,,,,,,,,,,,,,,Post Trim & Cap,Model,73018131,,Size,6 x 6,,Color,White,,Package Quantity,4,pk,Dimensions,6x6,,Size / Dimensions,6x6,,,,,,,,,,,,,,,,,,,,,,,,,,,,,,,,,,,,,,,,,,,,,,,,,,,,,,,,,,,,,,,,,,,,,,,,,,,,,,,,,,,,,,,,,,,,,,,,,,,,,,,,,,,,,,,,,,,,,,,,,,,,,,,,,,,,,,,,,30103601,,,,,,,,,,,,,,,,,,,,,,,,,,,,,,,,,,,,,,,,,,,
,,,,,,,Building Materials,Decking & Railing,Post Accessories,,73018091,4x4 Wh Elite Post Trim RDI,-- Unbranded --,-- No Unilog Brand --,-- No DIB Brand --,Unbranded,Unbranded,-- Unbranded --,,73018091,,Building Materials>Decking & Railing>Post Caps & Trim,"Unbranded, 73018091, Post Trim & Cap, 4 x 4, White",POST TRIM & CAP,"Unbranded 73018091 Post Trim & Cap, 4 x 4, White","The Unbranded Post Trim & Cap is designed for commercial and industrial applications, measuring 4 x 4, finished in White.","Post Trim & Cap, White",{'Dimensions': '4x4'},Size: 4 x 4,Finish: White,Size / Dimensions: 4x4,,,,,,,,,,,,,,,,,,,,,,,Post Trim & Cap,Model,73018091,,Size,4 x 4,,Color,White,,Dimensions,4x4,,Size / Dimensions,4x4,,,,,,,,,,,,,,,,,,,,,,,,,,,,,,,,,,,,,,,,,,,,,,,,,,,,,,,,,,,,,,,,,,,,,,,,,,,,,,,,,,,,,,,,,,,,,,,,,,,,,,,,,,,,,,,,,,,,,,,,,,,,,,,,,,,,,,,,,,,,30103601,,,,,,,,,,,,,,,,,,,,,,,,,,,,,,,,,,,,,,,,,,,
,,,,,,,Building Materials,Decking & Railing,Post Accessories,,73018066,Clay 6x6 Elite Post Trim RDI - 4pc,-- Unbranded --,-- No Unilog Brand --,-- No DIB Brand --,Unbranded,Unbranded,-- Unbranded --,,73018066,,Building Materials>Decking & Railing>Post Caps & Trim,"Unbranded, 73018066, Post Trim & Cap, 6 x 6, 4 Pack",POST TRIM & CAP 4PK,"Unbranded 73018066 Post Trim & Cap, 6 x 6, 4 Pack","The Unbranded Post Trim & Cap is designed for commercial and industrial applications, measuring 6 x 6.",Post Trim & Cap,{'Dimensions': '6x6'},Size: 6 x 6,4 Count Package,Size / Dimensions: 6x6,,,,,,,,,,,,,,,,,,,,,,,Post Trim & Cap,Model,73018066,,Size,6 x 6,,Package Quantity,4,pk,Dimensions,6x6,,Size / Dimensions,6x6,,,,,,,,,,,,,,,,,,,,,,,,,,,,,,,,,,,,,,,,,,,,,,,,,,,,,,,,,,,,,,,,,,,,,,,,,,,,,,,,,,,,,,,,,,,,,,,,,,,,,,,,,,,,,,,,,,,,,,,,,,,,,,,,,,,,,,,,,,,,30103601,,,,,,,,,,,,,,,,,,,,,,,,,,,,,,,,,,,,,,,,,,,
,,,,,,,Building Materials,Decking & Railing,Post Accessories,,73018076,4x4 Wh Flat Post Cap RDI,-- Unbranded --,-- No Unilog Brand --,-- No DIB Brand --,Unbranded,Unbranded,-- Unbranded --,,73018076,,Building Materials>Decking & Railing>Post Caps & Trim,"Unbranded, 73018076, Post Trim & Cap, 4 x 4, White",POST TRIM & CAP,"Unbranded 73018076 Post Trim & Cap, 4 x 4, White","The Unbranded Post Trim & Cap is designed for commercial and industrial applications, measuring 4 x 4, finished in White.","Post Trim & Cap, White",{'Dimensions': '4x4'},Size: 4 x 4,Finish: White,Size / Dimensions: 4x4,,,,,,,,,,,,,,,,,,,,,,,Post Trim & Cap,Model,73018076,,Size,4 x 4,,Color,White,,Dimensions,4x4,,Size / Dimensions,4x4,,,,,,,,,,,,,,,,,,,,,,,,,,,,,,,,,,,,,,,,,,,,,,,,,,,,,,,,,,,,,,,,,,,,,,,,,,,,,,,,,,,,,,,,,,,,,,,,,,,,,,,,,,,,,,,,,,,,,,,,,,,,,,,,,,,,,,,,,,,,30103601,,,,,,,,,,,,,,,,,,,,,,,,,,,,,,,,,,,,,,,,,,,
,,,,,,,Building Materials,Decking & Railing,Post Wraps,,61109087,Wh 4x4-39 Blank Post RDI,-- Unbranded --,-- No Unilog Brand --,-- No DIB Brand --,Unbranded,Unbranded,-- Unbranded --,,61109087,,Building Materials>Decking & Railing>Post Wraps,"Unbranded, 61109087, Post Wrap, 4 x 4-39, White",POST WRAP,"Unbranded 61109087 Post Wrap, 4 x 4-39, White","The Unbranded Post Wrap is designed for commercial and industrial applications, measuring 4 x 4-39, finished in White.","Post Wrap, White",{'Dimensions': '4x4-39'},Size: 4 x 4-39,Finish: White,Size / Dimensions: 4x4-39,,,,,,,,,,,,,,,,,,,,,,,Post Wrap,Model,61109087,,Size,4 x 4-39,,Color,White,,Dimensions,4x4-39,,Size / Dimensions,4x4-39,,,,,,,,,,,,,,,,,,,,,,,,,,,,,,,,,,,,,,,,,,,,,,,,,,,,,,,,,,,,,,,,,,,,,,,,,,,,,,,,,,,,,,,,,,,,,,,,,,,,,,,,,,,,,,,,,,,,,,,,,,,,,,,,,,,,,,,,,,,,30103601,,,,,,,,,,,,,,,,,,,,,,,,,,,,,,,,,,,,,,,,,,,
,,,,,,,Building Materials,Decking & Railing,Post Sleeves,,73018731,Wh 6x6-108 Post Sleeve RDI,-- Unbranded --,-- No Unilog Brand --,-- No DIB Brand --,Unbranded,Unbranded,-- Unbranded --,,73018731,,Building Materials>Decking & Railing>Post Sleeves,"Unbranded, 73018731, Post Sleeve, 6 x 6-108, White",POST SLV,"Unbranded 73018731 Post Sleeve, 6 x 6-108, White","The Unbranded Post Sleeve is designed for commercial and industrial applications, measuring 6 x 6-108, finished in White.","Post Sleeve, White",{'Dimensions': '6x6-108'},Size: 6 x 6-108,Finish: White,Size / Dimensions: 6x6-108,,,,,,,,,,,,,,,,,,,,,,,Post Sleeve,Model,73018731,,Size,6 x 6-108,,Color,White,,Dimensions,6x6-108,,Size / Dimensions,6x6-108,,,,,,,,,,,,,,,,,,,,,,,,,,,,,,,,,,,,,,,,,,,,,,,,,,,,,,,,,,,,,,,,,,,,,,,,,,,,,,,,,,,,,,,,,,,,,,,,,,,,,,,,,,,,,,,,,,,,,,,,,,,,,,,,,,,,,,,,,,,,30103601,,,,,,,,,,,,,,,,,,,,,,,,,,,,,,,,,,,,,,,,,,,
,,,,,,,Building Materials,Decking & Railing,Post Sleeves,,61109090,Wh 4x4-108 Post Sleeve RDI,-- Unbranded --,-- No Unilog Brand --,-- No DIB Brand --,Unbranded,Unbranded,-- Unbranded --,,61109090,,Building Materials>Decking & Railing>Post Sleeves,"Unbranded, 61109090, Post Sleeve, 4 x 4-108, White",POST SLV,"Unbranded 61109090 Post Sleeve, 4 x 4-108, White","The Unbranded Post Sleeve is designed for commercial and industrial applications, measuring 4 x 4-108, finished in White.","Post Sleeve, White",{'Dimensions': '4x4-108'},Size: 4 x 4-108,Finish: White,Size / Dimensions: 4x4-108,,,,,,,,,,,,,,,,,,,,,,,Post Sleeve,Model,61109090,,Size,4 x 4-108,,Color,White,,Dimensions,4x4-108,,Size / Dimensions,4x4-108,,,,,,,,,,,,,,,,,,,,,,,,,,,,,,,,,,,,,,,,,,,,,,,,,,,,,,,,,,,,,,,,,,,,,,,,,,,,,,,,,,,,,,,,,,,,,,,,,,,,,,,,,,,,,,,,,,,,,,,,,,,,,,,,,,,,,,,,,,,,30103601,,,,,,,,,,,,,,,,,,,,,,,,,,,,,,,,,,,,,,,,,,,
,,,,,,,Building Materials,Decking & Railing,Post Sleeves,,73053603,Clay 4x4-108 Post Sleeve RDI,-- Unbranded --,-- No Unilog Brand --,-- No DIB Brand --,Unbranded,Unbranded,-- Unbranded --,,73053603,,Building Materials>Decking & Railing>Post Sleeves,"Unbranded, 73053603, Post Sleeve, 4 x 4-108",POST SLV,"Unbranded 73053603 Post Sleeve, 4 x 4-108","The Unbranded Post Sleeve is designed for commercial and industrial applications, measuring 4 x 4-108.",Post Sleeve,{'Dimensions': '4x4-108'},Size: 4 x 4-108,Size / Dimensions: 4x4-108,,,,,,,,,,,,,,,,,,,,,,,,Post Sleeve,Model,73053603,,Size,4 x 4-108,,Dimensions,4x4-108,,Size / Dimensions,4x4-108,,,,,,,,,,,,,,,,,,,,,,,,,,,,,,,,,,,,,,,,,,,,,,,,,,,,,,,,,,,,,,,,,,,,,,,,,,,,,,,,,,,,,,,,,,,,,,,,,,,,,,,,,,,,,,,,,,,,,,,,,,,,,,,,,,,,,,,,,,,,,,,30103601,,,,,,,,,,,,,,,,,,,,,,,,,,,,,,,,,,,,,,,,,,,
,,,,,,,Building Materials,Decking & Railing,Post Sleeves,,73053608,Clay 6x6-108 Post Sleeve RDI,-- Unbranded --,-- No Unilog Brand --,-- No DIB Brand --,Unbranded,Unbranded,-- Unbranded --,,73053608,,Building Materials>Decking & Railing>Post Sleeves,"Unbranded, 73053608, Post Sleeve, 6 x 6-108",POST SLV,"Unbranded 73053608 Post Sleeve, 6 x 6-108","The Unbranded Post Sleeve is designed for commercial and industrial applications, measuring 6 x 6-108.",Post Sleeve,{'Dimensions': '6x6-108'},Size: 6 x 6-108,Size / Dimensions: 6x6-108,,,,,,,,,,,,,,,,,,,,,,,,Post Sleeve,Model,73053608,,Size,6 x 6-108,,Dimensions,6x6-108,,Size / Dimensions,6x6-108,,,,,,,,,,,,,,,,,,,,,,,,,,,,,,,,,,,,,,,,,,,,,,,,,,,,,,,,,,,,,,,,,,,,,,,,,,,,,,,,,,,,,,,,,,,,,,,,,,,,,,,,,,,,,,,,,,,,,,,,,,,,,,,,,,,,,,,,,,,,,,,30103601,,,,,,,,,,,,,,,,,,,,,,,,,,,,,,,,,,,,,,,,,,,
,,,,,,,Building Materials,Decking & Railing,Post Sleeves,,543340896,"4x4-37"" Black Alum Post Sleeve Select Alum Railing - w/Cap & Skirt",TREX,-- No Unilog Brand --,-- No DIB Brand --,Boise Cascade Building Materials (BOICA),"Trex Company, Inc.",Trex®,,543340896,,Building Materials>Decking & Railing>Post Sleeves,"Trex Company, Inc. Trex, 543340896, Post Sleeve, 4 x 4-37, Black",POST SLV,"Trex® 543340896 Post Sleeve, 4 x 4-37, Black","The Trex® Post Sleeve is designed for commercial and industrial applications, measuring 4 x 4-37, finished in Black.","Post Sleeve, Black",{'Dimensions': '4x4-37'},Size: 4 x 4-37,Finish: Black,Size / Dimensions: 4x4-37 in,,,,,,,,,,,,,,,,,,,,,,,Post Sleeve,Model,543340896,,Size,4 x 4-37,,Color,Black,,Dimensions,4x4-37,,Size / Dimensions,4x4-37,in,,,,,,,,,,,,,,,,,,,,,,,,,,,,,,,,,,,,,,,,,,,,,,,,,,,,,,,,,,,,,,,,,,,,,,,,,,,,,,,,,,,,,,,,,,,,,,,,,,,,,,,,,,,,,,,,,,,,,,,,,,,,,,,,,,,,,,,,,,,30103601,,,,,,,,,,,,,,,,,,,,,,,,,,,,,,,,,,,,,,,,,,,
,,,,,,,Building Materials,Decking & Railing,Post Sleeves,,543340898,"4x4-43"" Black Alum Post Sleeve Select Alum Railing w/Cap & Skirt",TREX,-- No Unilog Brand --,-- No DIB Brand --,Boise Cascade Building Materials (BOICA),"Trex Company, Inc.",Trex®,,543340898,,Building Materials>Decking & Railing>Post Sleeves,"Trex Company, Inc. Trex, 543340898, Post Sleeve, 4 x 4-43, Black",POST SLV,"Trex® 543340898 Post Sleeve, 4 x 4-43, Black","The Trex® Post Sleeve is designed for commercial and industrial applications, measuring 4 x 4-43, finished in Black.","Post Sleeve, Black",{'Dimensions': '4x4-43'},Size: 4 x 4-43,Finish: Black,Size / Dimensions: 4x4-43 in,,,,,,,,,,,,,,,,,,,,,,,Post Sleeve,Model,543340898,,Size,4 x 4-43,,Color,Black,,Dimensions,4x4-43,,Size / Dimensions,4x4-43,in,,,,,,,,,,,,,,,,,,,,,,,,,,,,,,,,,,,,,,,,,,,,,,,,,,,,,,,,,,,,,,,,,,,,,,,,,,,,,,,,,,,,,,,,,,,,,,,,,,,,,,,,,,,,,,,,,,,,,,,,,,,,,,,,,,,,,,,,,,,30103601,,,,,,,,,,,,,,,,,,,,,,,,,,,,,,,,,,,,,,,,,,,
,,,,,,,Building Materials,Decking & Railing,Post Wraps,,73272TBK,6x6-10' Black Alum Deco - Support Post,DSI Westbury,-- No Unilog Brand --,-- No DIB Brand --,Palmer Donavin Mfg Company (PALDO),Digger Specialties Inc.,Westbury®,,73272TBK,,Building Materials>Decking & Railing>Post Wraps,"Digger Specialties Inc. Westbury, 73272TBK, Post Wrap, 6 x 6-10', Black",POST WRAP,"Westbury® 73272TBK Post Wrap, 6 x 6-10', Black","The Westbury® Post Wrap is designed for commercial and industrial applications, measuring 6 x 6-10', finished in Black.","Post Wrap, Black",{'Dimensions': '6x6-10'},Size: 6 x 6-10',Finish: Black,Size / Dimensions: 6x6-10',,,,,,,,,,,,,,,,,,,,,,,Post Wrap,Model,73272TBK,,Size,6 x 6-10',,Color,Black,,Dimensions,6x6-10,,Size / Dimensions,6x6-10',,,,,,,,,,,,,,,,,,,,,,,,,,,,,,,,,,,,,,,,,,,,,,,,,,,,,,,,,,,,,,,,,,,,,,,,,,,,,,,,,,,,,,,,,,,,,,,,,,,,,,,,,,,,,,,,,,,,,,,,,,,,,,,,,,,,,,,,,,,,30103601,,,,,,,,,,,,,,,,,,,,,,,,,,,,,,,,,,,,,,,,,,,
,,,,,,,Building Materials,Decking & Railing,Railing Kits,,543302127,6' Wh Select T-Rail Kit Stair - w/Sq Composite Balusters,TREX,-- No Unilog Brand --,-- No DIB Brand --,U S Lumber (3073),"Trex Company, Inc.",Trex®,,543302127,,Building Materials>Decking & Railing>Railing Kits,"Trex Company, Inc. Trex, 543302127, Railing Kit, White",RLNG KIT,"Trex® 543302127 Railing Kit, White","The Trex® Railing Kit is designed for commercial and industrial applications, finished in White.","Railing Kit, White",{},Finish: White,,,,,,,,,,,,,,,,,,,,,,,,,Railing Kit,Model,543302127,,Color,White,,,,,,,,,,,,,,,,,,,,,,,,,,,,,,,,,,,,,,,,,,,,,,,,,,,,,,,,,,,,,,,,,,,,,,,,,,,,,,,,,,,,,,,,,,,,,,,,,,,,,,,,,,,,,,,,,,,,,,,,,,,,,,,,,,,,,,,,,,,,,,,,,,,,,30103601,,,,,,,,,,,,,,,,,,,,,,,,,,,,,,,,,,,,,,,,,,,
,,,,,,,Building Materials,Decking & Railing,Railing Kits,,543302147,8' Wh Select T-Rail Kit Stair - w/Sq Composite Balusters,TREX,-- No Unilog Brand --,-- No DIB Brand --,U S Lumber (3073),"Trex Company, Inc.",Trex®,,543302147,,Building Materials>Decking & Railing>Railing Kits,"Trex Company, Inc. Trex, 543302147, Railing Kit, White",RLNG KIT,"Trex® 543302147 Railing Kit, White","The Trex® Railing Kit is designed for commercial and industrial applications, finished in White.","Railing Kit, White",{},Finish: White,,,,,,,,,,,,,,,,,,,,,,,,,Railing Kit,Model,543302147,,Color,White,,,,,,,,,,,,,,,,,,,,,,,,,,,,,,,,,,,,,,,,,,,,,,,,,,,,,,,,,,,,,,,,,,,,,,,,,,,,,,,,,,,,,,,,,,,,,,,,,,,,,,,,,,,,,,,,,,,,,,,,,,,,,,,,,,,,,,,,,,,,,,,,,,,,,30103601,,,,,,,,,,,,,,,,,,,,,,,,,,,,,,,,,,,,,,,,,,,
,,,,,,,Building Materials,Decking & Railing,Railing Kits,,73019599,Finyline Wh 6' Str Rail Kit Sq,-- Unbranded --,-- No Unilog Brand --,-- No DIB Brand --,Alliance Laundry Systems LLC,Alliance Laundry Systems LLC,Speed Queen®,,73019599,,Building Materials>Decking & Railing>Railing Kits,"Speed Queen, 73019599, Railing Kit, White",RLNG KIT,"Speed Queen® 73019599 Railing Kit, White","The Speed Queen® Railing Kit is designed for commercial and industrial applications, finished in White.","Railing Kit, White",{},Finish: White,,,,,,,,,,,,,,,,,,,,,,,,,Railing Kit,Model,73019599,,Color,White,,,,,,,,,,,,,,,,,,,,,,,,,,,,,,,,,,,,,,,,,,,,,,,,,,,,,,,,,,,,,,,,,,,,,,,,,,,,,,,,,,,,,,,,,,,,,,,,,,,,,,,,,,,,,,,,,,,,,,,,,,,,,,,,,,,,,,,,,,,,,,,,,,,,,30103601,,,,,,,,,,,,,,,,,,,,,,,,,,,,,,,,,,,,,,,,,,,
,,,,,,,Building Materials,Decking & Railing,Railing Kits,,73019648,Finyline Wh 8' Str Rail Kit Sq,-- Unbranded --,-- No Unilog Brand --,-- No DIB Brand --,Alliance Laundry Systems LLC,Alliance Laundry Systems LLC,Speed Queen®,,73019648,,Building Materials>Decking & Railing>Railing Kits,"Speed Queen, 73019648, Railing Kit, White",RLNG KIT,"Speed Queen® 73019648 Railing Kit, White","The Speed Queen® Railing Kit is designed for commercial and industrial applications, finished in White.","Railing Kit, White",{},Finish: White,,,,,,,,,,,,,,,,,,,,,,,,,Railing Kit,Model,73019648,,Color,White,,,,,,,,,,,,,,,,,,,,,,,,,,,,,,,,,,,,,,,,,,,,,,,,,,,,,,,,,,,,,,,,,,,,,,,,,,,,,,,,,,,,,,,,,,,,,,,,,,,,,,,,,,,,,,,,,,,,,,,,,,,,,,,,,,,,,,,,,,,,,,,,,,,,,30103601,,,,,,,,,,,,,,,,,,,,,,,,,,,,,,,,,,,,,,,,,,,
,,,,,,,Building Materials,Decking & Railing,Railing Kits,,73019598,Finyline Wh 6' Str Rail Kit Rd - w/Black Alum Balusters,-- Unbranded --,-- No Unilog Brand --,-- No DIB Brand --,Unbranded,Unbranded,-- Unbranded --,,73019598,,Building Materials>Decking & Railing>Railing Kits,"Unbranded, 73019598, Railing Kit, Black",RLNG KIT,"Unbranded 73019598 Railing Kit, Black","The Unbranded Railing Kit is designed for commercial and industrial applications, finished in Black.","Railing Kit, Black",{},Finish: Black,,,,,,,,,,,,,,,,,,,,,,,,,Railing Kit,Model,73019598,,Color,Black,,,,,,,,,,,,,,,,,,,,,,,,,,,,,,,,,,,,,,,,,,,,,,,,,,,,,,,,,,,,,,,,,,,,,,,,,,,,,,,,,,,,,,,,,,,,,,,,,,,,,,,,,,,,,,,,,,,,,,,,,,,,,,,,,,,,,,,,,,,,,,,,,,,,,30103601,,,,,,,,,,,,,,,,,,,,,,,,,,,,,,,,,,,,,,,,,,,
,,,,,,,Building Materials,Decking & Railing,Railing Kits,,73019647,Finyline Wh 8' Str Rail Kit Rd - w/Black Alum Balusters,-- Unbranded --,-- No Unilog Brand --,-- No DIB Brand --,Unbranded,Unbranded,-- Unbranded --,,73019647,,Building Materials>Decking & Railing>Railing Kits,"Unbranded, 73019647, Railing Kit, Black",RLNG KIT,"Unbranded 73019647 Railing Kit, Black","The Unbranded Railing Kit is designed for commercial and industrial applications, finished in Black.","Railing Kit, Black",{},Finish: Black,,,,,,,,,,,,,,,,,,,,,,,,,Railing Kit,Model,73019647,,Color,Black,,,,,,,,,,,,,,,,,,,,,,,,,,,,,,,,,,,,,,,,,,,,,,,,,,,,,,,,,,,,,,,,,,,,,,,,,,,,,,,,,,,,,,,,,,,,,,,,,,,,,,,,,,,,,,,,,,,,,,,,,,,,,,,,,,,,,,,,,,,,,,,,,,,,,30103601,,,,,,,,,,,,,,,,,,,,,,,,,,,,,,,,,,,,,,,,,,,
,,,,,,,Building Materials,Decking & Railing,Balusters,,543300257,6' Black Select Classic Stair - Rail w/Rnd Black Alum Baluster,TREX,-- No Unilog Brand --,-- No DIB Brand --,Boise Cascade Building Materials (BOICA),"Trex Company, Inc.",Trex®,,543300257,,Building Materials>Decking & Railing>Balusters,"Trex Company, Inc. Trex, 543300257, Balusters, Black",BLST,"Trex® 543300257 Balusters, Black","The Trex® Balusters is designed for commercial and industrial applications, finished in Black.","Balusters, Black",{},Finish: Black,,,,,,,,,,,,,,,,,,,,,,,,,Balusters,Model,543300257,,Color,Black,,,,,,,,,,,,,,,,,,,,,,,,,,,,,,,,,,,,,,,,,,,,,,,,,,,,,,,,,,,,,,,,,,,,,,,,,,,,,,,,,,,,,,,,,,,,,,,,,,,,,,,,,,,,,,,,,,,,,,,,,,,,,,,,,,,,,,,,,,,,,,,,,,,,,30103601,,,,,,,,,,,,,,,,,,,,,,,,,,,,,,,,,,,,,,,,,,,
,,,,,,,Building Materials,Decking & Railing,Balusters,,543300277,8' Black Select Classic Stair - Rail w/Rnd Black Alum Baluster,TREX,-- No Unilog Brand --,-- No DIB Brand --,Boise Cascade Building Materials (BOICA),"Trex Company, Inc.",Trex®,,543300277,,Building Materials>Decking & Railing>Balusters,"Trex Company, Inc. Trex, 543300277, Balusters, Black",BLST,"Trex® 543300277 Balusters, Black","The Trex® Balusters is designed for commercial and industrial applications, finished in Black.","Balusters, Black",{},Finish: Black,,,,,,,,,,,,,,,,,,,,,,,,,Balusters,Model,543300277,,Color,Black,,,,,,,,,,,,,,,,,,,,,,,,,,,,,,,,,,,,,,,,,,,,,,,,,,,,,,,,,,,,,,,,,,,,,,,,,,,,,,,,,,,,,,,,,,,,,,,,,,,,,,,,,,,,,,,,,,,,,,,,,,,,,,,,,,,,,,,,,,,,,,,,,,,,,30103601,,,,,,,,,,,,,,,,,,,,,,,,,,,,,,,,,,,,,,,,,,,
,,,,,,,Building Materials,Decking & Railing,Post Wraps,,SPB-44BPL,"Patriot 4""x4""x37""/43"" Adjustable Self Leveling Support Post",-- Unbranded --,-- No Unilog Brand --,-- No DIB Brand --,Unbranded,Unbranded,-- Unbranded --,,SPB-44BPL,,Building Materials>Decking & Railing>Post Wraps,"Unbranded, SPB-44BPL, Post Wrap, 4 x 4 x 37",POST WRAP,"Unbranded SPB-44BPL Post Wrap, 4 x 4 x 37","The Unbranded Post Wrap is designed for commercial and industrial applications, measuring 4 x 4 x 37.",Post Wrap,"{'Dimensions': '4""x4""x37'}",Size: 4 x 4 x 37,Size / Dimensions: 4 inx4 inx37 in,,,,,,,,,,,,,,,,,,,,,,,,Post Wrap,Model,SPB-44BPL,,Size,4 x 4 x 37,,Dimensions,4x4x37,,Size / Dimensions,4 inx4 inx37,in,,,,,,,,,,,,,,,,,,,,,,,,,,,,,,,,,,,,,,,,,,,,,,,,,,,,,,,,,,,,,,,,,,,,,,,,,,,,,,,,,,,,,,,,,,,,,,,,,,,,,,,,,,,,,,,,,,,,,,,,,,,,,,,,,,,,,,,,,,,,,,30103601,,,,,,,,,,,,,,,,,,,,,,,,,,,,,,,,,,,,,,,,,,,
,,,,,,,Building Materials,Waterproofing,Joist Tape,,925219,"2""x50' Deck Joist Tape - Protecto Wrap",-- Unbranded --,-- No Unilog Brand --,-- No DIB Brand --,Palmer Donavin Mfg Company (PALDO),Palmer-Donavin Mfg. Co.,Palmer-Donavin®,,925219,,Building Materials>Waterproofing>Flashing Tapes,"Palmer-Donavin Mfg. Co. Palmer-Donavin, 925219, Deck Joist Flashing Tape",DECK JST FLSH TAPE,"Palmer-Donavin® 925219 Deck Joist Flashing Tape, 2 x 50'","The Palmer-Donavin® Deck Joist Flashing Tape is designed for commercial and industrial applications, measuring 2 x 50'.",Deck Joist Flashing Tape,"{'Dimensions': '2""x50'}",Size: 2 x 50',Size / Dimensions: 2 inx50',,,,,,,,,,,,,,,,,,,,,,,,Deck Joist Flashing Tape,Model,925219,,Size,2 x 50',,Dimensions,2x50,,Size / Dimensions,2 inx50',,,,,,,,,,,,,,,,,,,,,,,,,,,,,,,,,,,,,,,,,,,,,,,,,,,,,,,,,,,,,,,,,,,,,,,,,,,,,,,,,,,,,,,,,,,,,,,,,,,,,,,,,,,,,,,,,,,,,,,,,,,,,,,,,,,,,,,,,,,,,,,30151600,,,,,,,,,,,,,,,,,,,,,,,,,,,,,,,,,,,,,,,,,,,
,,,,,,,Building Materials,Doors & Windows,Doors,,27233,24x48 WH Attic Access Door,AJM,-- No Unilog Brand --,-- No DIB Brand --,A J Manufacturing Inc (AJMAN),A J Manufacturing Inc,-- Unbranded --,,27233,,Building Materials>Windows & Doors>Doors,"A J Manufacturing Inc AJM, 27233, Patio / Access Door, 24 x 48, White",PT / ACS DOOR,"AJM 27233 Patio / Access Door, 24 x 48, White","The AJM Patio / Access Door is designed for commercial and industrial applications, measuring 24 x 48, finished in White.","Patio / Access Door, White",{'Dimensions': '24x48'},Size: 24 x 48,Finish: White,Size / Dimensions: 24x48,,,,,,,,,,,,,,,,,,,,,,,Patio / Access Door,Model,27233,,Size,24 x 48,,Color,White,,Dimensions,24x48,,Size / Dimensions,24x48,,,,,,,,,,,,,,,,,,,,,,,,,,,,,,,,,,,,,,,,,,,,,,,,,,,,,,,,,,,,,,,,,,,,,,,,,,,,,,,,,,,,,,,,,,,,,,,,,,,,,,,,,,,,,,,,,,,,,,,,,,,,,,,,,,,,,,,,,,,,30171500,,,,,,,,,,,,,,,,,,,,,,,,,,,,,,,,,,,,,,,,,,,
,,,,,,,Building Materials,Doors & Windows,Doors,,1517602,6068R Gliding Patio Dr 4500 United Blk Ext/WH Int LowE Arg w/J,United Window & Door,-- No Unilog Brand --,-- No DIB Brand --,United Window & Door Manufacturing (UNIWI),"United Window & Door Manufacturing, Inc.",United Window & Door®,,1517602,,Building Materials>Windows & Doors>Doors,"United Window & Door, 1517602, Patio / Access Door, Black",PT / ACS DOOR,"United Window & Door® 1517602 Patio / Access Door, Black","The United Window & Door® Patio / Access Door is designed for commercial and industrial applications, finished in Black.","Patio / Access Door, Black",{},Finish: Black,,,,,,,,,,,,,,,,,,,,,,,,,Patio / Access Door,Model,1517602,,Color,Black,,,,,,,,,,,,,,,,,,,,,,,,,,,,,,,,,,,,,,,,,,,,,,,,,,,,,,,,,,,,,,,,,,,,,,,,,,,,,,,,,,,,,,,,,,,,,,,,,,,,,,,,,,,,,,,,,,,,,,,,,,,,,,,,,,,,,,,,,,,,,,,,,,,,,30171500,,,,,,,,,,,,,,,,,,,,,,,,,,,,,,,,,,,,,,,,,,,
,,,,,,,Building Materials,Doors & Windows,Doors,,1517603,6068L Gliding Patio Dr 4500 United Blk Ext/WH Int LowE Arg w/J,United Window & Door,-- No Unilog Brand --,-- No DIB Brand --,United Window & Door Manufacturing (UNIWI),"United Window & Door Manufacturing, Inc.",United Window & Door®,,1517603,,Building Materials>Windows & Doors>Doors,"United Window & Door, 1517603, Patio / Access Door, Black",PT / ACS DOOR,"United Window & Door® 1517603 Patio / Access Door, Black","The United Window & Door® Patio / Access Door is designed for commercial and industrial applications, finished in Black.","Patio / Access Door, Black",{},Finish: Black,,,,,,,,,,,,,,,,,,,,,,,,,Patio / Access Door,Model,1517603,,Color,Black,,,,,,,,,,,,,,,,,,,,,,,,,,,,,,,,,,,,,,,,,,,,,,,,,,,,,,,,,,,,,,,,,,,,,,,,,,,,,,,,,,,,,,,,,,,,,,,,,,,,,,,,,,,,,,,,,,,,,,,,,,,,,,,,,,,,,,,,,,,,,,,,,,,,,30171500,,,,,,,,,,,,,,,,,,,,,,,,,,,,,,,,,,,,,,,,,,,
,,,,,,,Building Materials,Doors & Windows,Doors,,1517604,6068L Gliding Patio Dr 4500 United White LowE Arg w/J,United Window & Door,-- No Unilog Brand --,-- No DIB Brand --,United Window & Door Manufacturing (UNIWI),"United Window & Door Manufacturing, Inc.",United Window & Door®,,1517604,,Building Materials>Windows & Doors>Doors,"United Window & Door, 1517604, Patio / Access Door, White",PT / ACS DOOR,"United Window & Door® 1517604 Patio / Access Door, White","The United Window & Door® Patio / Access Door is designed for commercial and industrial applications, finished in White.","Patio / Access Door, White",{},Finish: White,,,,,,,,,,,,,,,,,,,,,,,,,Patio / Access Door,Model,1517604,,Color,White,,,,,,,,,,,,,,,,,,,,,,,,,,,,,,,,,,,,,,,,,,,,,,,,,,,,,,,,,,,,,,,,,,,,,,,,,,,,,,,,,,,,,,,,,,,,,,,,,,,,,,,,,,,,,,,,,,,,,,,,,,,,,,,,,,,,,,,,,,,,,,,,,,,,,30171500,,,,,,,,,,,,,,,,,,,,,,,,,,,,,,,,,,,,,,,,,,,
,,,,,,,Building Materials,Doors & Windows,Doors,,1517605,6068R Gliding Patio Dr 4500 United White LowE Arg w/J,United Window & Door,-- No Unilog Brand --,-- No DIB Brand --,United Window & Door Manufacturing (UNIWI),"United Window & Door Manufacturing, Inc.",United Window & Door®,,1517605,,Building Materials>Windows & Doors>Doors,"United Window & Door, 1517605, Patio / Access Door, White",PT / ACS DOOR,"United Window & Door® 1517605 Patio / Access Door, White","The United Window & Door® Patio / Access Door is designed for commercial and industrial applications, finished in White.","Patio / Access Door, White",{},Finish: White,,,,,,,,,,,,,,,,,,,,,,,,,Patio / Access Door,Model,1517605,,Color,White,,,,,,,,,,,,,,,,,,,,,,,,,,,,,,,,,,,,,,,,,,,,,,,,,,,,,,,,,,,,,,,,,,,,,,,,,,,,,,,,,,,,,,,,,,,,,,,,,,,,,,,,,,,,,,,,,,,,,,,,,,,,,,,,,,,,,,,,,,,,,,,,,,,,,30171500,,,,,,,,,,,,,,,,,,,,,,,,,,,,,,,,,,,,,,,,,,,
,,,,,,,Building Materials,Doors & Windows,Skylights,,FS C01 2004S,"FS C01 Velux Fxd Skylt Gry/Wh - w/Solar Shade RO 21""x26-7/8""",-- Unbranded --,-- No Unilog Brand --,-- No DIB Brand --,Velux America Inc (VELAM),Velux America Inc.,VELUX®,,FS C01 2004S,,Building Materials>Windows & Doors>Skylights,"Velux America Inc. VELUX, FS C01 2004S, Roof Skylight, 21 x 26-7, White",ROOF SKYL,"VELUX® FS C01 2004S Roof Skylight, 21 x 26-7, White","The VELUX® Roof Skylight is designed for commercial and industrial applications, measuring 21 x 26-7, finished in White.","Roof Skylight, White","{'Dimensions': '21""x26-7'}",Size: 21 x 26-7,Finish: White,Size / Dimensions: 21 inx26-7,,,,,,,,,,,,,,,,,,,,,,,Roof Skylight,Model,FS C01 2004S,,Size,21 x 26-7,,Color,White,,Dimensions,21x26-7,,Size / Dimensions,21 inx26-7,,,,,,,,,,,,,,,,,,,,,,,,,,,,,,,,,,,,,,,,,,,,,,,,,,,,,,,,,,,,,,,,,,,,,,,,,,,,,,,,,,,,,,,,,,,,,,,,,,,,,,,,,,,,,,,,,,,,,,,,,,,,,,,,,,,,,,,,,,,,30171600,,,,,,,,,,,,,,,,,,,,,,,,,,,,,,,,,,,,,,,,,,,
,,,,,,,Building Materials,Doors & Windows,Skylights,,FS C04 2004S,"FS C04 Velux Fxd Skylt Gry/Wh - w/Solar Shade RO 21""x37-7/8""",-- Unbranded --,-- No Unilog Brand --,-- No DIB Brand --,Velux America Inc (VELAM),Velux America Inc.,VELUX®,,FS C04 2004S,,Building Materials>Windows & Doors>Skylights,"Velux America Inc. VELUX, FS C04 2004S, Roof Skylight, 21 x 37-7, White",ROOF SKYL,"VELUX® FS C04 2004S Roof Skylight, 21 x 37-7, White","The VELUX® Roof Skylight is designed for commercial and industrial applications, measuring 21 x 37-7, finished in White.","Roof Skylight, White","{'Dimensions': '21""x37-7'}",Size: 21 x 37-7,Finish: White,Size / Dimensions: 21 inx37-7,,,,,,,,,,,,,,,,,,,,,,,Roof Skylight,Model,FS C04 2004S,,Size,21 x 37-7,,Color,White,,Dimensions,21x37-7,,Size / Dimensions,21 inx37-7,,,,,,,,,,,,,,,,,,,,,,,,,,,,,,,,,,,,,,,,,,,,,,,,,,,,,,,,,,,,,,,,,,,,,,,,,,,,,,,,,,,,,,,,,,,,,,,,,,,,,,,,,,,,,,,,,,,,,,,,,,,,,,,,,,,,,,,,,,,,30171600,,,,,,,,,,,,,,,,,,,,,,,,,,,,,,,,,,,,,,,,,,,
,,,,,,,Building Materials,Doors & Windows,Skylights,,FS C06 2004S,"FS C06 Velux Fxd Skylt Gry/Wh - w/Solar Shade RO 21""x45-7/8""",-- Unbranded --,-- No Unilog Brand --,-- No DIB Brand --,Velux America Inc (VELAM),Velux America Inc.,VELUX®,,FS C06 2004S,,Building Materials>Windows & Doors>Skylights,"Velux America Inc. VELUX, FS C06 2004S, Roof Skylight, 21 x 45-7, White",ROOF SKYL,"VELUX® FS C06 2004S Roof Skylight, 21 x 45-7, White","The VELUX® Roof Skylight is designed for commercial and industrial applications, measuring 21 x 45-7, finished in White.","Roof Skylight, White","{'Dimensions': '21""x45-7'}",Size: 21 x 45-7,Finish: White,Size / Dimensions: 21 inx45-7,,,,,,,,,,,,,,,,,,,,,,,Roof Skylight,Model,FS C06 2004S,,Size,21 x 45-7,,Color,White,,Dimensions,21x45-7,,Size / Dimensions,21 inx45-7,,,,,,,,,,,,,,,,,,,,,,,,,,,,,,,,,,,,,,,,,,,,,,,,,,,,,,,,,,,,,,,,,,,,,,,,,,,,,,,,,,,,,,,,,,,,,,,,,,,,,,,,,,,,,,,,,,,,,,,,,,,,,,,,,,,,,,,,,,,,30171600,,,,,,,,,,,,,,,,,,,,,,,,,,,,,,,,,,,,,,,,,,,
,,,,,,,Building Materials,Doors & Windows,Windows,,1501831,31.5x14.75 Bsmt ecoLitePlus WH - Hopper DLA w/Screen,PROVIA,-- No Unilog Brand --,-- No DIB Brand --,ProVia (PRODO),ProVia LLC,ProVia®,,1501831,,Building Materials>Doors & Windows>Windows,"ProVia LLC ProVia, 1501831, Window, 31-1/2 x 14-3/4, White",WNDW,"ProVia® 1501831 Window, 31-1/2 x 14-3/4, White","The ProVia® Window is designed for commercial and industrial applications, measuring 31-1/2 x 14-3/4, finished in White.","Window, White",{'Dimensions': '31.5x14.75'},Size: 31-1/2 x 14-3/4,Finish: White,Size / Dimensions: 31.5x14.75,,,,,,,,,,,,,,,,,,,,,,,Window,Model,1501831,,Size,31-1/2 x 14-3/4,,Color,White,,Dimensions,31.5x14.75,,Size / Dimensions,31.5x14.75,,,,,,,,,,,,,,,,,,,,,,,,,,,,,,,,,,,,,,,,,,,,,,,,,,,,,,,,,,,,,,,,,,,,,,,,,,,,,,,,,,,,,,,,,,,,,,,,,,,,,,,,,,,,,,,,,,,,,,,,,,,,,,,,,,,,,,,,,,,,30171500,,,,,,,,,,,,,,,,,,,,,,,,,,,,,,,,,,,,,,,,,,,
,,,,,,,Building Materials,Doors & Windows,Windows,,1501832,31.5x22.75 Bsmt ecoLitePlus WH - Hopper DLA w/Screen,PROVIA,-- No Unilog Brand --,-- No DIB Brand --,ProVia (PRODO),ProVia LLC,ProVia®,,1501832,,Building Materials>Doors & Windows>Windows,"ProVia LLC ProVia, 1501832, Window, 31-1/2 x 22-3/4, White",WNDW,"ProVia® 1501832 Window, 31-1/2 x 22-3/4, White","The ProVia® Window is designed for commercial and industrial applications, measuring 31-1/2 x 22-3/4, finished in White.","Window, White",{'Dimensions': '31.5x22.75'},Size: 31-1/2 x 22-3/4,Finish: White,Size / Dimensions: 31.5x22.75,,,,,,,,,,,,,,,,,,,,,,,Window,Model,1501832,,Size,31-1/2 x 22-3/4,,Color,White,,Dimensions,31.5x22.75,,Size / Dimensions,31.5x22.75,,,,,,,,,,,,,,,,,,,,,,,,,,,,,,,,,,,,,,,,,,,,,,,,,,,,,,,,,,,,,,,,,,,,,,,,,,,,,,,,,,,,,,,,,,,,,,,,,,,,,,,,,,,,,,,,,,,,,,,,,,,,,,,,,,,,,,,,,,,,30171500,,,,,,,,,,,,,,,,,,,,,,,,,,,,,,,,,,,,,,,,,,,
,,,,,,,Building Materials,Doors & Windows,Windows,,1515974,3030 Slider 3900 United Black WH Int LowE-2 w/Half Scrn w/J,United Window & Door,-- No Unilog Brand --,-- No DIB Brand --,"United Window & Door Manufacturing, Inc.","United Window & Door Manufacturing, Inc.",United Window & Door®,,1515974,,Building Materials>Doors & Windows>Windows,"United Window & Door, 1515974, Window, Black",WNDW,"United Window & Door® 1515974 Window, Black","The United Window & Door® Window is designed for commercial and industrial applications, operating at 2 W, finished in Black.","Window, Black",{'Wattage': '2 W'},Finish: Black,,,,,,,,,,,,,,,,,,,,,,,,,Window,Model,1515974,,Wattage,2,W,Color,Black,,,,,,,,,,,,,,,,,,,,,,,,,,,,,,,,,,,,,,,,,,,,,,,,,,,,,,,,,,,,,,,,,,,,,,,,,,,,,,,,,,,,,,,,,,,,,,,,,,,,,,,,,,,,,,,,,,,,,,,,,,,,,,,,,,,,,,,,,,,,,,,,,,30171500,,,,,,,,,,,,,,,,,,,,,,,,,,,,,,,,,,,,,,,,,,,
,,,,,,,Building Materials,Drywall & Plaster,Drywall Panels,,640383,"1/2"" 54""x10 Drywall Easi-Lite",-- Unbranded --,-- No Unilog Brand --,-- No DIB Brand --,Certainteed Gypsum (2765),CertainTeed LLC,CertainTeed®,,640383,,Building Materials>Drywall & Gypsum>Panels,"CertainTeed LLC CertainTeed, 640383, Drywall Gypsum Board, 54 x 10",DRYW GYPS BRD,"CertainTeed® 640383 Drywall Gypsum Board, 54 x 10","The CertainTeed® Drywall Gypsum Board is designed for commercial and industrial applications, measuring 54 x 10.",Drywall Gypsum Board,"{'Dimensions': '54""x10'}",Size: 54 x 10,Size / Dimensions: 54 inx10,,,,,,,,,,,,,,,,,,,,,,,,Drywall Gypsum Board,Model,640383,,Size,54 x 10,,Dimensions,54x10,,Size / Dimensions,54 inx10,,,,,,,,,,,,,,,,,,,,,,,,,,,,,,,,,,,,,,,,,,,,,,,,,,,,,,,,,,,,,,,,,,,,,,,,,,,,,,,,,,,,,,,,,,,,,,,,,,,,,,,,,,,,,,,,,,,,,,,,,,,,,,,,,,,,,,,,,,,,,,,30161500,,,,,,,,,,,,,,,,,,,,,,,,,,,,,,,,,,,,,,,,,,,
,,,,,,,Building Materials,Drywall & Plaster,Drywall Panels,,653258,"5/8"" 4x9 Drywall Firelite",-- Unbranded --,-- No Unilog Brand --,-- No DIB Brand --,Certainteed Gypsum (2765),CertainTeed LLC,CertainTeed®,,653258,,Building Materials>Drywall & Gypsum>Panels,"CertainTeed LLC CertainTeed, 653258, Drywall Gypsum Board, 4 x 9",DRYW GYPS BRD,"CertainTeed® 653258 Drywall Gypsum Board, 4 x 9","The CertainTeed® Drywall Gypsum Board is designed for commercial and industrial applications, measuring 4 x 9.",Drywall Gypsum Board,{'Dimensions': '4x9'},Size: 4 x 9,Size / Dimensions: 4x9,,,,,,,,,,,,,,,,,,,,,,,,Drywall Gypsum Board,Model,653258,,Size,4 x 9,,Dimensions,4x9,,Size / Dimensions,4x9,,,,,,,,,,,,,,,,,,,,,,,,,,,,,,,,,,,,,,,,,,,,,,,,,,,,,,,,,,,,,,,,,,,,,,,,,,,,,,,,,,,,,,,,,,,,,,,,,,,,,,,,,,,,,,,,,,,,,,,,,,,,,,,,,,,,,,,,,,,,,,,30161500,,,,,,,,,,,,,,,,,,,,,,,,,,,,,,,,,,,,,,,,,,,
,,,,,,,Building Materials,Doors & Windows,Hardware,,413S-DBA-36,"413S 36"" Alum Threshold DBZ",HAGER,-- No Unilog Brand --,-- No DIB Brand --,Hager Hinge Co (4189),Hager Companies,Hager®,,413S-DBA-36,,Building Materials>Door Hardware>Thresholds,"Hager Companies Hager, 413S-DBA-36, Door Threshold, Dark Bronze",DOOR THRS,"Hager® 413S-DBA-36 Door Threshold, Dark Bronze","The Hager® Door Threshold is designed for commercial and industrial applications, finished in Dark Bronze.","Door Threshold, Dark Bronze",{},Finish: Dark Bronze,,,,,,,,,,,,,,,,,,,,,,,,,Door Threshold,Model,413S-DBA-36,,Color,Dark Bronze,,,,,,,,,,,,,,,,,,,,,,,,,,,,,,,,,,,,,,,,,,,,,,,,,,,,,,,,,,,,,,,,,,,,,,,,,,,,,,,,,,,,,,,,,,,,,,,,,,,,,,,,,,,,,,,,,,,,,,,,,,,,,,,,,,,,,,,,,,,,,,,,,,,,,30171500,,,,,,,,,,,,,,,,,,,,,,,,,,,,,,,,,,,,,,,,,,,
,,,,,,,Building Materials,Doors & Windows,Hardware,,413S-DBA-72,"413S 72"" Alum Threshold DBZ",HAGER,-- No Unilog Brand --,-- No DIB Brand --,Hager Hinge Co (4189),Hager Companies,Hager®,,413S-DBA-72,,Building Materials>Door Hardware>Thresholds,"Hager Companies Hager, 413S-DBA-72, Door Threshold, Dark Bronze",DOOR THRS,"Hager® 413S-DBA-72 Door Threshold, Dark Bronze","The Hager® Door Threshold is designed for commercial and industrial applications, finished in Dark Bronze.","Door Threshold, Dark Bronze",{},Finish: Dark Bronze,,,,,,,,,,,,,,,,,,,,,,,,,Door Threshold,Model,413S-DBA-72,,Color,Dark Bronze,,,,,,,,,,,,,,,,,,,,,,,,,,,,,,,,,,,,,,,,,,,,,,,,,,,,,,,,,,,,,,,,,,,,,,,,,,,,,,,,,,,,,,,,,,,,,,,,,,,,,,,,,,,,,,,,,,,,,,,,,,,,,,,,,,,,,,,,,,,,,,,,,,,,,30171500,,,,,,,,,,,,,,,,,,,,,,,,,,,,,,,,,,,,,,,,,,,
,,,,,,,Building Materials,Building Envelope,Rainscreen,,1511506,4'x65' Zip Rainscreen,-- Unbranded --,-- No Unilog Brand --,-- No DIB Brand --,Huber Eng Wood LLC (3158),Huber Engineered Woods LLC,AdvanTech®,,1511506,,Building Materials>Moisture Management>Rainscreen,"AdvanTech, 1511506, Rainscreen Flashing, 4' x 65'",RNSC FLSH,"AdvanTech® 1511506 Rainscreen Flashing, 4' x 65'","The AdvanTech® Rainscreen Flashing is designed for commercial and industrial applications, measuring 4' x 65'.",Rainscreen Flashing,"{'Dimensions': ""4'x65""}",Size: 4' x 65',Size / Dimensions: 4'x65',,,,,,,,,,,,,,,,,,,,,,,,Rainscreen Flashing,Model,1511506,,Size,4' x 65',,Dimensions,4'x65,,Size / Dimensions,4'x65',,,,,,,,,,,,,,,,,,,,,,,,,,,,,,,,,,,,,,,,,,,,,,,,,,,,,,,,,,,,,,,,,,,,,,,,,,,,,,,,,,,,,,,,,,,,,,,,,,,,,,,,,,,,,,,,,,,,,,,,,,,,,,,,,,,,,,,,,,,,,,,30151600,,,,,,,,,,,,,,,,,,,,,,,,,,,,,,,,,,,,,,,,,,,
,,,,,,,Uncategorized Supplies,General Industrial,Pending Review,,1513577,1x8-12' Doug Fir STK Smooth 1S2E,-- Unbranded --,-- No Unilog Brand --,-- No DIB Brand --,Westwood Lumber Sales (WESLU),Westwood Lumber Sales,Westwood®,,1513577,,Uncategorized Supplies>General Industrial>Pending Review,"Westwood Lumber Sales Westwood, 1513577, Stk Smooth, 1 x 8-12'",STK SMTH,"Westwood® 1513577 Stk Smooth, 1 x 8-12'","The Westwood® Stk Smooth is designed for commercial and industrial applications, measuring 1 x 8-12'.",Stk Smooth,{'Dimensions': '1x8-12'},Size: 1 x 8-12',Size / Dimensions: 1x8-12',,,,,,,,,,,,,,,,,,,,,,,,Stk Smooth,Model,1513577,,Size,1 x 8-12',,Dimensions,1x8-12,,Size / Dimensions,1x8-12',,,,,,,,,,,,,,,,,,,,,,,,,,,,,,,,,,,,,,,,,,,,,,,,,,,,,,,,,,,,,,,,,,,,,,,,,,,,,,,,,,,,,,,,,,,,,,,,,,,,,,,,,,,,,,,,,,,,,,,,,,,,,,,,,,,,,,,,,,,,,,,,,,,,,,,,,,,,,,,,,,,,,,,,,,,,,,,,,,,,,,,,,,
,,,,,,,Uncategorized Supplies,General Industrial,Pending Review,,1513578,1x8-16' Doug Fir STK Smooth 1S2E,-- Unbranded --,-- No Unilog Brand --,-- No DIB Brand --,Westwood Lumber Sales (WESLU),Westwood Lumber Sales,Westwood®,,1513578,,Uncategorized Supplies>General Industrial>Pending Review,"Westwood Lumber Sales Westwood, 1513578, Stk Smooth, 1 x 8-16'",STK SMTH,"Westwood® 1513578 Stk Smooth, 1 x 8-16'","The Westwood® Stk Smooth is designed for commercial and industrial applications, measuring 1 x 8-16'.",Stk Smooth,{'Dimensions': '1x8-16'},Size: 1 x 8-16',Size / Dimensions: 1x8-16',,,,,,,,,,,,,,,,,,,,,,,,Stk Smooth,Model,1513578,,Size,1 x 8-16',,Dimensions,1x8-16,,Size / Dimensions,1x8-16',,,,,,,,,,,,,,,,,,,,,,,,,,,,,,,,,,,,,,,,,,,,,,,,,,,,,,,,,,,,,,,,,,,,,,,,,,,,,,,,,,,,,,,,,,,,,,,,,,,,,,,,,,,,,,,,,,,,,,,,,,,,,,,,,,,,,,,,,,,,,,,,,,,,,,,,,,,,,,,,,,,,,,,,,,,,,,,,,,,,,,,,,,
,,,,,,,Uncategorized Supplies,General Industrial,Pending Review,,1513579,1x12-12 'Doug Fir STK Smooth 1S2E,-- Unbranded --,-- No Unilog Brand --,-- No DIB Brand --,Westwood Lumber Sales (WESLU),Westwood Lumber Sales,Westwood®,,1513579,,Uncategorized Supplies>General Industrial>Pending Review,"Westwood Lumber Sales Westwood, 1513579, Stk Smooth, 1 x 12-12",STK SMTH,"Westwood® 1513579 Stk Smooth, 1 x 12-12","The Westwood® Stk Smooth is designed for commercial and industrial applications, measuring 1 x 12-12.",Stk Smooth,{'Dimensions': '1x12-12'},Size: 1 x 12-12,Size / Dimensions: 1x12-12,,,,,,,,,,,,,,,,,,,,,,,,Stk Smooth,Model,1513579,,Size,1 x 12-12,,Dimensions,1x12-12,,Size / Dimensions,1x12-12,,,,,,,,,,,,,,,,,,,,,,,,,,,,,,,,,,,,,,,,,,,,,,,,,,,,,,,,,,,,,,,,,,,,,,,,,,,,,,,,,,,,,,,,,,,,,,,,,,,,,,,,,,,,,,,,,,,,,,,,,,,,,,,,,,,,,,,,,,,,,,,,,,,,,,,,,,,,,,,,,,,,,,,,,,,,,,,,,,,,,,,,,,
,,,,,,,Uncategorized Supplies,General Industrial,Pending Review,,1513580,1x12-16' Doug Fir STK Smooth 1S2E,-- Unbranded --,-- No Unilog Brand --,-- No DIB Brand --,Westwood Lumber Sales (WESLU),Westwood Lumber Sales,Westwood®,,1513580,,Uncategorized Supplies>General Industrial>Pending Review,"Westwood Lumber Sales Westwood, 1513580, Stk Smooth, 1 x 12-16'",STK SMTH,"Westwood® 1513580 Stk Smooth, 1 x 12-16'","The Westwood® Stk Smooth is designed for commercial and industrial applications, measuring 1 x 12-16'.",Stk Smooth,{'Dimensions': '1x12-16'},Size: 1 x 12-16',Size / Dimensions: 1x12-16',,,,,,,,,,,,,,,,,,,,,,,,Stk Smooth,Model,1513580,,Size,1 x 12-16',,Dimensions,1x12-16,,Size / Dimensions,1x12-16',,,,,,,,,,,,,,,,,,,,,,,,,,,,,,,,,,,,,,,,,,,,,,,,,,,,,,,,,,,,,,,,,,,,,,,,,,,,,,,,,,,,,,,,,,,,,,,,,,,,,,,,,,,,,,,,,,,,,,,,,,,,,,,,,,,,,,,,,,,,,,,,,,,,,,,,,,,,,,,,,,,,,,,,,,,,,,,,,,,,,,,,,,
,,,,,,,Uncategorized Supplies,General Industrial,Pending Review,,1501767,"3/4"" 4x8T&G Huber Blue PlusOSB - Sub Floor",-- Unbranded --,-- No Unilog Brand --,-- No DIB Brand --,Huber Engineered Woods LLC,Huber Engineered Woods LLC,AdvanTech®,,1501767,,Uncategorized Supplies>General Industrial>Pending Review,"AdvanTech, 1501767, Sub Floor, 4 x 8",SUB FLR,"AdvanTech® 1501767 Sub Floor, 4 x 8","The AdvanTech® Sub Floor is designed for commercial and industrial applications, measuring 4 x 8.",Sub Floor,{},Size: 4 x 8,Size / Dimensions: 4x8,,,,,,,,,,,,,,,,,,,,,,,,Sub Floor,Model,1501767,,Size,4 x 8,,Size / Dimensions,4x8,,,,,,,,,,,,,,,,,,,,,,,,,,,,,,,,,,,,,,,,,,,,,,,,,,,,,,,,,,,,,,,,,,,,,,,,,,,,,,,,,,,,,,,,,,,,,,,,,,,,,,,,,,,,,,,,,,,,,,,,,,,,,,,,,,,,,,,,,,,,,,,,,,,,,,,,,,,,,,,,,,,,,,,,,,,,,,,,,,,,,,,,,,,,,
,,,,,,,Uncategorized Supplies,General Industrial,Pending Review,,PP-8BL,8' Premier Rib XL Black,-- Unbranded --,-- No Unilog Brand --,-- No DIB Brand --,Premier Metals (PREME),Premier Metals Inc.,Premier Metals®,,PP-8BL,,Uncategorized Supplies>General Industrial>Pending Review,"Premier Metals Inc. Premier Metals, PP-8BL, Rib Xl, Black",RIB XL,"Premier Metals® PP-8BL Rib Xl, Black","The Premier Metals® Rib Xl is designed for commercial and industrial applications, finished in Black.","Rib Xl, Black",{},Finish: Black,,,,,,,,,,,,,,,,,,,,,,,,,Rib Xl,Model,PP-8BL,,Color,Black,,,,,,,,,,,,,,,,,,,,,,,,,,,,,,,,,,,,,,,,,,,,,,,,,,,,,,,,,,,,,,,,,,,,,,,,,,,,,,,,,,,,,,,,,,,,,,,,,,,,,,,,,,,,,,,,,,,,,,,,,,,,,,,,,,,,,,,,,,,,,,,,,,,,,,,,,,,,,,,,,,,,,,,,,,,,,,,,,,,,,,,,,,,,,,,,
,,,,,,,Uncategorized Supplies,General Industrial,Pending Review,,PP-10BL,10' Premier Rib XL Black,-- Unbranded --,-- No Unilog Brand --,-- No DIB Brand --,Premier Metals (PREME),Premier Metals Inc.,Premier Metals®,,PP-10BL,,Uncategorized Supplies>General Industrial>Pending Review,"Premier Metals Inc. Premier Metals, PP-10BL, Rib Xl, Black",RIB XL,"Premier Metals® PP-10BL Rib Xl, Black","The Premier Metals® Rib Xl is designed for commercial and industrial applications, finished in Black.","Rib Xl, Black",{},Finish: Black,,,,,,,,,,,,,,,,,,,,,,,,,Rib Xl,Model,PP-10BL,,Color,Black,,,,,,,,,,,,,,,,,,,,,,,,,,,,,,,,,,,,,,,,,,,,,,,,,,,,,,,,,,,,,,,,,,,,,,,,,,,,,,,,,,,,,,,,,,,,,,,,,,,,,,,,,,,,,,,,,,,,,,,,,,,,,,,,,,,,,,,,,,,,,,,,,,,,,,,,,,,,,,,,,,,,,,,,,,,,,,,,,,,,,,,,,,,,,,,,
,,,,,,,Uncategorized Supplies,General Industrial,Pending Review,,PP-12BL,12' Premier Rib XL Black,-- Unbranded --,-- No Unilog Brand --,-- No DIB Brand --,Premier Metals (PREME),Premier Metals Inc.,Premier Metals®,,PP-12BL,,Uncategorized Supplies>General Industrial>Pending Review,"Premier Metals Inc. Premier Metals, PP-12BL, Rib Xl, Black",RIB XL,"Premier Metals® PP-12BL Rib Xl, Black","The Premier Metals® Rib Xl is designed for commercial and industrial applications, finished in Black.","Rib Xl, Black",{},Finish: Black,,,,,,,,,,,,,,,,,,,,,,,,,Rib Xl,Model,PP-12BL,,Color,Black,,,,,,,,,,,,,,,,,,,,,,,,,,,,,,,,,,,,,,,,,,,,,,,,,,,,,,,,,,,,,,,,,,,,,,,,,,,,,,,,,,,,,,,,,,,,,,,,,,,,,,,,,,,,,,,,,,,,,,,,,,,,,,,,,,,,,,,,,,,,,,,,,,,,,,,,,,,,,,,,,,,,,,,,,,,,,,,,,,,,,,,,,,,,,,,,
,,,,,,,Uncategorized Supplies,General Industrial,Pending Review,,PP-8CH,8' Premier Rib XL Charcoal,-- Unbranded --,-- No Unilog Brand --,-- No DIB Brand --,Premier Metals (PREME),Premier Metals Inc.,Premier Metals®,,PP-8CH,,Uncategorized Supplies>General Industrial>Pending Review,"Premier Metals Inc. Premier Metals, PP-8CH, Xl Charcoal",XL CHRC,Premier Metals® PP-8CH Xl Charcoal,The Premier Metals® Xl Charcoal (Part Number: PP-8CH).,Xl Charcoal,{},,,,,,,,,,,,,,,,,,,,,,,,,,Xl Charcoal,Model,PP-8CH,,,,,,,,,,,,,,,,,,,,,,,,,,,,,,,,,,,,,,,,,,,,,,,,,,,,,,,,,,,,,,,,,,,,,,,,,,,,,,,,,,,,,,,,,,,,,,,,,,,,,,,,,,,,,,,,,,,,,,,,,,,,,,,,,,,,,,,,,,,,,,,,,,,,,,,,,,,,,,,,,,,,,,,,,,,,,,,,,,,,,,,,,,,,,,,,,,,
,,,,,,,Uncategorized Supplies,General Industrial,Pending Review,,PP-10CH,10' Premier Rib XL Charcoal,-- Unbranded --,-- No Unilog Brand --,-- No DIB Brand --,Premier Metals (PREME),Premier Metals Inc.,Premier Metals®,,PP-10CH,,Uncategorized Supplies>General Industrial>Pending Review,"Premier Metals Inc. Premier Metals, PP-10CH, Xl Charcoal",XL CHRC,Premier Metals® PP-10CH Xl Charcoal,The Premier Metals® Xl Charcoal (Part Number: PP-10CH).,Xl Charcoal,{},,,,,,,,,,,,,,,,,,,,,,,,,,Xl Charcoal,Model,PP-10CH,,,,,,,,,,,,,,,,,,,,,,,,,,,,,,,,,,,,,,,,,,,,,,,,,,,,,,,,,,,,,,,,,,,,,,,,,,,,,,,,,,,,,,,,,,,,,,,,,,,,,,,,,,,,,,,,,,,,,,,,,,,,,,,,,,,,,,,,,,,,,,,,,,,,,,,,,,,,,,,,,,,,,,,,,,,,,,,,,,,,,,,,,,,,,,,,,,,
,,,,,,,Uncategorized Supplies,General Industrial,Pending Review,,PP-12CH,12' Premier Rib XL Charcoal,-- Unbranded --,-- No Unilog Brand --,-- No DIB Brand --,Premier Metals (PREME),Premier Metals Inc.,Premier Metals®,,PP-12CH,,Uncategorized Supplies>General Industrial>Pending Review,"Premier Metals Inc. Premier Metals, PP-12CH, Xl Charcoal",XL CHRC,Premier Metals® PP-12CH Xl Charcoal,The Premier Metals® Xl Charcoal (Part Number: PP-12CH).,Xl Charcoal,{},,,,,,,,,,,,,,,,,,,,,,,,,,Xl Charcoal,Model,PP-12CH,,,,,,,,,,,,,,,,,,,,,,,,,,,,,,,,,,,,,,,,,,,,,,,,,,,,,,,,,,,,,,,,,,,,,,,,,,,,,,,,,,,,,,,,,,,,,,,,,,,,,,,,,,,,,,,,,,,,,,,,,,,,,,,,,,,,,,,,,,,,,,,,,,,,,,,,,,,,,,,,,,,,,,,,,,,,,,,,,,,,,,,,,,,,,,,,,,,
,,,,,,,Uncategorized Supplies,General Industrial,Pending Review,,PP-8WH,8' Premier Rib XL White,-- Unbranded --,-- No Unilog Brand --,-- No DIB Brand --,Premier Metals (PREME),Premier Metals Inc.,Premier Metals®,,PP-8WH,,Uncategorized Supplies>General Industrial>Pending Review,"Premier Metals Inc. Premier Metals, PP-8WH, Rib Xl, White",RIB XL,"Premier Metals® PP-8WH Rib Xl, White","The Premier Metals® Rib Xl is designed for commercial and industrial applications, finished in White.","Rib Xl, White",{},Finish: White,,,,,,,,,,,,,,,,,,,,,,,,,Rib Xl,Model,PP-8WH,,Color,White,,,,,,,,,,,,,,,,,,,,,,,,,,,,,,,,,,,,,,,,,,,,,,,,,,,,,,,,,,,,,,,,,,,,,,,,,,,,,,,,,,,,,,,,,,,,,,,,,,,,,,,,,,,,,,,,,,,,,,,,,,,,,,,,,,,,,,,,,,,,,,,,,,,,,,,,,,,,,,,,,,,,,,,,,,,,,,,,,,,,,,,,,,,,,,,,
,,,,,,,Uncategorized Supplies,General Industrial,Pending Review,,PP-10WH,10' Premier Rib XL White,-- Unbranded --,-- No Unilog Brand --,-- No DIB Brand --,Premier Metals (PREME),Premier Metals Inc.,Premier Metals®,,PP-10WH,,Uncategorized Supplies>General Industrial>Pending Review,"Premier Metals Inc. Premier Metals, PP-10WH, Rib Xl, White",RIB XL,"Premier Metals® PP-10WH Rib Xl, White","The Premier Metals® Rib Xl is designed for commercial and industrial applications, finished in White.","Rib Xl, White",{},Finish: White,,,,,,,,,,,,,,,,,,,,,,,,,Rib Xl,Model,PP-10WH,,Color,White,,,,,,,,,,,,,,,,,,,,,,,,,,,,,,,,,,,,,,,,,,,,,,,,,,,,,,,,,,,,,,,,,,,,,,,,,,,,,,,,,,,,,,,,,,,,,,,,,,,,,,,,,,,,,,,,,,,,,,,,,,,,,,,,,,,,,,,,,,,,,,,,,,,,,,,,,,,,,,,,,,,,,,,,,,,,,,,,,,,,,,,,,,,,,,,,
,,,,,,,Uncategorized Supplies,General Industrial,Pending Review,,1504345,OC Duration TruDef Wburg Gray (BDL),-- Unbranded --,-- No Unilog Brand --,-- No DIB Brand --,Palmer Donavin Mfg Company (PALDO),Palmer-Donavin Mfg. Co.,Palmer-Donavin®,,1504345,,Uncategorized Supplies>General Industrial>Pending Review,"Palmer-Donavin Mfg. Co. Palmer-Donavin, 1504345, Gray Bdl",GRAY BDL,Palmer-Donavin® 1504345 Gray Bdl,The Palmer-Donavin® Gray Bdl (Part Number: 1504345).,Gray Bdl,{},,,,,,,,,,,,,,,,,,,,,,,,,,Gray Bdl,Model,1504345,,,,,,,,,,,,,,,,,,,,,,,,,,,,,,,,,,,,,,,,,,,,,,,,,,,,,,,,,,,,,,,,,,,,,,,,,,,,,,,,,,,,,,,,,,,,,,,,,,,,,,,,,,,,,,,,,,,,,,,,,,,,,,,,,,,,,,,,,,,,,,,,,,,,,,,,,,,,,,,,,,,,,,,,,,,,,,,,,,,,,,,,,,,,,,,,,,,
,,,,,,,Building Materials,Roofing & Gutters,Underlayments,,2733,3'x65' Henry Eaveguard - Ice Guard,-- Unbranded --,-- No Unilog Brand --,-- No DIB Brand --,Palmer Donavin Mfg Company (PALDO),Palmer-Donavin Mfg. Co.,Palmer-Donavin®,,2733,,Building Materials>Roofing & Gutters>Roof Underlayments,"Palmer-Donavin Mfg. Co. Palmer-Donavin, 2733, Roofing Underlayment, 3' x 65'",RFNG UNDR,"Palmer-Donavin® 2733 Roofing Underlayment, 3' x 65'","The Palmer-Donavin® Roofing Underlayment is designed for commercial and industrial applications, measuring 3' x 65'.",Roofing Underlayment,"{'Dimensions': ""3'x65""}",Size: 3' x 65',Size / Dimensions: 3'x65',,,,,,,,,,,,,,,,,,,,,,,,Roofing Underlayment,Model,2733,,Size,3' x 65',,Dimensions,3'x65,,Size / Dimensions,3'x65',,,,,,,,,,,,,,,,,,,,,,,,,,,,,,,,,,,,,,,,,,,,,,,,,,,,,,,,,,,,,,,,,,,,,,,,,,,,,,,,,,,,,,,,,,,,,,,,,,,,,,,,,,,,,,,,,,,,,,,,,,,,,,,,,,,,,,,,,,,,,,,30151500,,,,,,,,,,,,,,,,,,,,,,,,,,,,,,,,,,,,,,,,,,,
,,,,,,,Building Materials,Roofing & Gutters,Underlayments,,7547,Ice Guard OC Weathr Lk Mat 2sq,-- Unbranded --,-- No Unilog Brand --,-- No DIB Brand --,Unbranded,Unbranded,-- Unbranded --,,7547,,Building Materials>Roofing & Gutters>Roof Underlayments,"Unbranded, 7547, Roofing Underlayment",RFNG UNDR,Unbranded 7547 Roofing Underlayment,The Unbranded Roofing Underlayment (Part Number: 7547).,Roofing Underlayment,{},,,,,,,,,,,,,,,,,,,,,,,,,,Roofing Underlayment,Model,7547,,,,,,,,,,,,,,,,,,,,,,,,,,,,,,,,,,,,,,,,,,,,,,,,,,,,,,,,,,,,,,,,,,,,,,,,,,,,,,,,,,,,,,,,,,,,,,,,,,,,,,,,,,,,,,,,,,,,,,,,,,,,,,,,,,,,,,,,,,,,,,,,,,,,,,,,30151500,,,,,,,,,,,,,,,,,,,,,,,,,,,,,,,,,,,,,,,,,,,
,,,,,,,Building Materials,Siding & Trim,Planks,,8912220,"7-1/4""x12' Hardie Sdg Smooth - Primed HardiePlank",JAMESHARDIE,-- No Unilog Brand --,-- No DIB Brand --,Boise Cascade Building Materials (BOICA),James Hardie Building Products Inc.,James Hardie®,,8912220,,Building Materials>Siding>Engineered Siding,"James Hardie, 8912220, Siding Plank / Panel, 1/4 x 12'",SDNG PLNK / PNL,"James Hardie® 8912220 Siding Plank / Panel, 1/4 x 12'","The James Hardie® Siding Plank / Panel is designed for commercial and industrial applications, measuring 1/4 x 12'.",Siding Plank / Panel,"{'Dimensions': '1/4""x12'}",Size: 1/4 x 12',Size / Dimensions: 1/4 inx12',,,,,,,,,,,,,,,,,,,,,,,,Siding Plank / Panel,Model,8912220,,Size,1/4 x 12',,Dimensions,1/4x12,,Size / Dimensions,1/4 inx12',,,,,,,,,,,,,,,,,,,,,,,,,,,,,,,,,,,,,,,,,,,,,,,,,,,,,,,,,,,,,,,,,,,,,,,,,,,,,,,,,,,,,,,,,,,,,,,,,,,,,,,,,,,,,,,,,,,,,,,,,,,,,,,,,,,,,,,,,,,,,,,30151800,,,,,,,,,,,,,,,,,,,,,,,,,,,,,,,,,,,,,,,,,,,
,,,,,,,Building Materials,Siding & Trim,Planks,,8904015,4'x10' HardiePanel Smooth - Primed,JAMESHARDIE,-- No Unilog Brand --,-- No DIB Brand --,Boise Cascade Building Materials (BOICA),James Hardie Building Products Inc.,James Hardie®,,8904015,,Building Materials>Siding>Engineered Siding,"James Hardie, 8904015, Siding Plank / Panel, 4' x 10'",SDNG PLNK / PNL,"James Hardie® 8904015 Siding Plank / Panel, 4' x 10'","The James Hardie® Siding Plank / Panel is designed for commercial and industrial applications, measuring 4' x 10'.",Siding Plank / Panel,"{'Dimensions': ""4'x10""}",Size: 4' x 10',Size / Dimensions: 4'x10',,,,,,,,,,,,,,,,,,,,,,,,Siding Plank / Panel,Model,8904015,,Size,4' x 10',,Dimensions,4'x10,,Size / Dimensions,4'x10',,,,,,,,,,,,,,,,,,,,,,,,,,,,,,,,,,,,,,,,,,,,,,,,,,,,,,,,,,,,,,,,,,,,,,,,,,,,,,,,,,,,,,,,,,,,,,,,,,,,,,,,,,,,,,,,,,,,,,,,,,,,,,,,,,,,,,,,,,,,,,,30151800,,,,,,,,,,,,,,,,,,,,,,,,,,,,,,,,,,,,,,,,,,,
,,,,,,,Building Materials,Siding & Trim,Planks,,25796,"6""x16' Smart Lap Sdg Cedar",LP SMARTSIDE,-- No Unilog Brand --,-- No DIB Brand --,U S Lumber (3073),Louisiana-Pacific Corporation,LP® SmartSide®,,25796,,Building Materials>Siding>Engineered Siding,"LP SmartSide, 25796, Siding Plank / Panel, 6 x 16'",SDNG PLNK / PNL,"LP® SmartSide® 25796 Siding Plank / Panel, 6 x 16'","The LP® SmartSide® Siding Plank / Panel is designed for commercial and industrial applications, measuring 6 x 16'.",Siding Plank / Panel,"{'Dimensions': '6""x16'}",Size: 6 x 16',Size / Dimensions: 6 inx16',,,,,,,,,,,,,,,,,,,,,,,,Siding Plank / Panel,Model,25796,,Size,6 x 16',,Dimensions,6x16,,Size / Dimensions,6 inx16',,,,,,,,,,,,,,,,,,,,,,,,,,,,,,,,,,,,,,,,,,,,,,,,,,,,,,,,,,,,,,,,,,,,,,,,,,,,,,,,,,,,,,,,,,,,,,,,,,,,,,,,,,,,,,,,,,,,,,,,,,,,,,,,,,,,,,,,,,,,,,,30151800,,,,,,,,,,,,,,,,,,,,,,,,,,,,,,,,,,,,,,,,,,,
,,,,,,,Building Materials,Siding & Trim,Planks,,40503,"3/8"" 16""x16' Smart Pan Cedar - No-Groove Sq Edge B&B",LP SMARTSIDE,-- No Unilog Brand --,-- No DIB Brand --,U S Lumber (3073),Louisiana-Pacific Corporation,LP® SmartSide®,,40503,,Building Materials>Siding>Engineered Siding,"LP SmartSide, 40503, Siding Plank / Panel, 16 x 16'",SDNG PLNK / PNL SQUA,"LP® SmartSide® 40503 Siding Plank / Panel, Square Edge Mounting, 16 x 16'","The LP® SmartSide® Siding Plank / Panel is designed for commercial and industrial applications, measuring 16 x 16', featuring Square Edge mounting.","Siding Plank / Panel, Square Edge Mounting","{'Dimensions': '16""x16'}",Size: 16 x 16',Size / Dimensions: 16 inx16',,,,,,,,,,,,,,,,,,,,,,,,Siding Plank / Panel,Model,40503,,Mounting Type,Square Edge,,Size,16 x 16',,Dimensions,16x16,,Size / Dimensions,16 inx16',,,,,,,,,,,,,,,,,,,,,,,,,,,,,,,,,,,,,,,,,,,,,,,,,,,,,,,,,,,,,,,,,,,,,,,,,,,,,,,,,,,,,,,,,,,,,,,,,,,,,,,,,,,,,,,,,,,,,,,,,,,,,,,,,,,,,,,,,,,,30151800,,,,,,,,,,,,,,,,,,,,,,,,,,,,,,,,,,,,,,,,,,,
,,,,,,,Building Materials,Siding & Trim,Planks,,25825,"3/8"" 4x10 Smart Pan Cedar - No-Groove w/Shiplap Edges",LP SMARTSIDE,-- No Unilog Brand --,-- No DIB Brand --,U S Lumber (3073),Louisiana-Pacific Corporation,LP® SmartSide®,,25825,,Building Materials>Siding>Engineered Siding,"LP SmartSide, 25825, Siding Plank / Panel, 4 x 10",SDNG PLNK / PNL,"LP® SmartSide® 25825 Siding Plank / Panel, 4 x 10","The LP® SmartSide® Siding Plank / Panel is designed for commercial and industrial applications, measuring 4 x 10.",Siding Plank / Panel,{'Dimensions': '4x10'},Size: 4 x 10,Size / Dimensions: 4x10,,,,,,,,,,,,,,,,,,,,,,,,Siding Plank / Panel,Model,25825,,Size,4 x 10,,Dimensions,4x10,,Size / Dimensions,4x10,,,,,,,,,,,,,,,,,,,,,,,,,,,,,,,,,,,,,,,,,,,,,,,,,,,,,,,,,,,,,,,,,,,,,,,,,,,,,,,,,,,,,,,,,,,,,,,,,,,,,,,,,,,,,,,,,,,,,,,,,,,,,,,,,,,,,,,,,,,,,,,30151800,,,,,,,,,,,,,,,,,,,,,,,,,,,,,,,,,,,,,,,,,,,
,,,,,,,Building Materials,Siding & Trim,Soffit,,25822,"3/8"" 12""x16' Smart Vented Soff - Cedar Soffit",LP SMARTSIDE,-- No Unilog Brand --,-- No DIB Brand --,U S Lumber (3073),Louisiana-Pacific Corporation,LP® SmartSide®,,25822,,Building Materials>Siding>Soffit Panels,"LP SmartSide, 25822, Soffit Panel, 12 x 16'",SFT PNL,"LP® SmartSide® 25822 Soffit Panel, 12 x 16'","The LP® SmartSide® Soffit Panel is designed for commercial and industrial applications, measuring 12 x 16'.",Soffit Panel,"{'Dimensions': '12""x16'}",Size: 12 x 16',Size / Dimensions: 12 inx16',,,,,,,,,,,,,,,,,,,,,,,,Soffit Panel,Model,25822,,Size,12 x 16',,Dimensions,12x16,,Size / Dimensions,12 inx16',,,,,,,,,,,,,,,,,,,,,,,,,,,,,,,,,,,,,,,,,,,,,,,,,,,,,,,,,,,,,,,,,,,,,,,,,,,,,,,,,,,,,,,,,,,,,,,,,,,,,,,,,,,,,,,,,,,,,,,,,,,,,,,,,,,,,,,,,,,,,,,30151800,,,,,,,,,,,,,,,,,,,,,,,,,,,,,,,,,,,,,,,,,,,
,,,,,,,Electrical,Lighting Fixtures,Wall Sconces,,543650101,Black Alum ADA Wall Mount Trex,TREX,-- No Unilog Brand --,-- No DIB Brand --,Boise Cascade Building Materials (BOICA),"Trex Company, Inc.",Trex®,,543650101,,Electrical>Lighting Fixtures>Wall Lights,"Trex Company, Inc. Trex, 543650101, Wall Light Fixture, Black",WALL LGHT FXTR WALL,"Trex® 543650101 Wall Light Fixture, Wall Mounting, Black","The Trex® Wall Light Fixture is designed for commercial and industrial applications, finished in Black, featuring Wall mounting.","Wall Light Fixture, Wall Mounting, Black",{},Finish: Black,,,,,,,,,,,,,,,,,,,,,,,,,Wall Light Fixture,Model,543650101,,Mounting Type,Wall,,Color,Black,,,,,,,,,,,,,,,,,,,,,,,,,,,,,,,,,,,,,,,,,,,,,,,,,,,,,,,,,,,,,,,,,,,,,,,,,,,,,,,,,,,,,,,,,,,,,,,,,,,,,,,,,,,,,,,,,,,,,,,,,,,,,,,,,,,,,,,,,,,,,,,,,,39111500,,,,,,,,,,,,,,,,,,,,,,,,,,,,,,,,,,,,,,,,,,,
,,,,,,,Building Materials,Decking & Railing,Railing Kits,,543650010,Black Alum ADA Int End Cap - Trex,TREX,-- No Unilog Brand --,-- No DIB Brand --,Boise Cascade Building Materials (BOICA),"Trex Company, Inc.",Trex®,,543650010,,Building Materials>Decking & Railing>Railing Kits,"Trex Company, Inc. Trex, 543650010, Railing Kit, Black",RLNG KIT,"Trex® 543650010 Railing Kit, Black","The Trex® Railing Kit is designed for commercial and industrial applications, finished in Black.","Railing Kit, Black",{},Finish: Black,,,,,,,,,,,,,,,,,,,,,,,,,Railing Kit,Model,543650010,,Color,Black,,,,,,,,,,,,,,,,,,,,,,,,,,,,,,,,,,,,,,,,,,,,,,,,,,,,,,,,,,,,,,,,,,,,,,,,,,,,,,,,,,,,,,,,,,,,,,,,,,,,,,,,,,,,,,,,,,,,,,,,,,,,,,,,,,,,,,,,,,,,,,,,,,,,,30103601,,,,,,,,,,,,,,,,,,,,,,,,,,,,,,,,,,,,,,,,,,,
,,,,,,,Building Materials,Decking & Railing,Railing Kits,,543650048,8' Black Alum ADA Rail Trex,TREX,-- No Unilog Brand --,-- No DIB Brand --,Boise Cascade Building Materials (BOICA),"Trex Company, Inc.",Trex®,,543650048,,Building Materials>Decking & Railing>Railing Kits,"Trex Company, Inc. Trex, 543650048, Railing Kit, Black",RLNG KIT,"Trex® 543650048 Railing Kit, Black","The Trex® Railing Kit is designed for commercial and industrial applications, finished in Black.","Railing Kit, Black",{},Finish: Black,,,,,,,,,,,,,,,,,,,,,,,,,Railing Kit,Model,543650048,,Color,Black,,,,,,,,,,,,,,,,,,,,,,,,,,,,,,,,,,,,,,,,,,,,,,,,,,,,,,,,,,,,,,,,,,,,,,,,,,,,,,,,,,,,,,,,,,,,,,,,,,,,,,,,,,,,,,,,,,,,,,,,,,,,,,,,,,,,,,,,,,,,,,,,,,,,,30103601,,,,,,,,,,,,,,,,,,,,,,,,,,,,,,,,,,,,,,,,,,,
,,,,,,,Uncategorized Supplies,General Industrial,Pending Review,,1506969,"1-1/2"" 4x8 Huber Zip R6.6 - Insulated R-Sheathing",-- Unbranded --,-- No Unilog Brand --,-- No DIB Brand --,Huber Engineered Woods LLC,Huber Engineered Woods LLC,AdvanTech®,,1506969,,Uncategorized Supplies>General Industrial>Pending Review,"AdvanTech, 1506969, Insulated Sheathing, 4 x 8",INSL SHTH,"AdvanTech® 1506969 Insulated Sheathing, 4 x 8","The AdvanTech® Insulated Sheathing is designed for commercial and industrial applications, measuring 4 x 8.",Insulated Sheathing,{'Dimensions': '4x8'},Size: 4 x 8,Size / Dimensions: 4x8,,,,,,,,,,,,,,,,,,,,,,,,Insulated Sheathing,Model,1506969,,Size,4 x 8,,Dimensions,4x8,,Size / Dimensions,4x8,,,,,,,,,,,,,,,,,,,,,,,,,,,,,,,,,,,,,,,,,,,,,,,,,,,,,,,,,,,,,,,,,,,,,,,,,,,,,,,,,,,,,,,,,,,,,,,,,,,,,,,,,,,,,,,,,,,,,,,,,,,,,,,,,,,,,,,,,,,,,,,,,,,,,,,,,,,,,,,,,,,,,,,,,,,,,,,,,,,,,,,,,,
,,,,,,,Uncategorized Supplies,General Industrial,Pending Review,,1514681,"1"" 4x8 Huber Zip R3.6 - Insulated R-Sheathing",-- Unbranded --,-- No Unilog Brand --,-- No DIB Brand --,Huber Engineered Woods LLC,Huber Engineered Woods LLC,AdvanTech®,,1514681,,Uncategorized Supplies>General Industrial>Pending Review,"AdvanTech, 1514681, Insulated Sheathing, 4 x 8",INSL SHTH,"AdvanTech® 1514681 Insulated Sheathing, 4 x 8","The AdvanTech® Insulated Sheathing is designed for commercial and industrial applications, measuring 4 x 8.",Insulated Sheathing,{'Dimensions': '4x8'},Size: 4 x 8,Size / Dimensions: 4x8,,,,,,,,,,,,,,,,,,,,,,,,Insulated Sheathing,Model,1514681,,Size,4 x 8,,Dimensions,4x8,,Size / Dimensions,4x8,,,,,,,,,,,,,,,,,,,,,,,,,,,,,,,,,,,,,,,,,,,,,,,,,,,,,,,,,,,,,,,,,,,,,,,,,,,,,,,,,,,,,,,,,,,,,,,,,,,,,,,,,,,,,,,,,,,,,,,,,,,,,,,,,,,,,,,,,,,,,,,,,,,,,,,,,,,,,,,,,,,,,,,,,,,,,,,,,,,,,,,,,,
,,,,,,,Uncategorized Supplies,General Industrial,Pending Review,,1514726,"2"" 4x8 Huber Zip R9.6 - Insulated R-Sheathing",-- Unbranded --,-- No Unilog Brand --,-- No DIB Brand --,Huber Engineered Woods LLC,Huber Engineered Woods LLC,AdvanTech®,,1514726,,Uncategorized Supplies>General Industrial>Pending Review,"AdvanTech, 1514726, Insulated Sheathing, 4 x 8",INSL SHTH,"AdvanTech® 1514726 Insulated Sheathing, 4 x 8","The AdvanTech® Insulated Sheathing is designed for commercial and industrial applications, measuring 4 x 8.",Insulated Sheathing,{'Dimensions': '4x8'},Size: 4 x 8,Size / Dimensions: 4x8,,,,,,,,,,,,,,,,,,,,,,,,Insulated Sheathing,Model,1514726,,Size,4 x 8,,Dimensions,4x8,,Size / Dimensions,4x8,,,,,,,,,,,,,,,,,,,,,,,,,,,,,,,,,,,,,,,,,,,,,,,,,,,,,,,,,,,,,,,,,,,,,,,,,,,,,,,,,,,,,,,,,,,,,,,,,,,,,,,,,,,,,,,,,,,,,,,,,,,,,,,,,,,,,,,,,,,,,,,,,,,,,,,,,,,,,,,,,,,,,,,,,,,,,,,,,,,,,,,,,,
,,,,,,,Uncategorized Supplies,General Industrial,Pending Review,,1728ABL,2x2 Black Fine Fissured 1728BL,-- Unbranded --,-- No Unilog Brand --,-- No DIB Brand --,Palmer Donavin Mfg Company (PALDO),Palmer-Donavin Mfg. Co.,Palmer-Donavin®,,1728ABL,,Uncategorized Supplies>General Industrial>Pending Review,"Palmer-Donavin Mfg. Co. Palmer-Donavin, 1728ABL, Fine Fissured, 2 x 2, Black",FINE FSRD,"Palmer-Donavin® 1728ABL Fine Fissured, 2 x 2, Black","The Palmer-Donavin® Fine Fissured is designed for commercial and industrial applications, measuring 2 x 2, finished in Black.","Fine Fissured, Black",{'Dimensions': '2x2'},Size: 2 x 2,Finish: Black,Size / Dimensions: 2x2,,,,,,,,,,,,,,,,,,,,,,,Fine Fissured,Model,1728ABL,,Size,2 x 2,,Color,Black,,Dimensions,2x2,,Size / Dimensions,2x2,,,,,,,,,,,,,,,,,,,,,,,,,,,,,,,,,,,,,,,,,,,,,,,,,,,,,,,,,,,,,,,,,,,,,,,,,,,,,,,,,,,,,,,,,,,,,,,,,,,,,,,,,,,,,,,,,,,,,,,,,,,,,,,,,,,,,,,,,,,,,,,,,,,,,,,,,,,,,,,,,,,,,,,,,,,,,,,,,,,,,,,
,,,,,,,Uncategorized Supplies,General Industrial,Pending Review,,402-R,402R 12V12AH 8D Battery,-- Unbranded --,-- No Unilog Brand --,-- No DIB Brand --,MillerTech Energy Solutions (MILTE),MillerTech Energy Solutions LLC,MillerTech®,,402-R,,Uncategorized Supplies>General Industrial>Pending Review,"MillerTech, 402-R, Battery Equipment",BTRY EQPM,MillerTech® 402-R Battery Equipment,The MillerTech® Battery Equipment (Part Number: 402-R).,Battery Equipment,{},,,,,,,,,,,,,,,,,,,,,,,,,,Battery Equipment,Model,402-R,,,,,,,,,,,,,,,,,,,,,,,,,,,,,,,,,,,,,,,,,,,,,,,,,,,,,,,,,,,,,,,,,,,,,,,,,,,,,,,,,,,,,,,,,,,,,,,,,,,,,,,,,,,,,,,,,,,,,,,,,,,,,,,,,,,,,,,,,,,,,,,,,,,,,,,,,,,,,,,,,,,,,,,,,,,,,,,,,,,,,,,,,,,,,,,,,,,
,,,,,,,Electrical,Power Generation,Generators,,SL1672,SL1672 Jumpstart & Pwr Supply,-- Unbranded --,-- No Unilog Brand --,Schumacher,Schumacher Electric Corporation,Schumacher Electric Corporation,Schumacher®,,SL1672,,Electrical>Generators>Portable Generators,"Schumacher, SL1672, Portable Generator",PORT GNRT,Schumacher® SL1672 Portable Generator,The Schumacher® Portable Generator (Part Number: SL1672).,Portable Generator,{},,,,,,,,,,,,,,,,,,,,,,,,,,Portable Generator,Model,SL1672,,,,,,,,,,,,,,,,,,,,,,,,,,,,,,,,,,,,,,,,,,,,,,,,,,,,,,,,,,,,,,,,,,,,,,,,,,,,,,,,,,,,,,,,,,,,,,,,,,,,,,,,,,,,,,,,,,,,,,,,,,,,,,,,,,,,,,,,,,,,,,,,,,,,,,,,26111601,,,,,,,,,,,,,,,,,,,,,,,,,,,,,,,,,,,,,,,,,,,
,,,,,,,Tools & Hardware,Power Tool Accessories,Storage,,BM-DW20-YLW-6,BM-DW20-YLW-6 Dewalt - Battery Mounts 6pk,-- Unbranded --,-- No Unilog Brand --,StealthMounts,Metalmark Industrial Inc (METIN),Metalmark Industrial Inc.,StealthMounts®,,BM-DW20-YLW-6,,Tools & Hardware>Tool Storage>Battery Mounts,"StealthMounts, BM-DW20-YLW-6, Battery Mount, 6 Pack",BTRY MNT 6PK,"StealthMounts® BM-DW20-YLW-6 Battery Mount, 6 Pack",The StealthMounts® Battery Mount (Part Number: BM-DW20-YLW-6).,Battery Mount,{},6 Count Package,,,,,,,,,,,,,,,,,,,,,,,,,Battery Mount,Model,BM-DW20-YLW-6,,Package Quantity,6,pk,,,,,,,,,,,,,,,,,,,,,,,,,,,,,,,,,,,,,,,,,,,,,,,,,,,,,,,,,,,,,,,,,,,,,,,,,,,,,,,,,,,,,,,,,,,,,,,,,,,,,,,,,,,,,,,,,,,,,,,,,,,,,,,,,,,,,,,,,,,,,,,,,,,,24102000,,,,,,,,,,,,,,,,,,,,,,,,,,,,,,,,,,,,,,,,,,,
,,,,,,,Electrical,Enclosures & Boxes,Junction Boxes,,BHA1-UPC,16-24 Adjust Hanger,-- Unbranded --,-- No Unilog Brand --,Southwire,Southwire/g Turner (6603),Southwire Company LLC,Southwire®,,BHA1-UPC,,Electrical>Enclosures & Boxes>Outlet Boxes,"Southwire Company LLC Southwire, BHA1-UPC, Electrical Junction Box",ELCT JCT BOX,Southwire® BHA1-UPC Electrical Junction Box,The Southwire® Electrical Junction Box (Part Number: BHA1-UPC).,Electrical Junction Box,{},,,,,,,,,,,,,,,,,,,,,,,,,,Electrical Junction Box,Model,BHA1-UPC,,,,,,,,,,,,,,,,,,,,,,,,,,,,,,,,,,,,,,,,,,,,,,,,,,,,,,,,,,,,,,,,,,,,,,,,,,,,,,,,,,,,,,,,,,,,,,,,,,,,,,,,,,,,,,,,,,,,,,,,,,,,,,,,,,,,,,,,,,,,,,,,,,,,,,,,39121300,,,,,,,,,,,,,,,,,,,,,,,,,,,,,,,,,,,,,,,,,,,
,,,,,,,Electrical,Wiring Devices,Outlets & Receptacles,,G1941-UPC,"G1941UPC 4"" Sq Cover Sw/Outlet",-- Unbranded --,-- No Unilog Brand --,Southwire,Southwire/g Turner (6603),Southwire Company LLC,Southwire®,,G1941-UPC,,Electrical>Wiring Devices>Receptacles,"Southwire Company LLC Southwire, G1941-UPC, Receptacle Outlet",RCPT OTLT,Southwire® G1941-UPC Receptacle Outlet,The Southwire® Receptacle Outlet (Part Number: G1941-UPC).,Receptacle Outlet,{},,,,,,,,,,,,,,,,,,,,,,,,,,Receptacle Outlet,Model,G1941-UPC,,,,,,,,,,,,,,,,,,,,,,,,,,,,,,,,,,,,,,,,,,,,,,,,,,,,,,,,,,,,,,,,,,,,,,,,,,,,,,,,,,,,,,,,,,,,,,,,,,,,,,,,,,,,,,,,,,,,,,,,,,,,,,,,,,,,,,,,,,,,,,,,,,,,,,,,39121406,,,,,,,,,,,,,,,,,,,,,,,,,,,,,,,,,,,,,,,,,,,
,,,,,,,Electrical,Wiring Devices,Wallplates,,G1950-UPC,4x4 2G GFI Box Cover,-- Unbranded --,-- No Unilog Brand --,Southwire,Southwire/g Turner (6603),Southwire Company LLC,Southwire®,,G1950-UPC,,Electrical>Wiring Devices>Wallplates,"Southwire Company LLC Southwire, G1950-UPC, Wallplate / Box Cover, 4 x 4",WLPL / BOX CVR,"Southwire® G1950-UPC Wallplate / Box Cover, 4 x 4","The Southwire® Wallplate / Box Cover is designed for commercial and industrial applications, measuring 4 x 4.",Wallplate / Box Cover,{'Dimensions': '4x4'},Size: 4 x 4,Size / Dimensions: 4x4,,,,,,,,,,,,,,,,,,,,,,,,Wallplate / Box Cover,Model,G1950-UPC,,Size,4 x 4,,Dimensions,4x4,,Size / Dimensions,4x4,,,,,,,,,,,,,,,,,,,,,,,,,,,,,,,,,,,,,,,,,,,,,,,,,,,,,,,,,,,,,,,,,,,,,,,,,,,,,,,,,,,,,,,,,,,,,,,,,,,,,,,,,,,,,,,,,,,,,,,,,,,,,,,,,,,,,,,,,,,,,,,39121300,,,,,,,,,,,,,,,,,,,,,,,,,,,,,,,,,,,,,,,,,,,
,,,,,,,Electrical,Wiring Devices,Wallplates,,A410RCAR,4x4 1G PVC Box Cover,-- Unbranded --,-- No Unilog Brand --,Carlon,Thomas & Betts (7405),Thomas & Betts Corporation,Carlon®,,A410RCAR,,Electrical>Wiring Devices>Wallplates,"Carlon, A410RCAR, Wallplate / Box Cover, 4 x 4",WLPL / BOX CVR,"Carlon® A410RCAR Wallplate / Box Cover, 4 x 4","The Carlon® Wallplate / Box Cover is designed for commercial and industrial applications, measuring 4 x 4.",Wallplate / Box Cover,{'Dimensions': '4x4'},Size: 4 x 4,Size / Dimensions: 4x4,,,,,,,,,,,,,,,,,,,,,,,,Wallplate / Box Cover,Model,A410RCAR,,Size,4 x 4,,Dimensions,4x4,,Size / Dimensions,4x4,,,,,,,,,,,,,,,,,,,,,,,,,,,,,,,,,,,,,,,,,,,,,,,,,,,,,,,,,,,,,,,,,,,,,,,,,,,,,,,,,,,,,,,,,,,,,,,,,,,,,,,,,,,,,,,,,,,,,,,,,,,,,,,,,,,,,,,,,,,,,,,39121300,,,,,,,,,,,,,,,,,,,,,,,,,,,,,,,,,,,,,,,,,,,
,,,,,,,Electrical,Wiring Devices,Wallplates,,G1951-UPC,4x4 2G GFCI Duplex Box Cover,-- Unbranded --,-- No Unilog Brand --,Southwire,Southwire/g Turner (6603),Southwire Company LLC,Southwire®,,G1951-UPC,,Electrical>Wiring Devices>Wallplates,"Southwire Company LLC Southwire, G1951-UPC, Wallplate / Box Cover, 4 x 4",WLPL / BOX CVR,"Southwire® G1951-UPC Wallplate / Box Cover, 4 x 4","The Southwire® Wallplate / Box Cover is designed for commercial and industrial applications, measuring 4 x 4.",Wallplate / Box Cover,{'Dimensions': '4x4'},Size: 4 x 4,Size / Dimensions: 4x4,,,,,,,,,,,,,,,,,,,,,,,,Wallplate / Box Cover,Model,G1951-UPC,,Size,4 x 4,,Dimensions,4x4,,Size / Dimensions,4x4,,,,,,,,,,,,,,,,,,,,,,,,,,,,,,,,,,,,,,,,,,,,,,,,,,,,,,,,,,,,,,,,,,,,,,,,,,,,,,,,,,,,,,,,,,,,,,,,,,,,,,,,,,,,,,,,,,,,,,,,,,,,,,,,,,,,,,,,,,,,,,,39121300,,,,,,,,,,,,,,,,,,,,,,,,,,,,,,,,,,,,,,,,,,,
,,,,,,,Electrical,Wiring Devices,Wallplates,,52C3-5/8-UPC,4x4 1G Box Cover,-- Unbranded --,-- No Unilog Brand --,Southwire,Southwire/g Turner (6603),Southwire Company LLC,Southwire®,,52C3-5/8-UPC,,Electrical>Wiring Devices>Wallplates,"Southwire Company LLC Southwire, 52C3-5/8-UPC, Wallplate / Box Cover, 4 x 4",WLPL / BOX CVR,"Southwire® 52C3-5/8-UPC Wallplate / Box Cover, 4 x 4","The Southwire® Wallplate / Box Cover is designed for commercial and industrial applications, measuring 4 x 4.",Wallplate / Box Cover,{'Dimensions': '4x4'},Size: 4 x 4,Size / Dimensions: 4x4,,,,,,,,,,,,,,,,,,,,,,,,Wallplate / Box Cover,Model,52C3-5/8-UPC,,Size,4 x 4,,Dimensions,4x4,,Size / Dimensions,4x4,,,,,,,,,,,,,,,,,,,,,,,,,,,,,,,,,,,,,,,,,,,,,,,,,,,,,,,,,,,,,,,,,,,,,,,,,,,,,,,,,,,,,,,,,,,,,,,,,,,,,,,,,,,,,,,,,,,,,,,,,,,,,,,,,,,,,,,,,,,,,,,39121300,,,,,,,,,,,,,,,,,,,,,,,,,,,,,,,,,,,,,,,,,,,
,,,,,,,Electrical,Wiring Devices,Wallplates,,52C14-5/8-UPC,4x4 1G Box Cover,-- Unbranded --,-- No Unilog Brand --,Southwire,Southwire/g Turner (6603),Southwire Company LLC,Southwire®,,52C14-5/8-UPC,,Electrical>Wiring Devices>Wallplates,"Southwire Company LLC Southwire, 52C14-5/8-UPC, Wallplate / Box Cover, 4 x 4",WLPL / BOX CVR,"Southwire® 52C14-5/8-UPC Wallplate / Box Cover, 4 x 4","The Southwire® Wallplate / Box Cover is designed for commercial and industrial applications, measuring 4 x 4.",Wallplate / Box Cover,{'Dimensions': '4x4'},Size: 4 x 4,Size / Dimensions: 4x4,,,,,,,,,,,,,,,,,,,,,,,,Wallplate / Box Cover,Model,52C14-5/8-UPC,,Size,4 x 4,,Dimensions,4x4,,Size / Dimensions,4x4,,,,,,,,,,,,,,,,,,,,,,,,,,,,,,,,,,,,,,,,,,,,,,,,,,,,,,,,,,,,,,,,,,,,,,,,,,,,,,,,,,,,,,,,,,,,,,,,,,,,,,,,,,,,,,,,,,,,,,,,,,,,,,,,,,,,,,,,,,,,,,,39121300,,,,,,,,,,,,,,,,,,,,,,,,,,,,,,,,,,,,,,,,,,,
,,,,,,,Electrical,Wiring Devices,Wallplates,,52C3-UPC,4x4 1G Box Cover,-- Unbranded --,-- No Unilog Brand --,Southwire,Southwire/g Turner (6603),Southwire Company LLC,Southwire®,,52C3-UPC,,Electrical>Wiring Devices>Wallplates,"Southwire Company LLC Southwire, 52C3-UPC, Wallplate / Box Cover, 4 x 4",WLPL / BOX CVR,"Southwire® 52C3-UPC Wallplate / Box Cover, 4 x 4","The Southwire® Wallplate / Box Cover is designed for commercial and industrial applications, measuring 4 x 4.",Wallplate / Box Cover,{'Dimensions': '4x4'},Size: 4 x 4,Size / Dimensions: 4x4,,,,,,,,,,,,,,,,,,,,,,,,Wallplate / Box Cover,Model,52C3-UPC,,Size,4 x 4,,Dimensions,4x4,,Size / Dimensions,4x4,,,,,,,,,,,,,,,,,,,,,,,,,,,,,,,,,,,,,,,,,,,,,,,,,,,,,,,,,,,,,,,,,,,,,,,,,,,,,,,,,,,,,,,,,,,,,,,,,,,,,,,,,,,,,,,,,,,,,,,,,,,,,,,,,,,,,,,,,,,,,,,39121300,,,,,,,,,,,,,,,,,,,,,,,,,,,,,,,,,,,,,,,,,,,
,,,,,,,Electrical,Enclosures & Boxes,Junction Boxes,,54151-F-UPC,4x4x1-1/2 Oct Box w/Bracket,-- Unbranded --,-- No Unilog Brand --,Southwire,Southwire/g Turner (6603),Southwire Company LLC,Southwire®,,54151-F-UPC,,Electrical>Enclosures & Boxes>Outlet Boxes,"Southwire Company LLC Southwire, 54151-F-UPC, Electrical Junction Box",ELCT JCT BOX,"Southwire® 54151-F-UPC Electrical Junction Box, 4 x 4 x 1-1","The Southwire® Electrical Junction Box is designed for commercial and industrial applications, measuring 4 x 4 x 1-1.",Electrical Junction Box,{'Dimensions': '4x4x1-1'},Size: 4 x 4 x 1-1,Size / Dimensions: 4x4x1-1,,,,,,,,,,,,,,,,,,,,,,,,Electrical Junction Box,Model,54151-F-UPC,,Size,4 x 4 x 1-1,,Dimensions,4x4x1-1,,Size / Dimensions,4x4x1-1,,,,,,,,,,,,,,,,,,,,,,,,,,,,,,,,,,,,,,,,,,,,,,,,,,,,,,,,,,,,,,,,,,,,,,,,,,,,,,,,,,,,,,,,,,,,,,,,,,,,,,,,,,,,,,,,,,,,,,,,,,,,,,,,,,,,,,,,,,,,,,,39121300,,,,,,,,,,,,,,,,,,,,,,,,,,,,,,,,,,,,,,,,,,,
,,,,,,,Electrical,Enclosures & Boxes,Junction Boxes,,54151-HUR-UPC,4x4x1-1/2 Oct Box w/Hanger,-- Unbranded --,-- No Unilog Brand --,Southwire,Southwire/g Turner (6603),Southwire Company LLC,Southwire®,,54151-HUR-UPC,,Electrical>Enclosures & Boxes>Outlet Boxes,"Southwire Company LLC Southwire, 54151-HUR-UPC, Electrical Junction Box",ELCT JCT BOX,"Southwire® 54151-HUR-UPC Electrical Junction Box, 4 x 4 x 1-1","The Southwire® Electrical Junction Box is designed for commercial and industrial applications, measuring 4 x 4 x 1-1.",Electrical Junction Box,{'Dimensions': '4x4x1-1'},Size: 4 x 4 x 1-1,Size / Dimensions: 4x4x1-1,,,,,,,,,,,,,,,,,,,,,,,,Electrical Junction Box,Model,54151-HUR-UPC,,Size,4 x 4 x 1-1,,Dimensions,4x4x1-1,,Size / Dimensions,4x4x1-1,,,,,,,,,,,,,,,,,,,,,,,,,,,,,,,,,,,,,,,,,,,,,,,,,,,,,,,,,,,,,,,,,,,,,,,,,,,,,,,,,,,,,,,,,,,,,,,,,,,,,,,,,,,,,,,,,,,,,,,,,,,,,,,,,,,,,,,,,,,,,,,39121300,,,,,,,,,,,,,,,,,,,,,,,,,,,,,,,,,,,,,,,,,,,
,,,,,,,Electrical,Enclosures & Boxes,Junction Boxes,,54151-JR-UPC,4x4x1-1/2 Oct Box w/Brakcet,-- Unbranded --,-- No Unilog Brand --,Southwire,Southwire/g Turner (6603),Southwire Company LLC,Southwire®,,54151-JR-UPC,,Electrical>Enclosures & Boxes>Outlet Boxes,"Southwire Company LLC Southwire, 54151-JR-UPC, Electrical Junction Box",ELCT JCT BOX,"Southwire® 54151-JR-UPC Electrical Junction Box, 4 x 4 x 1-1","The Southwire® Electrical Junction Box is designed for commercial and industrial applications, measuring 4 x 4 x 1-1.",Electrical Junction Box,{'Dimensions': '4x4x1-1'},Size: 4 x 4 x 1-1,Size / Dimensions: 4x4x1-1,,,,,,,,,,,,,,,,,,,,,,,,Electrical Junction Box,Model,54151-JR-UPC,,Size,4 x 4 x 1-1,,Dimensions,4x4x1-1,,Size / Dimensions,4x4x1-1,,,,,,,,,,,,,,,,,,,,,,,,,,,,,,,,,,,,,,,,,,,,,,,,,,,,,,,,,,,,,,,,,,,,,,,,,,,,,,,,,,,,,,,,,,,,,,,,,,,,,,,,,,,,,,,,,,,,,,,,,,,,,,,,,,,,,,,,,,,,,,,39121300,,,,,,,,,,,,,,,,,,,,,,,,,,,,,,,,,,,,,,,,,,,
,,,,,,,Electrical,Enclosures & Boxes,Junction Boxes,,54171-R-UPC,4x4x2 Oct Box,-- Unbranded --,-- No Unilog Brand --,Southwire,Southwire/g Turner (6603),Southwire Company LLC,Southwire®,,54171-R-UPC,,Electrical>Enclosures & Boxes>Outlet Boxes,"Southwire Company LLC Southwire, 54171-R-UPC, Electrical Junction Box, 4 x 4 x 2",ELCT JCT BOX,"Southwire® 54171-R-UPC Electrical Junction Box, 4 x 4 x 2","The Southwire® Electrical Junction Box is designed for commercial and industrial applications, measuring 4 x 4 x 2.",Electrical Junction Box,{'Dimensions': '4x4x2'},Size: 4 x 4 x 2,Size / Dimensions: 4x4x2,,,,,,,,,,,,,,,,,,,,,,,,Electrical Junction Box,Model,54171-R-UPC,,Size,4 x 4 x 2,,Dimensions,4x4x2,,Size / Dimensions,4x4x2,,,,,,,,,,,,,,,,,,,,,,,,,,,,,,,,,,,,,,,,,,,,,,,,,,,,,,,,,,,,,,,,,,,,,,,,,,,,,,,,,,,,,,,,,,,,,,,,,,,,,,,,,,,,,,,,,,,,,,,,,,,,,,,,,,,,,,,,,,,,,,,39121300,,,,,,,,,,,,,,,,,,,,,,,,,,,,,,,,,,,,,,,,,,,
,,,,,,,Electrical,Enclosures & Boxes,Junction Boxes,,52151-S-UPC,4x4x1-1/2 Square Box,-- Unbranded --,-- No Unilog Brand --,Southwire,Southwire/g Turner (6603),Southwire Company LLC,Southwire®,,52151-S-UPC,,Electrical>Enclosures & Boxes>Outlet Boxes,"Southwire Company LLC Southwire, 52151-S-UPC, Electrical Junction Box",ELCT JCT BOX,"Southwire® 52151-S-UPC Electrical Junction Box, 4 x 4 x 1-1","The Southwire® Electrical Junction Box is designed for commercial and industrial applications, measuring 4 x 4 x 1-1.",Electrical Junction Box,{'Dimensions': '4x4x1-1'},Size: 4 x 4 x 1-1,Size / Dimensions: 4x4x1-1,,,,,,,,,,,,,,,,,,,,,,,,Electrical Junction Box,Model,52151-S-UPC,,Size,4 x 4 x 1-1,,Dimensions,4x4x1-1,,Size / Dimensions,4x4x1-1,,,,,,,,,,,,,,,,,,,,,,,,,,,,,,,,,,,,,,,,,,,,,,,,,,,,,,,,,,,,,,,,,,,,,,,,,,,,,,,,,,,,,,,,,,,,,,,,,,,,,,,,,,,,,,,,,,,,,,,,,,,,,,,,,,,,,,,,,,,,,,,39121300,,,,,,,,,,,,,,,,,,,,,,,,,,,,,,,,,,,,,,,,,,,
,,,,,,,Electrical,Wiring Devices,Wallplates,,72171-3/4-1W-UPC,4-1/2x4-1/2x2 2G Box,-- Unbranded --,-- No Unilog Brand --,Southwire,Southwire/g Turner (6603),Southwire Company LLC,Southwire®,,72171-3/4-1W-UPC,,Electrical>Wiring Devices>Wallplates,"Southwire Company LLC Southwire, 72171-3/4-1W-UPC, Wallplate / Box Cover",WLPL / BOX CVR,"Southwire® 72171-3/4-1W-UPC Wallplate / Box Cover, 1/2 x 4-1","The Southwire® Wallplate / Box Cover is designed for commercial and industrial applications, measuring 1/2 x 4-1, operating at 1 W.",Wallplate / Box Cover,{'Dimensions': '1/2x4-1'},Size: 1/2 x 4-1,Size / Dimensions: 1/2x4-1,,,,,,,,,,,,,,,,,,,,,,,,Wallplate / Box Cover,Model,72171-3/4-1W-UPC,,Wattage,1,W,Size,1/2 x 4-1,,Dimensions,1/2x4-1,,Size / Dimensions,1/2x4-1,,,,,,,,,,,,,,,,,,,,,,,,,,,,,,,,,,,,,,,,,,,,,,,,,,,,,,,,,,,,,,,,,,,,,,,,,,,,,,,,,,,,,,,,,,,,,,,,,,,,,,,,,,,,,,,,,,,,,,,,,,,,,,,,,,,,,,,,,,,,39121300,,,,,,,,,,,,,,,,,,,,,,,,,,,,,,,,,,,,,,,,,,,
,,,,,,,Electrical,Wiring Devices,Wallplates,,5522-5EV,5522-5EV 2 Port Decor Plate,-- Unbranded --,-- No Unilog Brand --,-- No DIB Brand --,Cooper Wiring Devices (3560),Cooper Wiring Devices,Cooper Lighting®,,5522-5EV,,Electrical>Wiring Devices>Wallplates,"Cooper Wiring Devices, 5522-5EV, Wallplate / Box Cover",WLPL / BOX CVR,Cooper Wiring Devices 5522-5EV Wallplate / Box Cover,The Cooper Wiring Devices Wallplate / Box Cover (Part Number: 5522-5EV).,Wallplate / Box Cover,{},,,,,,,,,,,,,,,,,,,,,,,,,,Wallplate / Box Cover,Model,5522-5EV,,,,,,,,,,,,,,,,,,,,,,,,,,,,,,,,,,,,,,,,,,,,,,,,,,,,,,,,,,,,,,,,,,,,,,,,,,,,,,,,,,,,,,,,,,,,,,,,,,,,,,,,,,,,,,,,,,,,,,,,,,,,,,,,,,,,,,,,,,,,,,,,,,,,,,,,39121300,,,,,,,,,,,,,,,,,,,,,,,,,,,,,,,,,,,,,,,,,,,
,,,,,,,Electrical,Wiring Devices,Dimmers,,AYCL-153PH-LA,AYCL-153PH-LA Lutron Dimmer LA,-- Unbranded --,-- No Unilog Brand --,-- No DIB Brand --,Fenton Bros Electric Inc (FENBR),"Lutron Electronics Co., Inc.",Lutron®,,AYCL-153PH-LA,,Electrical>Wiring Devices>Dimmers,"Lutron, AYCL-153PH-LA, Dimmer Switch",DMR SWTC,Lutron® AYCL-153PH-LA Dimmer Switch,The Lutron® Dimmer Switch (Part Number: AYCL-153PH-LA).,Dimmer Switch,{},,,,,,,,,,,,,,,,,,,,,,,,,,Dimmer Switch,Model,AYCL-153PH-LA,,,,,,,,,,,,,,,,,,,,,,,,,,,,,,,,,,,,,,,,,,,,,,,,,,,,,,,,,,,,,,,,,,,,,,,,,,,,,,,,,,,,,,,,,,,,,,,,,,,,,,,,,,,,,,,,,,,,,,,,,,,,,,,,,,,,,,,,,,,,,,,,,,,,,,,,39122200,,,,,,,,,,,,,,,,,,,,,,,,,,,,,,,,,,,,,,,,,,,
,,,,,,,Electrical,Wiring Devices,Dimmers,,AYCL-153PH-WH,AYCL-153PH-WH Lutron Dimmer Wh,-- Unbranded --,-- No Unilog Brand --,-- No DIB Brand --,Fenton Bros Electric Inc (FENBR),"Lutron Electronics Co., Inc.",Lutron®,,AYCL-153PH-WH,,Electrical>Wiring Devices>Dimmers,"Lutron, AYCL-153PH-WH, Dimmer Switch, White",DMR SWTC,"Lutron® AYCL-153PH-WH Dimmer Switch, White","The Lutron® Dimmer Switch is designed for commercial and industrial applications, finished in White.","Dimmer Switch, White",{},Finish: White,,,,,,,,,,,,,,,,,,,,,,,,,Dimmer Switch,Model,AYCL-153PH-WH,,Color,White,,,,,,,,,,,,,,,,,,,,,,,,,,,,,,,,,,,,,,,,,,,,,,,,,,,,,,,,,,,,,,,,,,,,,,,,,,,,,,,,,,,,,,,,,,,,,,,,,,,,,,,,,,,,,,,,,,,,,,,,,,,,,,,,,,,,,,,,,,,,,,,,,,,,,39122200,,,,,,,,,,,,,,,,,,,,,,,,,,,,,,,,,,,,,,,,,,,
,,,,,,,Electrical,Wiring Devices,Dimmers,,D23LP-R02-1RW,D23LPR021RW Plug In Dimmer Wh,-- Unbranded --,-- No Unilog Brand --,Leviton,Leviton Mfg Co (4927),"Leviton Manufacturing Co., Inc.",Leviton®,,D23LP-R02-1RW,,Electrical>Wiring Devices>Dimmers,"Leviton, D23LP-R02-1RW, Dimmer Switch, White",DMR SWTC,"Leviton® D23LP-R02-1RW Dimmer Switch, White","The Leviton® Dimmer Switch is designed for commercial and industrial applications, finished in White.","Dimmer Switch, White",{},Finish: White,,,,,,,,,,,,,,,,,,,,,,,,,Dimmer Switch,Model,D23LP-R02-1RW,,Color,White,,,,,,,,,,,,,,,,,,,,,,,,,,,,,,,,,,,,,,,,,,,,,,,,,,,,,,,,,,,,,,,,,,,,,,,,,,,,,,,,,,,,,,,,,,,,,,,,,,,,,,,,,,,,,,,,,,,,,,,,,,,,,,,,,,,,,,,,,,,,,,,,,,,,,39122200,,,,,,,,,,,,,,,,,,,,,,,,,,,,,,,,,,,,,,,,,,,
,,,,,,,Electrical,Wiring Devices,Timers,,TNOCD002,TNOCD002 125V Outdooor Timer,-- Unbranded --,-- No Unilog Brand --,Prime,Prime Wire & Cable (3562),"Prime Wire & Cable, Inc.",Prime®,,TNOCD002,,Electrical>Wiring Devices>Timers,"Prime Wire & Cable, Inc. Prime, TNOCD002, Programmable Timer, 125 V",PRGR TMR 125V,Prime® TNOCD002 Programmable Timer,"The Prime® Programmable Timer is designed for commercial and industrial applications, rated at 125 V.",Programmable Timer,{'Voltage': '125 V'},125 V electrical rating,,,,,,,,,,,,,,,,,,,,,,,,,Programmable Timer,Model,TNOCD002,,Voltage Rating,125,V,Voltage,125 V,,,,,,,,,,,,,,,,,,,,,,,,,,,,,,,,,,,,,,,,,,,,,,,,,,,,,,,,,,,,,,,,,,,,,,,,,,,,,,,,,,,,,,,,,,,,,,,,,,,,,,,,,,,,,,,,,,,,,,,,,,,,,,,,,,,,,,,,,,,,,,,,,,39122200,,,,,,,,,,,,,,,,,,,,,,,,,,,,,,,,,,,,,,,,,,,
,,,,,,,Electrical,Wiring Devices,Timers,,TNDHD002,TNDHD002 125V 7Day Timer,-- Unbranded --,-- No Unilog Brand --,Prime,Prime Wire & Cable (3562),"Prime Wire & Cable, Inc.",Prime®,,TNDHD002,,Electrical>Wiring Devices>Timers,"Prime Wire & Cable, Inc. Prime, TNDHD002, Programmable Timer, 125 V",PRGR TMR 125V,Prime® TNDHD002 Programmable Timer,"The Prime® Programmable Timer is designed for commercial and industrial applications, rated at 125 V.",Programmable Timer,{'Voltage': '125 V'},125 V electrical rating,,,,,,,,,,,,,,,,,,,,,,,,,Programmable Timer,Model,TNDHD002,,Voltage Rating,125,V,Voltage,125 V,,,,,,,,,,,,,,,,,,,,,,,,,,,,,,,,,,,,,,,,,,,,,,,,,,,,,,,,,,,,,,,,,,,,,,,,,,,,,,,,,,,,,,,,,,,,,,,,,,,,,,,,,,,,,,,,,,,,,,,,,,,,,,,,,,,,,,,,,,,,,,,,,,39122200,,,,,,,,,,,,,,,,,,,,,,,,,,,,,,,,,,,,,,,,,,,
,,,,,,,Electrical,Wiring Devices,Timers,,TNIDP12,TNIDP12 125V Dig Indoor Timer,-- Unbranded --,-- No Unilog Brand --,Prime,Prime Wire & Cable (3562),"Prime Wire & Cable, Inc.",Prime®,,TNIDP12,,Electrical>Wiring Devices>Timers,"Prime Wire & Cable, Inc. Prime, TNIDP12, Programmable Timer, 125 V",PRGR TMR 125V,Prime® TNIDP12 Programmable Timer,"The Prime® Programmable Timer is designed for commercial and industrial applications, rated at 125 V.",Programmable Timer,{'Voltage': '125 V'},125 V electrical rating,,,,,,,,,,,,,,,,,,,,,,,,,Programmable Timer,Model,TNIDP12,,Voltage Rating,125,V,Voltage,125 V,,,,,,,,,,,,,,,,,,,,,,,,,,,,,,,,,,,,,,,,,,,,,,,,,,,,,,,,,,,,,,,,,,,,,,,,,,,,,,,,,,,,,,,,,,,,,,,,,,,,,,,,,,,,,,,,,,,,,,,,,,,,,,,,,,,,,,,,,,,,,,,,,,39122200,,,,,,,,,,,,,,,,,,,,,,,,,,,,,,,,,,,,,,,,,,,
,,,,,,,Electrical,Wiring Devices,Timers,,TNIW24,TNIW24 125V 24hr Mech Timer,-- Unbranded --,-- No Unilog Brand --,Prime,Prime Wire & Cable (3562),"Prime Wire & Cable, Inc.",Prime®,,TNIW24,,Electrical>Wiring Devices>Timers,"Prime Wire & Cable, Inc. Prime, TNIW24, Programmable Timer, 125 V",PRGR TMR 125V,Prime® TNIW24 Programmable Timer,"The Prime® Programmable Timer is designed for commercial and industrial applications, rated at 125 V.",Programmable Timer,{'Voltage': '125 V'},125 V electrical rating,,,,,,,,,,,,,,,,,,,,,,,,,Programmable Timer,Model,TNIW24,,Voltage Rating,125,V,Voltage,125 V,,,,,,,,,,,,,,,,,,,,,,,,,,,,,,,,,,,,,,,,,,,,,,,,,,,,,,,,,,,,,,,,,,,,,,,,,,,,,,,,,,,,,,,,,,,,,,,,,,,,,,,,,,,,,,,,,,,,,,,,,,,,,,,,,,,,,,,,,,,,,,,,,,39122200,,,,,,,,,,,,,,,,,,,,,,,,,,,,,,,,,,,,,,,,,,,
,,,,,,,Electrical,Lamps & Bulbs,LED Bulbs,,65-1222,65-1222 1' Led Lt Multi CCT,-- Unbranded --,-- No Unilog Brand --,-- No DIB Brand --,Satco Prod Inc (5573),"Satco Products, Inc.",Satco®,,65-1222,,Electrical>Lamps & Bulbs>LED Bulbs>MR16 Spotlights,"Satco Products, Inc. Satco, 65-1222, LED MR16 Spotlight Bulb",LED MR16 SPTL BULB,Satco® 65-1222 LED MR16 Spotlight Bulb,The Satco® LED MR16 Spotlight Bulb (Part Number: 65-1222).,LED MR16 Spotlight Bulb,{},,,,,,,,,,,,,,,,,,,,,,,,,,LED MR16 Spotlight Bulb,Model,65-1222,,,,,,,,,,,,,,,,,,,,,,,,,,,,,,,,,,,,,,,,,,,,,,,,,,,,,,,,,,,,,,,,,,,,,,,,,,,,,,,,,,,,,,,,,,,,,,,,,,,,,,,,,,,,,,,,,,,,,,,,,,,,,,,,,,,,,,,,,,,,,,,,,,,,,,,,39101628,,,,,,,,,,,,,,,,,,,,,,,,,,,,,,,,,,,,,,,,,,,
,,,,,,,Electrical,Lighting Fixtures,Commercial,,65-1224,65-1224 4' Led Strip Light,-- Unbranded --,-- No Unilog Brand --,Satco,Satco Prod Inc (5573),"Satco Products, Inc.",Satco®,,65-1224,,Electrical>Lighting Fixtures>Commercial Lighting,"Satco Products, Inc. Satco, 65-1224, Commercial / Shop Light Fixture",COMM / SHOP LGHT F,Satco® 65-1224 Commercial / Shop Light Fixture,The Satco® Commercial / Shop Light Fixture (Part Number: 65-1224).,Commercial / Shop Light Fixture,{},,,,,,,,,,,,,,,,,,,,,,,,,,Commercial / Shop Light Fixture,Model,65-1224,,,,,,,,,,,,,,,,,,,,,,,,,,,,,,,,,,,,,,,,,,,,,,,,,,,,,,,,,,,,,,,,,,,,,,,,,,,,,,,,,,,,,,,,,,,,,,,,,,,,,,,,,,,,,,,,,,,,,,,,,,,,,,,,,,,,,,,,,,,,,,,,,,,,,,,,39111500,,,,,,,,,,,,,,,,,,,,,,,,,,,,,,,,,,,,,,,,,,,
,,,,,,,Electrical,Lighting Fixtures,Wall Sconces,,45297BK,45297BK Kichler Wall Lt,-- Unbranded --,-- No Unilog Brand --,-- No DIB Brand --,Kichler Lighting (KICLI),Kichler Lighting LLC,Kichler®,,45297BK,,Electrical>Lighting Fixtures>Wall Lights,"Kichler Lighting LLC Kichler, 45297BK, Wall Light Fixture",WALL LGHT FXTR WALL,"Kichler® 45297BK Wall Light Fixture, Wall Mounting","The Kichler® Wall Light Fixture is designed for commercial and industrial applications, featuring Wall mounting.","Wall Light Fixture, Wall Mounting",{},,,,,,,,,,,,,,,,,,,,,,,,,,Wall Light Fixture,Model,45297BK,,Mounting Type,Wall,,,,,,,,,,,,,,,,,,,,,,,,,,,,,,,,,,,,,,,,,,,,,,,,,,,,,,,,,,,,,,,,,,,,,,,,,,,,,,,,,,,,,,,,,,,,,,,,,,,,,,,,,,,,,,,,,,,,,,,,,,,,,,,,,,,,,,,,,,,,,,,,,,,,,39111500,,,,,,,,,,,,,,,,,,,,,,,,,,,,,,,,,,,,,,,,,,,
,,,,,,,Electrical,Lighting Fixtures,Wall Sconces,,45573BK,45573BK Kichler Wall Light,-- Unbranded --,-- No Unilog Brand --,-- No DIB Brand --,Kichler Lighting (KICLI),Kichler Lighting LLC,Kichler®,,45573BK,,Electrical>Lighting Fixtures>Wall Lights,"Kichler Lighting LLC Kichler, 45573BK, Wall Light Fixture",WALL LGHT FXTR WALL,"Kichler® 45573BK Wall Light Fixture, Wall Mounting","The Kichler® Wall Light Fixture is designed for commercial and industrial applications, featuring Wall mounting.","Wall Light Fixture, Wall Mounting",{},,,,,,,,,,,,,,,,,,,,,,,,,,Wall Light Fixture,Model,45573BK,,Mounting Type,Wall,,,,,,,,,,,,,,,,,,,,,,,,,,,,,,,,,,,,,,,,,,,,,,,,,,,,,,,,,,,,,,,,,,,,,,,,,,,,,,,,,,,,,,,,,,,,,,,,,,,,,,,,,,,,,,,,,,,,,,,,,,,,,,,,,,,,,,,,,,,,,,,,,,,,,39111500,,,,,,,,,,,,,,,,,,,,,,,,,,,,,,,,,,,,,,,,,,,
,,,,,,,Electrical,Lighting Fixtures,Bath Vanity,,37418A,37418A Kichler Bath Light,-- Unbranded --,-- No Unilog Brand --,-- No DIB Brand --,Kichler Lighting (KICLI),Kichler Lighting LLC,Kichler®,,37418A,,Electrical>Lighting Fixtures>Bath Vanity Lights,"Kichler Lighting LLC Kichler, 37418A, Bath Light Fixture",BATH LGHT FXTR,Kichler® 37418A Bath Light Fixture,The Kichler® Bath Light Fixture (Part Number: 37418A).,Bath Light Fixture,{'Amperage': '37418 A'},,,,,,,,,,,,,,,,,,,,,,,,,,Bath Light Fixture,Model,37418A,,Amperage,37418 A,,,,,,,,,,,,,,,,,,,,,,,,,,,,,,,,,,,,,,,,,,,,,,,,,,,,,,,,,,,,,,,,,,,,,,,,,,,,,,,,,,,,,,,,,,,,,,,,,,,,,,,,,,,,,,,,,,,,,,,,,,,,,,,,,,,,,,,,,,,,,,,,,,,,,39111500,,,,,,,,,,,,,,,,,,,,,,,,,,,,,,,,,,,,,,,,,,,
,,,,,,,Electrical,Lighting Fixtures,Bath Vanity,,37423A,37423A Kichler Bath Light,-- Unbranded --,-- No Unilog Brand --,-- No DIB Brand --,Kichler Lighting (KICLI),Kichler Lighting LLC,Kichler®,,37423A,,Electrical>Lighting Fixtures>Bath Vanity Lights,"Kichler Lighting LLC Kichler, 37423A, Bath Light Fixture",BATH LGHT FXTR,Kichler® 37423A Bath Light Fixture,The Kichler® Bath Light Fixture (Part Number: 37423A).,Bath Light Fixture,{'Amperage': '37423 A'},,,,,,,,,,,,,,,,,,,,,,,,,,Bath Light Fixture,Model,37423A,,Amperage,37423 A,,,,,,,,,,,,,,,,,,,,,,,,,,,,,,,,,,,,,,,,,,,,,,,,,,,,,,,,,,,,,,,,,,,,,,,,,,,,,,,,,,,,,,,,,,,,,,,,,,,,,,,,,,,,,,,,,,,,,,,,,,,,,,,,,,,,,,,,,,,,,,,,,,,,,39111500,,,,,,,,,,,,,,,,,,,,,,,,,,,,,,,,,,,,,,,,,,,
,,,,,,,Electrical,Lighting Fixtures,Bath Vanity,,45496BKCLR,45496BKCLR Kichler Bath Light,-- Unbranded --,-- No Unilog Brand --,-- No DIB Brand --,Kichler Lighting (KICLI),Kichler Lighting LLC,Kichler®,,45496BKCLR,,Electrical>Lighting Fixtures>Bath Vanity Lights,"Kichler Lighting LLC Kichler, 45496BKCLR, Bath Light Fixture",BATH LGHT FXTR,Kichler® 45496BKCLR Bath Light Fixture,The Kichler® Bath Light Fixture (Part Number: 45496BKCLR).,Bath Light Fixture,{},,,,,,,,,,,,,,,,,,,,,,,,,,Bath Light Fixture,Model,45496BKCLR,,,,,,,,,,,,,,,,,,,,,,,,,,,,,,,,,,,,,,,,,,,,,,,,,,,,,,,,,,,,,,,,,,,,,,,,,,,,,,,,,,,,,,,,,,,,,,,,,,,,,,,,,,,,,,,,,,,,,,,,,,,,,,,,,,,,,,,,,,,,,,,,,,,,,,,,39111500,,,,,,,,,,,,,,,,,,,,,,,,,,,,,,,,,,,,,,,,,,,
,,,,,,,Electrical,Lighting Fixtures,Wall Sconces,,45973BK,45973BK Kichler Wall Light,-- Unbranded --,-- No Unilog Brand --,-- No DIB Brand --,Kichler Lighting (KICLI),Kichler Lighting LLC,Kichler®,,45973BK,,Electrical>Lighting Fixtures>Wall Lights,"Kichler Lighting LLC Kichler, 45973BK, Wall Light Fixture",WALL LGHT FXTR WALL,"Kichler® 45973BK Wall Light Fixture, Wall Mounting","The Kichler® Wall Light Fixture is designed for commercial and industrial applications, featuring Wall mounting.","Wall Light Fixture, Wall Mounting",{},,,,,,,,,,,,,,,,,,,,,,,,,,Wall Light Fixture,Model,45973BK,,Mounting Type,Wall,,,,,,,,,,,,,,,,,,,,,,,,,,,,,,,,,,,,,,,,,,,,,,,,,,,,,,,,,,,,,,,,,,,,,,,,,,,,,,,,,,,,,,,,,,,,,,,,,,,,,,,,,,,,,,,,,,,,,,,,,,,,,,,,,,,,,,,,,,,,,,,,,,,,,39111500,,,,,,,,,,,,,,,,,,,,,,,,,,,,,,,,,,,,,,,,,,,
,,,,,,,Electrical,Lighting Fixtures,Wall Sconces,,55155BK,55155BK Kichler Wall Lt,-- Unbranded --,-- No Unilog Brand --,-- No DIB Brand --,Kichler Lighting (KICLI),Kichler Lighting LLC,Kichler®,,55155BK,,Electrical>Lighting Fixtures>Wall Lights,"Kichler Lighting LLC Kichler, 55155BK, Wall Light Fixture",WALL LGHT FXTR WALL,"Kichler® 55155BK Wall Light Fixture, Wall Mounting","The Kichler® Wall Light Fixture is designed for commercial and industrial applications, featuring Wall mounting.","Wall Light Fixture, Wall Mounting",{},,,,,,,,,,,,,,,,,,,,,,,,,,Wall Light Fixture,Model,55155BK,,Mounting Type,Wall,,,,,,,,,,,,,,,,,,,,,,,,,,,,,,,,,,,,,,,,,,,,,,,,,,,,,,,,,,,,,,,,,,,,,,,,,,,,,,,,,,,,,,,,,,,,,,,,,,,,,,,,,,,,,,,,,,,,,,,,,,,,,,,,,,,,,,,,,,,,,,,,,,,,,39111500,,,,,,,,,,,,,,,,,,,,,,,,,,,,,,,,,,,,,,,,,,,
,,,,,,,Electrical,Lighting Fixtures,Wall Sconces,,55157CPZ,55157CPZ Kichler Wall Light,-- Unbranded --,-- No Unilog Brand --,-- No DIB Brand --,Kichler Lighting (KICLI),Kichler Lighting LLC,Kichler®,,55157CPZ,,Electrical>Lighting Fixtures>Wall Lights,"Kichler Lighting LLC Kichler, 55157CPZ, Wall Light Fixture",WALL LGHT FXTR WALL,"Kichler® 55157CPZ Wall Light Fixture, Wall Mounting","The Kichler® Wall Light Fixture is designed for commercial and industrial applications, featuring Wall mounting.","Wall Light Fixture, Wall Mounting",{},,,,,,,,,,,,,,,,,,,,,,,,,,Wall Light Fixture,Model,55157CPZ,,Mounting Type,Wall,,,,,,,,,,,,,,,,,,,,,,,,,,,,,,,,,,,,,,,,,,,,,,,,,,,,,,,,,,,,,,,,,,,,,,,,,,,,,,,,,,,,,,,,,,,,,,,,,,,,,,,,,,,,,,,,,,,,,,,,,,,,,,,,,,,,,,,,,,,,,,,,,,,,,39111500,,,,,,,,,,,,,,,,,,,,,,,,,,,,,,,,,,,,,,,,,,,
,,,,,,,Electrical,Lighting Fixtures,Wall Sconces,,55184BK,55184BK Kichler Wall Lt,-- Unbranded --,-- No Unilog Brand --,-- No DIB Brand --,Kichler Lighting (KICLI),Kichler Lighting LLC,Kichler®,,55184BK,,Electrical>Lighting Fixtures>Wall Lights,"Kichler Lighting LLC Kichler, 55184BK, Wall Light Fixture",WALL LGHT FXTR WALL,"Kichler® 55184BK Wall Light Fixture, Wall Mounting","The Kichler® Wall Light Fixture is designed for commercial and industrial applications, featuring Wall mounting.","Wall Light Fixture, Wall Mounting",{},,,,,,,,,,,,,,,,,,,,,,,,,,Wall Light Fixture,Model,55184BK,,Mounting Type,Wall,,,,,,,,,,,,,,,,,,,,,,,,,,,,,,,,,,,,,,,,,,,,,,,,,,,,,,,,,,,,,,,,,,,,,,,,,,,,,,,,,,,,,,,,,,,,,,,,,,,,,,,,,,,,,,,,,,,,,,,,,,,,,,,,,,,,,,,,,,,,,,,,,,,,,39111500,,,,,,,,,,,,,,,,,,,,,,,,,,,,,,,,,,,,,,,,,,,
,,,,,,,Electrical,Lighting Fixtures,Wall Sconces,,55185BK,55185BK Kichler Wall Lt,-- Unbranded --,-- No Unilog Brand --,-- No DIB Brand --,Kichler Lighting (KICLI),Kichler Lighting LLC,Kichler®,,55185BK,,Electrical>Lighting Fixtures>Wall Lights,"Kichler Lighting LLC Kichler, 55185BK, Wall Light Fixture",WALL LGHT FXTR WALL,"Kichler® 55185BK Wall Light Fixture, Wall Mounting","The Kichler® Wall Light Fixture is designed for commercial and industrial applications, featuring Wall mounting.","Wall Light Fixture, Wall Mounting",{},,,,,,,,,,,,,,,,,,,,,,,,,,Wall Light Fixture,Model,55185BK,,Mounting Type,Wall,,,,,,,,,,,,,,,,,,,,,,,,,,,,,,,,,,,,,,,,,,,,,,,,,,,,,,,,,,,,,,,,,,,,,,,,,,,,,,,,,,,,,,,,,,,,,,,,,,,,,,,,,,,,,,,,,,,,,,,,,,,,,,,,,,,,,,,,,,,,,,,,,,,,,39111500,,,,,,,,,,,,,,,,,,,,,,,,,,,,,,,,,,,,,,,,,,,
,,,,,,,Electrical,Lighting Fixtures,Wall Sconces,,55186CH,55186CH Kichler Wall Lt,-- Unbranded --,-- No Unilog Brand --,-- No DIB Brand --,Kichler Lighting (KICLI),Kichler Lighting LLC,Kichler®,,55186CH,,Electrical>Lighting Fixtures>Wall Lights,"Kichler Lighting LLC Kichler, 55186CH, Wall Light Fixture",WALL LGHT FXTR WALL,"Kichler® 55186CH Wall Light Fixture, Wall Mounting","The Kichler® Wall Light Fixture is designed for commercial and industrial applications, featuring Wall mounting.","Wall Light Fixture, Wall Mounting",{},,,,,,,,,,,,,,,,,,,,,,,,,,Wall Light Fixture,Model,55186CH,,Mounting Type,Wall,,,,,,,,,,,,,,,,,,,,,,,,,,,,,,,,,,,,,,,,,,,,,,,,,,,,,,,,,,,,,,,,,,,,,,,,,,,,,,,,,,,,,,,,,,,,,,,,,,,,,,,,,,,,,,,,,,,,,,,,,,,,,,,,,,,,,,,,,,,,,,,,,,,,,39111500,,,,,,,,,,,,,,,,,,,,,,,,,,,,,,,,,,,,,,,,,,,
,,,,,,,Electrical,Lighting Fixtures,Wall Sconces,,55210NI,55210NI Kichler Wall Light,-- Unbranded --,-- No Unilog Brand --,-- No DIB Brand --,Kichler Lighting (KICLI),Kichler Lighting LLC,Kichler®,,55210NI,,Electrical>Lighting Fixtures>Wall Lights,"Kichler Lighting LLC Kichler, 55210NI, Wall Light Fixture",WALL LGHT FXTR WALL,"Kichler® 55210NI Wall Light Fixture, Wall Mounting","The Kichler® Wall Light Fixture is designed for commercial and industrial applications, featuring Wall mounting.","Wall Light Fixture, Wall Mounting",{},,,,,,,,,,,,,,,,,,,,,,,,,,Wall Light Fixture,Model,55210NI,,Mounting Type,Wall,,,,,,,,,,,,,,,,,,,,,,,,,,,,,,,,,,,,,,,,,,,,,,,,,,,,,,,,,,,,,,,,,,,,,,,,,,,,,,,,,,,,,,,,,,,,,,,,,,,,,,,,,,,,,,,,,,,,,,,,,,,,,,,,,,,,,,,,,,,,,,,,,,,,,39111500,,,,,,,,,,,,,,,,,,,,,,,,,,,,,,,,,,,,,,,,,,,
,,,,,,,Electrical,Lighting Fixtures,Wall Sconces,,55211BK,55211BK Kichler Wall Light,-- Unbranded --,-- No Unilog Brand --,-- No DIB Brand --,Kichler Lighting (KICLI),Kichler Lighting LLC,Kichler®,,55211BK,,Electrical>Lighting Fixtures>Wall Lights,"Kichler Lighting LLC Kichler, 55211BK, Wall Light Fixture",WALL LGHT FXTR WALL,"Kichler® 55211BK Wall Light Fixture, Wall Mounting","The Kichler® Wall Light Fixture is designed for commercial and industrial applications, featuring Wall mounting.","Wall Light Fixture, Wall Mounting",{},,,,,,,,,,,,,,,,,,,,,,,,,,Wall Light Fixture,Model,55211BK,,Mounting Type,Wall,,,,,,,,,,,,,,,,,,,,,,,,,,,,,,,,,,,,,,,,,,,,,,,,,,,,,,,,,,,,,,,,,,,,,,,,,,,,,,,,,,,,,,,,,,,,,,,,,,,,,,,,,,,,,,,,,,,,,,,,,,,,,,,,,,,,,,,,,,,,,,,,,,,,,39111500,,,,,,,,,,,,,,,,,,,,,,,,,,,,,,,,,,,,,,,,,,,
,,,,,,,Electrical,Lighting Fixtures,Wall Sconces,,55211NI,55211NI Kichler Wall Light,-- Unbranded --,-- No Unilog Brand --,-- No DIB Brand --,Kichler Lighting (KICLI),Kichler Lighting LLC,Kichler®,,55211NI,,Electrical>Lighting Fixtures>Wall Lights,"Kichler Lighting LLC Kichler, 55211NI, Wall Light Fixture",WALL LGHT FXTR WALL,"Kichler® 55211NI Wall Light Fixture, Wall Mounting","The Kichler® Wall Light Fixture is designed for commercial and industrial applications, featuring Wall mounting.","Wall Light Fixture, Wall Mounting",{},,,,,,,,,,,,,,,,,,,,,,,,,,Wall Light Fixture,Model,55211NI,,Mounting Type,Wall,,,,,,,,,,,,,,,,,,,,,,,,,,,,,,,,,,,,,,,,,,,,,,,,,,,,,,,,,,,,,,,,,,,,,,,,,,,,,,,,,,,,,,,,,,,,,,,,,,,,,,,,,,,,,,,,,,,,,,,,,,,,,,,,,,,,,,,,,,,,,,,,,,,,,39111500,,,,,,,,,,,,,,,,,,,,,,,,,,,,,,,,,,,,,,,,,,,
,,,,,,,Electrical,Lighting Fixtures,Wall Sconces,,55212NI,55212NI Kichler Wall Light,-- Unbranded --,-- No Unilog Brand --,-- No DIB Brand --,Kichler Lighting (KICLI),Kichler Lighting LLC,Kichler®,,55212NI,,Electrical>Lighting Fixtures>Wall Lights,"Kichler Lighting LLC Kichler, 55212NI, Wall Light Fixture",WALL LGHT FXTR WALL,"Kichler® 55212NI Wall Light Fixture, Wall Mounting","The Kichler® Wall Light Fixture is designed for commercial and industrial applications, featuring Wall mounting.","Wall Light Fixture, Wall Mounting",{},,,,,,,,,,,,,,,,,,,,,,,,,,Wall Light Fixture,Model,55212NI,,Mounting Type,Wall,,,,,,,,,,,,,,,,,,,,,,,,,,,,,,,,,,,,,,,,,,,,,,,,,,,,,,,,,,,,,,,,,,,,,,,,,,,,,,,,,,,,,,,,,,,,,,,,,,,,,,,,,,,,,,,,,,,,,,,,,,,,,,,,,,,,,,,,,,,,,,,,,,,,,39111500,,,,,,,,,,,,,,,,,,,,,,,,,,,,,,,,,,,,,,,,,,,
,,,,,,,Electrical,Lighting Fixtures,Wall Sconces,,55226BKLFU,55226BKFLU Kichler Wall Lt,-- Unbranded --,-- No Unilog Brand --,-- No DIB Brand --,Kichler Lighting (KICLI),Kichler Lighting LLC,Kichler®,,55226BKLFU,,Electrical>Lighting Fixtures>Wall Lights,"Kichler Lighting LLC Kichler, 55226BKLFU, Wall Light Fixture",WALL LGHT FXTR WALL,"Kichler® 55226BKLFU Wall Light Fixture, Wall Mounting","The Kichler® Wall Light Fixture is designed for commercial and industrial applications, featuring Wall mounting.","Wall Light Fixture, Wall Mounting",{},,,,,,,,,,,,,,,,,,,,,,,,,,Wall Light Fixture,Model,55226BKLFU,,Mounting Type,Wall,,,,,,,,,,,,,,,,,,,,,,,,,,,,,,,,,,,,,,,,,,,,,,,,,,,,,,,,,,,,,,,,,,,,,,,,,,,,,,,,,,,,,,,,,,,,,,,,,,,,,,,,,,,,,,,,,,,,,,,,,,,,,,,,,,,,,,,,,,,,,,,,,,,,,39111500,,,,,,,,,,,,,,,,,,,,,,,,,,,,,,,,,,,,,,,,,,,
,,,,,,,Electrical,Lighting Fixtures,Wall Sconces,,55239CPZLED,55239CPZLED Kichler Wall Lt,-- Unbranded --,-- No Unilog Brand --,-- No DIB Brand --,Kichler Lighting (KICLI),Kichler Lighting LLC,Kichler®,,55239CPZLED,,Electrical>Lighting Fixtures>Wall Lights,"Kichler Lighting LLC Kichler, 55239CPZLED, Wall Light Fixture",WALL LGHT FXTR WALL,"Kichler® 55239CPZLED Wall Light Fixture, Wall Mounting","The Kichler® Wall Light Fixture is designed for commercial and industrial applications, featuring Wall mounting.","Wall Light Fixture, Wall Mounting",{},,,,,,,,,,,,,,,,,,,,,,,,,,Wall Light Fixture,Model,55239CPZLED,,Mounting Type,Wall,,,,,,,,,,,,,,,,,,,,,,,,,,,,,,,,,,,,,,,,,,,,,,,,,,,,,,,,,,,,,,,,,,,,,,,,,,,,,,,,,,,,,,,,,,,,,,,,,,,,,,,,,,,,,,,,,,,,,,,,,,,,,,,,,,,,,,,,,,,,,,,,,,,,,39111500,,,,,,,,,,,,,,,,,,,,,,,,,,,,,,,,,,,,,,,,,,,
,,,,,,,Electrical,Lighting Fixtures,Chandeliers,,44072DBK,44072DBK Kichler Chandelier Lt,-- Unbranded --,-- No Unilog Brand --,-- No DIB Brand --,Kichler Lighting (KICLI),Kichler Lighting LLC,Kichler®,,44072DBK,,Electrical>Lighting Fixtures>Chandeliers,"Kichler Lighting LLC Kichler, 44072DBK, Chandelier Light Fixture",CHND LGHT FXTR,Kichler® 44072DBK Chandelier Light Fixture,The Kichler® Chandelier Light Fixture (Part Number: 44072DBK).,Chandelier Light Fixture,{},,,,,,,,,,,,,,,,,,,,,,,,,,Chandelier Light Fixture,Model,44072DBK,,,,,,,,,,,,,,,,,,,,,,,,,,,,,,,,,,,,,,,,,,,,,,,,,,,,,,,,,,,,,,,,,,,,,,,,,,,,,,,,,,,,,,,,,,,,,,,,,,,,,,,,,,,,,,,,,,,,,,,,,,,,,,,,,,,,,,,,,,,,,,,,,,,,,,,,39111500,,,,,,,,,,,,,,,,,,,,,,,,,,,,,,,,,,,,,,,,,,,
,,,,,,,Electrical,Lighting Fixtures,Chandeliers,,44073NI,44073NI Kichler Chandelier Lt,-- Unbranded --,-- No Unilog Brand --,-- No DIB Brand --,Kichler Lighting (KICLI),Kichler Lighting LLC,Kichler®,,44073NI,,Electrical>Lighting Fixtures>Chandeliers,"Kichler Lighting LLC Kichler, 44073NI, Chandelier Light Fixture",CHND LGHT FXTR,Kichler® 44073NI Chandelier Light Fixture,The Kichler® Chandelier Light Fixture (Part Number: 44073NI).,Chandelier Light Fixture,{},,,,,,,,,,,,,,,,,,,,,,,,,,Chandelier Light Fixture,Model,44073NI,,,,,,,,,,,,,,,,,,,,,,,,,,,,,,,,,,,,,,,,,,,,,,,,,,,,,,,,,,,,,,,,,,,,,,,,,,,,,,,,,,,,,,,,,,,,,,,,,,,,,,,,,,,,,,,,,,,,,,,,,,,,,,,,,,,,,,,,,,,,,,,,,,,,,,,,39111500,,,,,,,,,,,,,,,,,,,,,,,,,,,,,,,,,,,,,,,,,,,
,,,,,,,Electrical,Lighting Fixtures,Chandeliers,,52033BK,52033BK Kichler Chandelier Lt,-- Unbranded --,-- No Unilog Brand --,-- No DIB Brand --,Kichler Lighting (KICLI),Kichler Lighting LLC,Kichler®,,52033BK,,Electrical>Lighting Fixtures>Chandeliers,"Kichler Lighting LLC Kichler, 52033BK, Chandelier Light Fixture",CHND LGHT FXTR,Kichler® 52033BK Chandelier Light Fixture,The Kichler® Chandelier Light Fixture (Part Number: 52033BK).,Chandelier Light Fixture,{},,,,,,,,,,,,,,,,,,,,,,,,,,Chandelier Light Fixture,Model,52033BK,,,,,,,,,,,,,,,,,,,,,,,,,,,,,,,,,,,,,,,,,,,,,,,,,,,,,,,,,,,,,,,,,,,,,,,,,,,,,,,,,,,,,,,,,,,,,,,,,,,,,,,,,,,,,,,,,,,,,,,,,,,,,,,,,,,,,,,,,,,,,,,,,,,,,,,,39111500,,,,,,,,,,,,,,,,,,,,,,,,,,,,,,,,,,,,,,,,,,,
,,,,,,,Electrical,Lighting Fixtures,Chandeliers,,84322WH,84322WH Kichler Chandelier Lt,-- Unbranded --,-- No Unilog Brand --,-- No DIB Brand --,Kichler Lighting (KICLI),Kichler Lighting LLC,Kichler®,,84322WH,,Electrical>Lighting Fixtures>Chandeliers,"Kichler Lighting LLC Kichler, 84322WH, Chandelier Light Fixture",CHND LGHT FXTR,Kichler® 84322WH Chandelier Light Fixture,The Kichler® Chandelier Light Fixture (Part Number: 84322WH).,Chandelier Light Fixture,{},,,,,,,,,,,,,,,,,,,,,,,,,,Chandelier Light Fixture,Model,84322WH,,,,,,,,,,,,,,,,,,,,,,,,,,,,,,,,,,,,,,,,,,,,,,,,,,,,,,,,,,,,,,,,,,,,,,,,,,,,,,,,,,,,,,,,,,,,,,,,,,,,,,,,,,,,,,,,,,,,,,,,,,,,,,,,,,,,,,,,,,,,,,,,,,,,,,,,39111500,,,,,,,,,,,,,,,,,,,,,,,,,,,,,,,,,,,,,,,,,,,
,,,,,,,Electrical,Lighting Fixtures,Chandeliers,,52404BK,52404BK Kichler Chandelier Lt,-- Unbranded --,-- No Unilog Brand --,-- No DIB Brand --,Kichler Lighting (KICLI),Kichler Lighting LLC,Kichler®,,52404BK,,Electrical>Lighting Fixtures>Chandeliers,"Kichler Lighting LLC Kichler, 52404BK, Chandelier Light Fixture",CHND LGHT FXTR,Kichler® 52404BK Chandelier Light Fixture,The Kichler® Chandelier Light Fixture (Part Number: 52404BK).,Chandelier Light Fixture,{},,,,,,,,,,,,,,,,,,,,,,,,,,Chandelier Light Fixture,Model,52404BK,,,,,,,,,,,,,,,,,,,,,,,,,,,,,,,,,,,,,,,,,,,,,,,,,,,,,,,,,,,,,,,,,,,,,,,,,,,,,,,,,,,,,,,,,,,,,,,,,,,,,,,,,,,,,,,,,,,,,,,,,,,,,,,,,,,,,,,,,,,,,,,,,,,,,,,,39111500,,,,,,,,,,,,,,,,,,,,,,,,,,,,,,,,,,,,,,,,,,,
,,,,,,,Electrical,Lighting Fixtures,Chandeliers,,34686A,34686A Kichler Chandelier Lt,-- Unbranded --,-- No Unilog Brand --,-- No DIB Brand --,Kichler Lighting (KICLI),Kichler Lighting LLC,Kichler®,,34686A,,Electrical>Lighting Fixtures>Chandeliers,"Kichler Lighting LLC Kichler, 34686A, Chandelier Light Fixture",CHND LGHT FXTR,Kichler® 34686A Chandelier Light Fixture,The Kichler® Chandelier Light Fixture (Part Number: 34686A).,Chandelier Light Fixture,{'Amperage': '34686 A'},,,,,,,,,,,,,,,,,,,,,,,,,,Chandelier Light Fixture,Model,34686A,,Amperage,34686 A,,,,,,,,,,,,,,,,,,,,,,,,,,,,,,,,,,,,,,,,,,,,,,,,,,,,,,,,,,,,,,,,,,,,,,,,,,,,,,,,,,,,,,,,,,,,,,,,,,,,,,,,,,,,,,,,,,,,,,,,,,,,,,,,,,,,,,,,,,,,,,,,,,,,,39111500,,,,,,,,,,,,,,,,,,,,,,,,,,,,,,,,,,,,,,,,,,,
,,,,,,,Electrical,Lighting Fixtures,Chandeliers,,34687A,34687A Kichler Chandelier Lt,-- Unbranded --,-- No Unilog Brand --,-- No DIB Brand --,Kichler Lighting (KICLI),Kichler Lighting LLC,Kichler®,,34687A,,Electrical>Lighting Fixtures>Chandeliers,"Kichler Lighting LLC Kichler, 34687A, Chandelier Light Fixture",CHND LGHT FXTR,Kichler® 34687A Chandelier Light Fixture,The Kichler® Chandelier Light Fixture (Part Number: 34687A).,Chandelier Light Fixture,{'Amperage': '34687 A'},,,,,,,,,,,,,,,,,,,,,,,,,,Chandelier Light Fixture,Model,34687A,,Amperage,34687 A,,,,,,,,,,,,,,,,,,,,,,,,,,,,,,,,,,,,,,,,,,,,,,,,,,,,,,,,,,,,,,,,,,,,,,,,,,,,,,,,,,,,,,,,,,,,,,,,,,,,,,,,,,,,,,,,,,,,,,,,,,,,,,,,,,,,,,,,,,,,,,,,,,,,,39111500,,,,,,,,,,,,,,,,,,,,,,,,,,,,,,,,,,,,,,,,,,,
,,,,,,,Electrical,Lighting Fixtures,Chandeliers,,34688A,34688A Kichler Chandelier Lt,-- Unbranded --,-- No Unilog Brand --,-- No DIB Brand --,Kichler Lighting LLC,Kichler Lighting LLC,Kichler®,,34688A,,Electrical>Lighting Fixtures>Chandeliers,"Kichler Lighting LLC Kichler, 34688A, Chandelier Light Fixture",CHND LGHT FXTR,Kichler® 34688A Chandelier Light Fixture,The Kichler® Chandelier Light Fixture (Part Number: 34688A).,Chandelier Light Fixture,{'Amperage': '34688 A'},,,,,,,,,,,,,,,,,,,,,,,,,,Chandelier Light Fixture,Model,34688A,,Amperage,34688 A,,,,,,,,,,,,,,,,,,,,,,,,,,,,,,,,,,,,,,,,,,,,,,,,,,,,,,,,,,,,,,,,,,,,,,,,,,,,,,,,,,,,,,,,,,,,,,,,,,,,,,,,,,,,,,,,,,,,,,,,,,,,,,,,,,,,,,,,,,,,,,,,,,,,,39111500,,,,,,,,,,,,,,,,,,,,,,,,,,,,,,,,,,,,,,,,,,,
,,,,,,,Electrical,Lighting Fixtures,Chandeliers,,43671BKCLR,43671BKCLR Kichler Chand Lt,-- Unbranded --,-- No Unilog Brand --,-- No DIB Brand --,Kichler Lighting (KICLI),Kichler Lighting LLC,Kichler®,,43671BKCLR,,Electrical>Lighting Fixtures>Chandeliers,"Kichler Lighting LLC Kichler, 43671BKCLR, Chandelier Light Fixture",CHND LGHT FXTR,Kichler® 43671BKCLR Chandelier Light Fixture,The Kichler® Chandelier Light Fixture (Part Number: 43671BKCLR).,Chandelier Light Fixture,{},,,,,,,,,,,,,,,,,,,,,,,,,,Chandelier Light Fixture,Model,43671BKCLR,,,,,,,,,,,,,,,,,,,,,,,,,,,,,,,,,,,,,,,,,,,,,,,,,,,,,,,,,,,,,,,,,,,,,,,,,,,,,,,,,,,,,,,,,,,,,,,,,,,,,,,,,,,,,,,,,,,,,,,,,,,,,,,,,,,,,,,,,,,,,,,,,,,,,,,,39111500,,,,,,,,,,,,,,,,,,,,,,,,,,,,,,,,,,,,,,,,,,,
,,,,,,,Electrical,Lighting Fixtures,Chandeliers,,52616BK,52616BK Kichler Chandelier Lt,-- Unbranded --,-- No Unilog Brand --,-- No DIB Brand --,Kichler Lighting (KICLI),Kichler Lighting LLC,Kichler®,,52616BK,,Electrical>Lighting Fixtures>Chandeliers,"Kichler Lighting LLC Kichler, 52616BK, Chandelier Light Fixture",CHND LGHT FXTR,Kichler® 52616BK Chandelier Light Fixture,The Kichler® Chandelier Light Fixture (Part Number: 52616BK).,Chandelier Light Fixture,{},,,,,,,,,,,,,,,,,,,,,,,,,,Chandelier Light Fixture,Model,52616BK,,,,,,,,,,,,,,,,,,,,,,,,,,,,,,,,,,,,,,,,,,,,,,,,,,,,,,,,,,,,,,,,,,,,,,,,,,,,,,,,,,,,,,,,,,,,,,,,,,,,,,,,,,,,,,,,,,,,,,,,,,,,,,,,,,,,,,,,,,,,,,,,,,,,,,,,39111500,,,,,,,,,,,,,,,,,,,,,,,,,,,,,,,,,,,,,,,,,,,
,,,,,,,Electrical,Lighting Fixtures,Chandeliers,,52616NI,52616NI Kichler Chandelier Lt,-- Unbranded --,-- No Unilog Brand --,-- No DIB Brand --,Kichler Lighting (KICLI),Kichler Lighting LLC,Kichler®,,52616NI,,Electrical>Lighting Fixtures>Chandeliers,"Kichler Lighting LLC Kichler, 52616NI, Chandelier Light Fixture",CHND LGHT FXTR,Kichler® 52616NI Chandelier Light Fixture,The Kichler® Chandelier Light Fixture (Part Number: 52616NI).,Chandelier Light Fixture,{},,,,,,,,,,,,,,,,,,,,,,,,,,Chandelier Light Fixture,Model,52616NI,,,,,,,,,,,,,,,,,,,,,,,,,,,,,,,,,,,,,,,,,,,,,,,,,,,,,,,,,,,,,,,,,,,,,,,,,,,,,,,,,,,,,,,,,,,,,,,,,,,,,,,,,,,,,,,,,,,,,,,,,,,,,,,,,,,,,,,,,,,,,,,,,,,,,,,,39111500,,,,,,,,,,,,,,,,,,,,,,,,,,,,,,,,,,,,,,,,,,,
,,,,,,,Electrical,Lighting Fixtures,Chandeliers,,52678BK,52678BK Kichler Chandelier Lt,-- Unbranded --,-- No Unilog Brand --,-- No DIB Brand --,Kichler Lighting (KICLI),Kichler Lighting LLC,Kichler®,,52678BK,,Electrical>Lighting Fixtures>Chandeliers,"Kichler Lighting LLC Kichler, 52678BK, Chandelier Light Fixture",CHND LGHT FXTR,Kichler® 52678BK Chandelier Light Fixture,The Kichler® Chandelier Light Fixture (Part Number: 52678BK).,Chandelier Light Fixture,{},,,,,,,,,,,,,,,,,,,,,,,,,,Chandelier Light Fixture,Model,52678BK,,,,,,,,,,,,,,,,,,,,,,,,,,,,,,,,,,,,,,,,,,,,,,,,,,,,,,,,,,,,,,,,,,,,,,,,,,,,,,,,,,,,,,,,,,,,,,,,,,,,,,,,,,,,,,,,,,,,,,,,,,,,,,,,,,,,,,,,,,,,,,,,,,,,,,,,39111500,,,,,,,,,,,,,,,,,,,,,,,,,,,,,,,,,,,,,,,,,,,
,,,,,,,Electrical,Lighting Fixtures,Chandeliers,,52680CPZ,52680CPZ Kichler Chandelier Lt,-- Unbranded --,-- No Unilog Brand --,-- No DIB Brand --,Kichler Lighting (KICLI),Kichler Lighting LLC,Kichler®,,52680CPZ,,Electrical>Lighting Fixtures>Chandeliers,"Kichler Lighting LLC Kichler, 52680CPZ, Chandelier Light Fixture",CHND LGHT FXTR,Kichler® 52680CPZ Chandelier Light Fixture,The Kichler® Chandelier Light Fixture (Part Number: 52680CPZ).,Chandelier Light Fixture,{},,,,,,,,,,,,,,,,,,,,,,,,,,Chandelier Light Fixture,Model,52680CPZ,,,,,,,,,,,,,,,,,,,,,,,,,,,,,,,,,,,,,,,,,,,,,,,,,,,,,,,,,,,,,,,,,,,,,,,,,,,,,,,,,,,,,,,,,,,,,,,,,,,,,,,,,,,,,,,,,,,,,,,,,,,,,,,,,,,,,,,,,,,,,,,,,,,,,,,,39111500,,,,,,,,,,,,,,,,,,,,,,,,,,,,,,,,,,,,,,,,,,,
,,,,,,,Electrical,Lighting Fixtures,Chandeliers,,52772BK,52772BK Kichler Chandelier Lt,-- Unbranded --,-- No Unilog Brand --,-- No DIB Brand --,Kichler Lighting (KICLI),Kichler Lighting LLC,Kichler®,,52772BK,,Electrical>Lighting Fixtures>Chandeliers,"Kichler Lighting LLC Kichler, 52772BK, Chandelier Light Fixture",CHND LGHT FXTR,Kichler® 52772BK Chandelier Light Fixture,The Kichler® Chandelier Light Fixture (Part Number: 52772BK).,Chandelier Light Fixture,{},,,,,,,,,,,,,,,,,,,,,,,,,,Chandelier Light Fixture,Model,52772BK,,,,,,,,,,,,,,,,,,,,,,,,,,,,,,,,,,,,,,,,,,,,,,,,,,,,,,,,,,,,,,,,,,,,,,,,,,,,,,,,,,,,,,,,,,,,,,,,,,,,,,,,,,,,,,,,,,,,,,,,,,,,,,,,,,,,,,,,,,,,,,,,,,,,,,,,39111500,,,,,,,,,,,,,,,,,,,,,,,,,,,,,,,,,,,,,,,,,,,
,,,,,,,Electrical,Lighting Fixtures,Chandeliers,,82399,82399 Kichler Chandelier Lt,-- Unbranded --,-- No Unilog Brand --,-- No DIB Brand --,Kichler Lighting (KICLI),Kichler Lighting LLC,Kichler®,,82399,,Electrical>Lighting Fixtures>Chandeliers,"Kichler Lighting LLC Kichler, 82399, Chandelier Light Fixture",CHND LGHT FXTR,Kichler® 82399 Chandelier Light Fixture,The Kichler® Chandelier Light Fixture (Part Number: 82399).,Chandelier Light Fixture,{},,,,,,,,,,,,,,,,,,,,,,,,,,Chandelier Light Fixture,Model,82399,,,,,,,,,,,,,,,,,,,,,,,,,,,,,,,,,,,,,,,,,,,,,,,,,,,,,,,,,,,,,,,,,,,,,,,,,,,,,,,,,,,,,,,,,,,,,,,,,,,,,,,,,,,,,,,,,,,,,,,,,,,,,,,,,,,,,,,,,,,,,,,,,,,,,,,,39111500,,,,,,,,,,,,,,,,,,,,,,,,,,,,,,,,,,,,,,,,,,,
,,,,,,,Electrical,Lighting Fixtures,Commercial,,65-771R3,65-771R3 Nuvo Highbay Light,-- Unbranded --,-- No Unilog Brand --,-- No DIB Brand --,Satco Prod Inc (5573),"Satco Products, Inc.",Satco®,,65-771R3,,Electrical>Lighting Fixtures>Commercial Lighting,"Satco Products, Inc. Satco, 65-771R3, Commercial / Shop Light Fixture",COMM / SHOP LGHT F,Satco® 65-771R3 Commercial / Shop Light Fixture,The Satco® Commercial / Shop Light Fixture (Part Number: 65-771R3).,Commercial / Shop Light Fixture,{},,,,,,,,,,,,,,,,,,,,,,,,,,Commercial / Shop Light Fixture,Model,65-771R3,,,,,,,,,,,,,,,,,,,,,,,,,,,,,,,,,,,,,,,,,,,,,,,,,,,,,,,,,,,,,,,,,,,,,,,,,,,,,,,,,,,,,,,,,,,,,,,,,,,,,,,,,,,,,,,,,,,,,,,,,,,,,,,,,,,,,,,,,,,,,,,,,,,,,,,,39111500,,,,,,,,,,,,,,,,,,,,,,,,,,,,,,,,,,,,,,,,,,,
,,,,,,,Electrical,Lighting Fixtures,Flush Mounts,,42955BK,42955BK Kichler Ceiling Lt,-- Unbranded --,-- No Unilog Brand --,-- No DIB Brand --,Kichler Lighting (KICLI),Kichler Lighting LLC,Kichler®,,42955BK,,Electrical>Lighting Fixtures>Ceiling Lights,"Kichler Lighting LLC Kichler, 42955BK, Ceiling Light Fixture",CLNG LGHT FXTR CEIL,"Kichler® 42955BK Ceiling Light Fixture, Ceiling Mounting","The Kichler® Ceiling Light Fixture is designed for commercial and industrial applications, featuring Ceiling mounting.","Ceiling Light Fixture, Ceiling Mounting",{},,,,,,,,,,,,,,,,,,,,,,,,,,Ceiling Light Fixture,Model,42955BK,,Mounting Type,Ceiling,,,,,,,,,,,,,,,,,,,,,,,,,,,,,,,,,,,,,,,,,,,,,,,,,,,,,,,,,,,,,,,,,,,,,,,,,,,,,,,,,,,,,,,,,,,,,,,,,,,,,,,,,,,,,,,,,,,,,,,,,,,,,,,,,,,,,,,,,,,,,,,,,,,,,39111500,,,,,,,,,,,,,,,,,,,,,,,,,,,,,,,,,,,,,,,,,,,
,,,,,,,Electrical,Lighting Fixtures,Flush Mounts,,42275BK,42275BK Kichler Ceiling Lt,-- Unbranded --,-- No Unilog Brand --,-- No DIB Brand --,Kichler Lighting (KICLI),Kichler Lighting LLC,Kichler®,,42275BK,,Electrical>Lighting Fixtures>Ceiling Lights,"Kichler Lighting LLC Kichler, 42275BK, Ceiling Light Fixture",CLNG LGHT FXTR CEIL,"Kichler® 42275BK Ceiling Light Fixture, Ceiling Mounting","The Kichler® Ceiling Light Fixture is designed for commercial and industrial applications, featuring Ceiling mounting.","Ceiling Light Fixture, Ceiling Mounting",{},,,,,,,,,,,,,,,,,,,,,,,,,,Ceiling Light Fixture,Model,42275BK,,Mounting Type,Ceiling,,,,,,,,,,,,,,,,,,,,,,,,,,,,,,,,,,,,,,,,,,,,,,,,,,,,,,,,,,,,,,,,,,,,,,,,,,,,,,,,,,,,,,,,,,,,,,,,,,,,,,,,,,,,,,,,,,,,,,,,,,,,,,,,,,,,,,,,,,,,,,,,,,,,,39111500,,,,,,,,,,,,,,,,,,,,,,,,,,,,,,,,,,,,,,,,,,,
,,,,,,,Electrical,Lighting Fixtures,Flush Mounts,,62-1850,"62-1850 11"" Led Ceiling Light",-- Unbranded --,-- No Unilog Brand --,-- No DIB Brand --,Satco Prod Inc (5573),"Satco Products, Inc.",Satco®,,62-1850,,Electrical>Lighting Fixtures>Ceiling Lights,"Satco Products, Inc. Satco, 62-1850, Ceiling Light Fixture",CLNG LGHT FXTR CEIL,"Satco® 62-1850 Ceiling Light Fixture, Ceiling Mounting","The Satco® Ceiling Light Fixture is designed for commercial and industrial applications, featuring Ceiling mounting.","Ceiling Light Fixture, Ceiling Mounting",{},,,,,,,,,,,,,,,,,,,,,,,,,,Ceiling Light Fixture,Model,62-1850,,Mounting Type,Ceiling,,,,,,,,,,,,,,,,,,,,,,,,,,,,,,,,,,,,,,,,,,,,,,,,,,,,,,,,,,,,,,,,,,,,,,,,,,,,,,,,,,,,,,,,,,,,,,,,,,,,,,,,,,,,,,,,,,,,,,,,,,,,,,,,,,,,,,,,,,,,,,,,,,,,,39111500,,,,,,,,,,,,,,,,,,,,,,,,,,,,,,,,,,,,,,,,,,,
,,,,,,,Electrical,Lighting Fixtures,Flush Mounts,,62-1852,"62-1852 14"" Satco Led Ceiling Lt",-- Unbranded --,-- No Unilog Brand --,-- No DIB Brand --,Satco Prod Inc (5573),"Satco Products, Inc.",Satco®,,62-1852,,Electrical>Lighting Fixtures>Ceiling Lights,"Satco Products, Inc. Satco, 62-1852, Ceiling Light Fixture",CLNG LGHT FXTR CEIL,"Satco® 62-1852 Ceiling Light Fixture, Ceiling Mounting","The Satco® Ceiling Light Fixture is designed for commercial and industrial applications, featuring Ceiling mounting.","Ceiling Light Fixture, Ceiling Mounting",{},,,,,,,,,,,,,,,,,,,,,,,,,,Ceiling Light Fixture,Model,62-1852,,Mounting Type,Ceiling,,,,,,,,,,,,,,,,,,,,,,,,,,,,,,,,,,,,,,,,,,,,,,,,,,,,,,,,,,,,,,,,,,,,,,,,,,,,,,,,,,,,,,,,,,,,,,,,,,,,,,,,,,,,,,,,,,,,,,,,,,,,,,,,,,,,,,,,,,,,,,,,,,,,,39111500,,,,,,,,,,,,,,,,,,,,,,,,,,,,,,,,,,,,,,,,,,,
,,,,,,,Electrical,Lighting Fixtures,Flush Mounts,,62-1875,"62-1875 10"" Led Ceiling Lt Bn",-- Unbranded --,-- No Unilog Brand --,-- No DIB Brand --,Satco Prod Inc (5573),"Satco Products, Inc.",Satco®,,62-1875,,Electrical>Lighting Fixtures>Ceiling Lights,"Satco Products, Inc. Satco, 62-1875, Ceiling Light Fixture",CLNG LGHT FXTR CEIL,"Satco® 62-1875 Ceiling Light Fixture, Ceiling Mounting","The Satco® Ceiling Light Fixture is designed for commercial and industrial applications, featuring Ceiling mounting.","Ceiling Light Fixture, Ceiling Mounting",{},,,,,,,,,,,,,,,,,,,,,,,,,,Ceiling Light Fixture,Model,62-1875,,Mounting Type,Ceiling,,,,,,,,,,,,,,,,,,,,,,,,,,,,,,,,,,,,,,,,,,,,,,,,,,,,,,,,,,,,,,,,,,,,,,,,,,,,,,,,,,,,,,,,,,,,,,,,,,,,,,,,,,,,,,,,,,,,,,,,,,,,,,,,,,,,,,,,,,,,,,,,,,,,,39111500,,,,,,,,,,,,,,,,,,,,,,,,,,,,,,,,,,,,,,,,,,,
,,,,,,,Electrical,Lighting Fixtures,Flush Mounts,,62-1876,"62-1876 13"" Satco Ceiling Light BN",-- Unbranded --,-- No Unilog Brand --,-- No DIB Brand --,Satco Prod Inc (5573),"Satco Products, Inc.",Satco®,,62-1876,,Electrical>Lighting Fixtures>Ceiling Lights,"Satco Products, Inc. Satco, 62-1876, Ceiling Light Fixture",CLNG LGHT FXTR CEIL,"Satco® 62-1876 Ceiling Light Fixture, Ceiling Mounting","The Satco® Ceiling Light Fixture is designed for commercial and industrial applications, featuring Ceiling mounting.","Ceiling Light Fixture, Ceiling Mounting",{},,,,,,,,,,,,,,,,,,,,,,,,,,Ceiling Light Fixture,Model,62-1876,,Mounting Type,Ceiling,,,,,,,,,,,,,,,,,,,,,,,,,,,,,,,,,,,,,,,,,,,,,,,,,,,,,,,,,,,,,,,,,,,,,,,,,,,,,,,,,,,,,,,,,,,,,,,,,,,,,,,,,,,,,,,,,,,,,,,,,,,,,,,,,,,,,,,,,,,,,,,,,,,,,39111500,,,,,,,,,,,,,,,,,,,,,,,,,,,,,,,,,,,,,,,,,,,
,,,,,,,Electrical,Lighting Fixtures,Flush Mounts,,42296BK,42296BK Kichler Ceiling Lt,-- Unbranded --,-- No Unilog Brand --,-- No DIB Brand --,Kichler Lighting (KICLI),Kichler Lighting LLC,Kichler®,,42296BK,,Electrical>Lighting Fixtures>Ceiling Lights,"Kichler Lighting LLC Kichler, 42296BK, Ceiling Light Fixture",CLNG LGHT FXTR CEIL,"Kichler® 42296BK Ceiling Light Fixture, Ceiling Mounting","The Kichler® Ceiling Light Fixture is designed for commercial and industrial applications, featuring Ceiling mounting.","Ceiling Light Fixture, Ceiling Mounting",{},,,,,,,,,,,,,,,,,,,,,,,,,,Ceiling Light Fixture,Model,42296BK,,Mounting Type,Ceiling,,,,,,,,,,,,,,,,,,,,,,,,,,,,,,,,,,,,,,,,,,,,,,,,,,,,,,,,,,,,,,,,,,,,,,,,,,,,,,,,,,,,,,,,,,,,,,,,,,,,,,,,,,,,,,,,,,,,,,,,,,,,,,,,,,,,,,,,,,,,,,,,,,,,,39111500,,,,,,,,,,,,,,,,,,,,,,,,,,,,,,,,,,,,,,,,,,,
,,,,,,,Electrical,Lighting Fixtures,Pendants,,43913BK,43913BK Kichler Pendant Lt,-- Unbranded --,-- No Unilog Brand --,-- No DIB Brand --,Kichler Lighting (KICLI),Kichler Lighting LLC,Kichler®,,43913BK,,Electrical>Lighting Fixtures>Pendant Lights,"Kichler Lighting LLC Kichler, 43913BK, Pendant Light Fixture",PNDN LGHT FXTR,Kichler® 43913BK Pendant Light Fixture,The Kichler® Pendant Light Fixture (Part Number: 43913BK).,Pendant Light Fixture,{},,,,,,,,,,,,,,,,,,,,,,,,,,Pendant Light Fixture,Model,43913BK,,,,,,,,,,,,,,,,,,,,,,,,,,,,,,,,,,,,,,,,,,,,,,,,,,,,,,,,,,,,,,,,,,,,,,,,,,,,,,,,,,,,,,,,,,,,,,,,,,,,,,,,,,,,,,,,,,,,,,,,,,,,,,,,,,,,,,,,,,,,,,,,,,,,,,,,39111500,,,,,,,,,,,,,,,,,,,,,,,,,,,,,,,,,,,,,,,,,,,
,,,,,,,Electrical,Lighting Fixtures,Outdoor Lighting,,HLSMS9129FS1E,"HLSMS9129FS1E 9"" Motion Lt",-- Unbranded --,-- No Unilog Brand --,-- No DIB Brand --,Cooper Lighting (7638),Cooper Lighting,Cooper Lighting®,,HLSMS9129FS1E,,Electrical>Lighting Fixtures>Security & Flood Lights,"Cooper Lighting, HLSMS9129FS1E, Security & Flood Light",SCRT & FLD LGHT,Cooper Lighting HLSMS9129FS1E Security & Flood Light,The Cooper Lighting Security & Flood Light (Part Number: HLSMS9129FS1E).,Security & Flood Light,{},,,,,,,,,,,,,,,,,,,,,,,,,,Security & Flood Light,Model,HLSMS9129FS1E,,,,,,,,,,,,,,,,,,,,,,,,,,,,,,,,,,,,,,,,,,,,,,,,,,,,,,,,,,,,,,,,,,,,,,,,,,,,,,,,,,,,,,,,,,,,,,,,,,,,,,,,,,,,,,,,,,,,,,,,,,,,,,,,,,,,,,,,,,,,,,,,,,,,,,,,39111600,,,,,,,,,,,,,,,,,,,,,,,,,,,,,,,,,,,,,,,,,,,
,,,,,,,Building Materials,Waterproofing,Joist Tape,,64-110,64-110 Satco Tape Light 16',-- Unbranded --,-- No Unilog Brand --,-- No DIB Brand --,Satco Prod Inc (5573),"Satco Products, Inc.",Satco®,,64-110,,Building Materials>Waterproofing>Flashing Tapes,"Satco Products, Inc. Satco, 64-110, Deck Joist Flashing Tape",DECK JST FLSH TAPE,Satco® 64-110 Deck Joist Flashing Tape,The Satco® Deck Joist Flashing Tape (Part Number: 64-110).,Deck Joist Flashing Tape,{},,,,,,,,,,,,,,,,,,,,,,,,,,Deck Joist Flashing Tape,Model,64-110,,,,,,,,,,,,,,,,,,,,,,,,,,,,,,,,,,,,,,,,,,,,,,,,,,,,,,,,,,,,,,,,,,,,,,,,,,,,,,,,,,,,,,,,,,,,,,,,,,,,,,,,,,,,,,,,,,,,,,,,,,,,,,,,,,,,,,,,,,,,,,,,,,,,,,,,30151600,,,,,,,,,,,,,,,,,,,,,,,,,,,,,,,,,,,,,,,,,,,
,,,,,,,Electrical,Lighting Fixtures,Commercial,,603571,603571 3' Strip Light Ext,-- Unbranded --,-- No Unilog Brand --,Wiz,Phillips Lighting (5831),Signify North America Corporation,WiZ®,,603571,,Electrical>Lighting Fixtures>Commercial Lighting,"WiZ, 603571, Commercial / Shop Light Fixture",COMM / SHOP LGHT F,WiZ® 603571 Commercial / Shop Light Fixture,The WiZ® Commercial / Shop Light Fixture (Part Number: 603571).,Commercial / Shop Light Fixture,{},,,,,,,,,,,,,,,,,,,,,,,,,,Commercial / Shop Light Fixture,Model,603571,,,,,,,,,,,,,,,,,,,,,,,,,,,,,,,,,,,,,,,,,,,,,,,,,,,,,,,,,,,,,,,,,,,,,,,,,,,,,,,,,,,,,,,,,,,,,,,,,,,,,,,,,,,,,,,,,,,,,,,,,,,,,,,,,,,,,,,,,,,,,,,,,,,,,,,,39111500,,,,,,,,,,,,,,,,,,,,,,,,,,,,,,,,,,,,,,,,,,,
,,,,,,,Electrical,Lighting Fixtures,Commercial,,65-572R1,65572 Satco 2x4 Led Flat Panel,-- Unbranded --,-- No Unilog Brand --,-- No DIB Brand --,Satco Prod Inc (5573),"Satco Products, Inc.",Satco®,,65-572R1,,Electrical>Lighting Fixtures>Commercial Lighting,"Satco Products, Inc. Satco, 65-572R1, Commercial / Shop Light Fixture, 2 x 4",COMM / SHOP LGHT F,"Satco® 65-572R1 Commercial / Shop Light Fixture, 2 x 4","The Satco® Commercial / Shop Light Fixture is designed for commercial and industrial applications, measuring 2 x 4.",Commercial / Shop Light Fixture,{'Dimensions': '2x4'},Size: 2 x 4,Size / Dimensions: 2x4,,,,,,,,,,,,,,,,,,,,,,,,Commercial / Shop Light Fixture,Model,65-572R1,,Size,2 x 4,,Dimensions,2x4,,Size / Dimensions,2x4,,,,,,,,,,,,,,,,,,,,,,,,,,,,,,,,,,,,,,,,,,,,,,,,,,,,,,,,,,,,,,,,,,,,,,,,,,,,,,,,,,,,,,,,,,,,,,,,,,,,,,,,,,,,,,,,,,,,,,,,,,,,,,,,,,,,,,,,,,,,,,,39111500,,,,,,,,,,,,,,,,,,,,,,,,,,,,,,,,,,,,,,,,,,,
,,,,,,,Electrical,Lighting Fixtures,Pendants,,52476AVI,52476AVI Kichler Pendant Lt,-- Unbranded --,-- No Unilog Brand --,-- No DIB Brand --,Kichler Lighting (KICLI),Kichler Lighting LLC,Kichler®,,52476AVI,,Electrical>Lighting Fixtures>Pendant Lights,"Kichler Lighting LLC Kichler, 52476AVI, Pendant Light Fixture",PNDN LGHT FXTR,Kichler® 52476AVI Pendant Light Fixture,The Kichler® Pendant Light Fixture (Part Number: 52476AVI).,Pendant Light Fixture,{},,,,,,,,,,,,,,,,,,,,,,,,,,Pendant Light Fixture,Model,52476AVI,,,,,,,,,,,,,,,,,,,,,,,,,,,,,,,,,,,,,,,,,,,,,,,,,,,,,,,,,,,,,,,,,,,,,,,,,,,,,,,,,,,,,,,,,,,,,,,,,,,,,,,,,,,,,,,,,,,,,,,,,,,,,,,,,,,,,,,,,,,,,,,,,,,,,,,,39111500,,,,,,,,,,,,,,,,,,,,,,,,,,,,,,,,,,,,,,,,,,,
,,,,,,,Electrical,Lighting Fixtures,Pendants,,42199BK,42199BK Kichler Pendant Lt,-- Unbranded --,-- No Unilog Brand --,-- No DIB Brand --,Kichler Lighting (KICLI),Kichler Lighting LLC,Kichler®,,42199BK,,Electrical>Lighting Fixtures>Pendant Lights,"Kichler Lighting LLC Kichler, 42199BK, Pendant Light Fixture",PNDN LGHT FXTR,Kichler® 42199BK Pendant Light Fixture,The Kichler® Pendant Light Fixture (Part Number: 42199BK).,Pendant Light Fixture,{},,,,,,,,,,,,,,,,,,,,,,,,,,Pendant Light Fixture,Model,42199BK,,,,,,,,,,,,,,,,,,,,,,,,,,,,,,,,,,,,,,,,,,,,,,,,,,,,,,,,,,,,,,,,,,,,,,,,,,,,,,,,,,,,,,,,,,,,,,,,,,,,,,,,,,,,,,,,,,,,,,,,,,,,,,,,,,,,,,,,,,,,,,,,,,,,,,,,39111500,,,,,,,,,,,,,,,,,,,,,,,,,,,,,,,,,,,,,,,,,,,
,,,,,,,Electrical,Lighting Fixtures,Pendants,,42199BKCS,42199BKCS Kichler Pendant Lt,-- Unbranded --,-- No Unilog Brand --,-- No DIB Brand --,Kichler Lighting (KICLI),Kichler Lighting LLC,Kichler®,,42199BKCS,,Electrical>Lighting Fixtures>Pendant Lights,"Kichler Lighting LLC Kichler, 42199BKCS, Pendant Light Fixture",PNDN LGHT FXTR,Kichler® 42199BKCS Pendant Light Fixture,The Kichler® Pendant Light Fixture (Part Number: 42199BKCS).,Pendant Light Fixture,{},,,,,,,,,,,,,,,,,,,,,,,,,,Pendant Light Fixture,Model,42199BKCS,,,,,,,,,,,,,,,,,,,,,,,,,,,,,,,,,,,,,,,,,,,,,,,,,,,,,,,,,,,,,,,,,,,,,,,,,,,,,,,,,,,,,,,,,,,,,,,,,,,,,,,,,,,,,,,,,,,,,,,,,,,,,,,,,,,,,,,,,,,,,,,,,,,,,,,,39111500,,,,,,,,,,,,,,,,,,,,,,,,,,,,,,,,,,,,,,,,,,,
,,,,,,,Electrical,Lighting Fixtures,Pendants,,42200BK,42200BK Kichler Pendant Lt,-- Unbranded --,-- No Unilog Brand --,-- No DIB Brand --,Kichler Lighting (KICLI),Kichler Lighting LLC,Kichler®,,42200BK,,Electrical>Lighting Fixtures>Pendant Lights,"Kichler Lighting LLC Kichler, 42200BK, Pendant Light Fixture",PNDN LGHT FXTR,Kichler® 42200BK Pendant Light Fixture,The Kichler® Pendant Light Fixture (Part Number: 42200BK).,Pendant Light Fixture,{},,,,,,,,,,,,,,,,,,,,,,,,,,Pendant Light Fixture,Model,42200BK,,,,,,,,,,,,,,,,,,,,,,,,,,,,,,,,,,,,,,,,,,,,,,,,,,,,,,,,,,,,,,,,,,,,,,,,,,,,,,,,,,,,,,,,,,,,,,,,,,,,,,,,,,,,,,,,,,,,,,,,,,,,,,,,,,,,,,,,,,,,,,,,,,,,,,,,39111500,,,,,,,,,,,,,,,,,,,,,,,,,,,,,,,,,,,,,,,,,,,
,,,,,,,Electrical,Lighting Fixtures,Pendants,,42200BKCS,42200BKCS Kichler Pendant Lt,-- Unbranded --,-- No Unilog Brand --,-- No DIB Brand --,Kichler Lighting (KICLI),Kichler Lighting LLC,Kichler®,,42200BKCS,,Electrical>Lighting Fixtures>Pendant Lights,"Kichler Lighting LLC Kichler, 42200BKCS, Pendant Light Fixture",PNDN LGHT FXTR,Kichler® 42200BKCS Pendant Light Fixture,The Kichler® Pendant Light Fixture (Part Number: 42200BKCS).,Pendant Light Fixture,{},,,,,,,,,,,,,,,,,,,,,,,,,,Pendant Light Fixture,Model,42200BKCS,,,,,,,,,,,,,,,,,,,,,,,,,,,,,,,,,,,,,,,,,,,,,,,,,,,,,,,,,,,,,,,,,,,,,,,,,,,,,,,,,,,,,,,,,,,,,,,,,,,,,,,,,,,,,,,,,,,,,,,,,,,,,,,,,,,,,,,,,,,,,,,,,,,,,,,,39111500,,,,,,,,,,,,,,,,,,,,,,,,,,,,,,,,,,,,,,,,,,,
,,,,,,,Electrical,Lighting Fixtures,Pendants,,43851BK,43851BK Kichler Pendant Lt,-- Unbranded --,-- No Unilog Brand --,-- No DIB Brand --,Kichler Lighting (KICLI),Kichler Lighting LLC,Kichler®,,43851BK,,Electrical>Lighting Fixtures>Pendant Lights,"Kichler Lighting LLC Kichler, 43851BK, Pendant Light Fixture",PNDN LGHT FXTR,Kichler® 43851BK Pendant Light Fixture,The Kichler® Pendant Light Fixture (Part Number: 43851BK).,Pendant Light Fixture,{},,,,,,,,,,,,,,,,,,,,,,,,,,Pendant Light Fixture,Model,43851BK,,,,,,,,,,,,,,,,,,,,,,,,,,,,,,,,,,,,,,,,,,,,,,,,,,,,,,,,,,,,,,,,,,,,,,,,,,,,,,,,,,,,,,,,,,,,,,,,,,,,,,,,,,,,,,,,,,,,,,,,,,,,,,,,,,,,,,,,,,,,,,,,,,,,,,,,39111500,,,,,,,,,,,,,,,,,,,,,,,,,,,,,,,,,,,,,,,,,,,
,,,,,,,Electrical,Lighting Fixtures,Pendants,,43852BK,43852BK Kichler Pendant Lt,-- Unbranded --,-- No Unilog Brand --,-- No DIB Brand --,Kichler Lighting (KICLI),Kichler Lighting LLC,Kichler®,,43852BK,,Electrical>Lighting Fixtures>Pendant Lights,"Kichler Lighting LLC Kichler, 43852BK, Pendant Light Fixture",PNDN LGHT FXTR,Kichler® 43852BK Pendant Light Fixture,The Kichler® Pendant Light Fixture (Part Number: 43852BK).,Pendant Light Fixture,{},,,,,,,,,,,,,,,,,,,,,,,,,,Pendant Light Fixture,Model,43852BK,,,,,,,,,,,,,,,,,,,,,,,,,,,,,,,,,,,,,,,,,,,,,,,,,,,,,,,,,,,,,,,,,,,,,,,,,,,,,,,,,,,,,,,,,,,,,,,,,,,,,,,,,,,,,,,,,,,,,,,,,,,,,,,,,,,,,,,,,,,,,,,,,,,,,,,,39111500,,,,,,,,,,,,,,,,,,,,,,,,,,,,,,,,,,,,,,,,,,,
,,,,,,,Electrical,Lighting Fixtures,Pendants,,43853BK,43853BK Kichler Pendant Lt,-- Unbranded --,-- No Unilog Brand --,-- No DIB Brand --,Kichler Lighting (KICLI),Kichler Lighting LLC,Kichler®,,43853BK,,Electrical>Lighting Fixtures>Pendant Lights,"Kichler Lighting LLC Kichler, 43853BK, Pendant Light Fixture",PNDN LGHT FXTR,Kichler® 43853BK Pendant Light Fixture,The Kichler® Pendant Light Fixture (Part Number: 43853BK).,Pendant Light Fixture,{},,,,,,,,,,,,,,,,,,,,,,,,,,Pendant Light Fixture,Model,43853BK,,,,,,,,,,,,,,,,,,,,,,,,,,,,,,,,,,,,,,,,,,,,,,,,,,,,,,,,,,,,,,,,,,,,,,,,,,,,,,,,,,,,,,,,,,,,,,,,,,,,,,,,,,,,,,,,,,,,,,,,,,,,,,,,,,,,,,,,,,,,,,,,,,,,,,,,39111500,,,,,,,,,,,,,,,,,,,,,,,,,,,,,,,,,,,,,,,,,,,
,,,,,,,Electrical,Lighting Fixtures,Pendants,,43905BK,43905BK Kichler Pendant Lt,-- Unbranded --,-- No Unilog Brand --,-- No DIB Brand --,Kichler Lighting (KICLI),Kichler Lighting LLC,Kichler®,,43905BK,,Electrical>Lighting Fixtures>Pendant Lights,"Kichler Lighting LLC Kichler, 43905BK, Pendant Light Fixture",PNDN LGHT FXTR,Kichler® 43905BK Pendant Light Fixture,The Kichler® Pendant Light Fixture (Part Number: 43905BK).,Pendant Light Fixture,{},,,,,,,,,,,,,,,,,,,,,,,,,,Pendant Light Fixture,Model,43905BK,,,,,,,,,,,,,,,,,,,,,,,,,,,,,,,,,,,,,,,,,,,,,,,,,,,,,,,,,,,,,,,,,,,,,,,,,,,,,,,,,,,,,,,,,,,,,,,,,,,,,,,,,,,,,,,,,,,,,,,,,,,,,,,,,,,,,,,,,,,,,,,,,,,,,,,,39111500,,,,,,,,,,,,,,,,,,,,,,,,,,,,,,,,,,,,,,,,,,,
,,,,,,,Electrical,Lighting Fixtures,Pendants,,43911BK,43911BK Kichler Pendant Lt,-- Unbranded --,-- No Unilog Brand --,-- No DIB Brand --,Kichler Lighting (KICLI),Kichler Lighting LLC,Kichler®,,43911BK,,Electrical>Lighting Fixtures>Pendant Lights,"Kichler Lighting LLC Kichler, 43911BK, Pendant Light Fixture",PNDN LGHT FXTR,Kichler® 43911BK Pendant Light Fixture,The Kichler® Pendant Light Fixture (Part Number: 43911BK).,Pendant Light Fixture,{},,,,,,,,,,,,,,,,,,,,,,,,,,Pendant Light Fixture,Model,43911BK,,,,,,,,,,,,,,,,,,,,,,,,,,,,,,,,,,,,,,,,,,,,,,,,,,,,,,,,,,,,,,,,,,,,,,,,,,,,,,,,,,,,,,,,,,,,,,,,,,,,,,,,,,,,,,,,,,,,,,,,,,,,,,,,,,,,,,,,,,,,,,,,,,,,,,,,39111500,,,,,,,,,,,,,,,,,,,,,,,,,,,,,,,,,,,,,,,,,,,
,,,,,,,Electrical,Lighting Fixtures,Pendants,,52529BK,52529BK Kichler Pendant Light,-- Unbranded --,-- No Unilog Brand --,-- No DIB Brand --,Kichler Lighting (KICLI),Kichler Lighting LLC,Kichler®,,52529BK,,Electrical>Lighting Fixtures>Pendant Lights,"Kichler Lighting LLC Kichler, 52529BK, Pendant Light Fixture",PNDN LGHT FXTR,Kichler® 52529BK Pendant Light Fixture,The Kichler® Pendant Light Fixture (Part Number: 52529BK).,Pendant Light Fixture,{},,,,,,,,,,,,,,,,,,,,,,,,,,Pendant Light Fixture,Model,52529BK,,,,,,,,,,,,,,,,,,,,,,,,,,,,,,,,,,,,,,,,,,,,,,,,,,,,,,,,,,,,,,,,,,,,,,,,,,,,,,,,,,,,,,,,,,,,,,,,,,,,,,,,,,,,,,,,,,,,,,,,,,,,,,,,,,,,,,,,,,,,,,,,,,,,,,,,39111500,,,,,,,,,,,,,,,,,,,,,,,,,,,,,,,,,,,,,,,,,,,
,,,,,,,Electrical,Lighting Fixtures,Pendants,,52662BKCLR,52662BKCLR Kichler Pendant Lt,-- Unbranded --,-- No Unilog Brand --,-- No DIB Brand --,Kichler Lighting (KICLI),Kichler Lighting LLC,Kichler®,,52662BKCLR,,Electrical>Lighting Fixtures>Pendant Lights,"Kichler Lighting LLC Kichler, 52662BKCLR, Pendant Light Fixture",PNDN LGHT FXTR,Kichler® 52662BKCLR Pendant Light Fixture,The Kichler® Pendant Light Fixture (Part Number: 52662BKCLR).,Pendant Light Fixture,{},,,,,,,,,,,,,,,,,,,,,,,,,,Pendant Light Fixture,Model,52662BKCLR,,,,,,,,,,,,,,,,,,,,,,,,,,,,,,,,,,,,,,,,,,,,,,,,,,,,,,,,,,,,,,,,,,,,,,,,,,,,,,,,,,,,,,,,,,,,,,,,,,,,,,,,,,,,,,,,,,,,,,,,,,,,,,,,,,,,,,,,,,,,,,,,,,,,,,,,39111500,,,,,,,,,,,,,,,,,,,,,,,,,,,,,,,,,,,,,,,,,,,
,,,,,,,Electrical,Lighting Fixtures,Pendants,,52734CPZ,52734CPZ Kichler Pendant Light,-- Unbranded --,-- No Unilog Brand --,-- No DIB Brand --,Kichler Lighting (KICLI),Kichler Lighting LLC,Kichler®,,52734CPZ,,Electrical>Lighting Fixtures>Pendant Lights,"Kichler Lighting LLC Kichler, 52734CPZ, Pendant Light Fixture",PNDN LGHT FXTR,Kichler® 52734CPZ Pendant Light Fixture,The Kichler® Pendant Light Fixture (Part Number: 52734CPZ).,Pendant Light Fixture,{},,,,,,,,,,,,,,,,,,,,,,,,,,Pendant Light Fixture,Model,52734CPZ,,,,,,,,,,,,,,,,,,,,,,,,,,,,,,,,,,,,,,,,,,,,,,,,,,,,,,,,,,,,,,,,,,,,,,,,,,,,,,,,,,,,,,,,,,,,,,,,,,,,,,,,,,,,,,,,,,,,,,,,,,,,,,,,,,,,,,,,,,,,,,,,,,,,,,,,39111500,,,,,,,,,,,,,,,,,,,,,,,,,,,,,,,,,,,,,,,,,,,
,,,,,,,Electrical,Lighting Fixtures,Pendants,,82400,82400 Kichler Pendant Lt,-- Unbranded --,-- No Unilog Brand --,-- No DIB Brand --,Kichler Lighting (KICLI),Kichler Lighting LLC,Kichler®,,82400,,Electrical>Lighting Fixtures>Pendant Lights,"Kichler Lighting LLC Kichler, 82400, Pendant Light Fixture",PNDN LGHT FXTR,Kichler® 82400 Pendant Light Fixture,The Kichler® Pendant Light Fixture (Part Number: 82400).,Pendant Light Fixture,{},,,,,,,,,,,,,,,,,,,,,,,,,,Pendant Light Fixture,Model,82400,,,,,,,,,,,,,,,,,,,,,,,,,,,,,,,,,,,,,,,,,,,,,,,,,,,,,,,,,,,,,,,,,,,,,,,,,,,,,,,,,,,,,,,,,,,,,,,,,,,,,,,,,,,,,,,,,,,,,,,,,,,,,,,,,,,,,,,,,,,,,,,,,,,,,,,,39111500,,,,,,,,,,,,,,,,,,,,,,,,,,,,,,,,,,,,,,,,,,,
,,,,,,,Electrical,Lighting Fixtures,Downlights,,S11606,"S11606 8"" Round Down Lt 30K",-- Unbranded --,-- No Unilog Brand --,-- No DIB Brand --,Satco Prod Inc (5573),"Satco Products, Inc.",Satco®,,S11606,,Electrical>Lighting Fixtures>Recessed Downlights,"Satco Products, Inc. Satco, S11606, Recessed Downlight",RCSD DWNL,Satco® S11606 Recessed Downlight,The Satco® Recessed Downlight (Part Number: S11606).,Recessed Downlight,{},,,,,,,,,,,,,,,,,,,,,,,,,,Recessed Downlight,Model,S11606,,,,,,,,,,,,,,,,,,,,,,,,,,,,,,,,,,,,,,,,,,,,,,,,,,,,,,,,,,,,,,,,,,,,,,,,,,,,,,,,,,,,,,,,,,,,,,,,,,,,,,,,,,,,,,,,,,,,,,,,,,,,,,,,,,,,,,,,,,,,,,,,,,,,,,,,39111500,,,,,,,,,,,,,,,,,,,,,,,,,,,,,,,,,,,,,,,,,,,
,,,,,,,Electrical,Lighting Fixtures,Downlights,,S11828,"S11828 8"" Led Down Light",-- Unbranded --,-- No Unilog Brand --,-- No DIB Brand --,Satco Prod Inc (5573),"Satco Products, Inc.",Satco®,,S11828,,Electrical>Lighting Fixtures>Recessed Downlights,"Satco Products, Inc. Satco, S11828, Recessed Downlight",RCSD DWNL,Satco® S11828 Recessed Downlight,The Satco® Recessed Downlight (Part Number: S11828).,Recessed Downlight,{},,,,,,,,,,,,,,,,,,,,,,,,,,Recessed Downlight,Model,S11828,,,,,,,,,,,,,,,,,,,,,,,,,,,,,,,,,,,,,,,,,,,,,,,,,,,,,,,,,,,,,,,,,,,,,,,,,,,,,,,,,,,,,,,,,,,,,,,,,,,,,,,,,,,,,,,,,,,,,,,,,,,,,,,,,,,,,,,,,,,,,,,,,,,,,,,,39111500,,,,,,,,,,,,,,,,,,,,,,,,,,,,,,,,,,,,,,,,,,,
,,,,,,,Electrical,Lamps & Bulbs,LED Bulbs,,801274,"801274 10w LED 6"" Retro 50k",-- Unbranded --,-- No Unilog Brand --,Philips,Phillips Lighting (5831),Signify North America Corporation,Philips®,,801274,,Electrical>Lamps & Bulbs>LED Bulbs>MR16 Spotlights,"Philips, 801274, LED MR16 Spotlight Bulb",LED MR16 SPTL BULB,Philips® 801274 LED MR16 Spotlight Bulb,"The Philips® LED MR16 Spotlight Bulb is designed for commercial and industrial applications, operating at 10 W.",LED MR16 Spotlight Bulb,{'Wattage': '10 W'},,,,,,,,,,,,,,,,,,,,,,,,,,LED MR16 Spotlight Bulb,Model,801274,,Wattage,10,W,,,,,,,,,,,,,,,,,,,,,,,,,,,,,,,,,,,,,,,,,,,,,,,,,,,,,,,,,,,,,,,,,,,,,,,,,,,,,,,,,,,,,,,,,,,,,,,,,,,,,,,,,,,,,,,,,,,,,,,,,,,,,,,,,,,,,,,,,,,,,,,,,,,,39101628,,,,,,,,,,,,,,,,,,,,,,,,,,,,,,,,,,,,,,,,,,,
,,,,,,,Electrical,Lighting Fixtures,Downlights,,S11860,"S11860 6"" Downlight White 5 CCT",-- Unbranded --,-- No Unilog Brand --,-- No DIB Brand --,Satco Prod Inc (5573),"Satco Products, Inc.",Satco®,,S11860,,Electrical>Lighting Fixtures>Recessed Downlights,"Satco Products, Inc. Satco, S11860, Recessed Downlight, White",RCSD DWNL,"Satco® S11860 Recessed Downlight, White","The Satco® Recessed Downlight is designed for commercial and industrial applications, finished in White.","Recessed Downlight, White",{},Finish: White,,,,,,,,,,,,,,,,,,,,,,,,,Recessed Downlight,Model,S11860,,Color,White,,,,,,,,,,,,,,,,,,,,,,,,,,,,,,,,,,,,,,,,,,,,,,,,,,,,,,,,,,,,,,,,,,,,,,,,,,,,,,,,,,,,,,,,,,,,,,,,,,,,,,,,,,,,,,,,,,,,,,,,,,,,,,,,,,,,,,,,,,,,,,,,,,,,,39111500,,,,,,,,,,,,,,,,,,,,,,,,,,,,,,,,,,,,,,,,,,,
,,,,,,,Electrical,Lighting Fixtures,Downlights,,S11562,"S11562 Starfish 6"" D/W Downlight",-- Unbranded --,-- No Unilog Brand --,-- No DIB Brand --,Satco Prod Inc (5573),"Satco Products, Inc.",Satco®,,S11562,,Electrical>Lighting Fixtures>Recessed Downlights,"Satco Products, Inc. Satco, Starfish, S11562, Recessed Downlight",RCSD DWNL,Satco® Starfish S11562 Recessed Downlight,The Satco® Starfish Recessed Downlight (Part Number: S11562).,Starfish Recessed Downlight,{},,,,,,,,,,,,,,,,,,,,,,,,,,Recessed Downlight,Series,Starfish,,Model,S11562,,,,,,,,,,,,,,,,,,,,,,,,,,,,,,,,,,,,,,,,,,,,,,,,,,,,,,,,,,,,,,,,,,,,,,,,,,,,,,,,,,,,,,,,,,,,,,,,,,,,,,,,,,,,,,,,,,,,,,,,,,,,,,,,,,,,,,,,,,,,,,,,,,,,,39111500,,,,,,,,,,,,,,,,,,,,,,,,,,,,,,,,,,,,,,,,,,,
,,,,,,,Electrical,Lighting Fixtures,Downlights,,S11646,"S11646 6"" Downlight Wh",-- Unbranded --,-- No Unilog Brand --,-- No DIB Brand --,Satco Prod Inc (5573),"Satco Products, Inc.",Satco®,,S11646,,Electrical>Lighting Fixtures>Recessed Downlights,"Satco Products, Inc. Satco, S11646, Recessed Downlight, White",RCSD DWNL,"Satco® S11646 Recessed Downlight, White","The Satco® Recessed Downlight is designed for commercial and industrial applications, finished in White.","Recessed Downlight, White",{},Finish: White,,,,,,,,,,,,,,,,,,,,,,,,,Recessed Downlight,Model,S11646,,Color,White,,,,,,,,,,,,,,,,,,,,,,,,,,,,,,,,,,,,,,,,,,,,,,,,,,,,,,,,,,,,,,,,,,,,,,,,,,,,,,,,,,,,,,,,,,,,,,,,,,,,,,,,,,,,,,,,,,,,,,,,,,,,,,,,,,,,,,,,,,,,,,,,,,,,,39111500,,,,,,,,,,,,,,,,,,,,,,,,,,,,,,,,,,,,,,,,,,,
,,,,,,,Electrical,Lighting Fixtures,Downlights,,S11801R1,"S11801R1 6"" Led Downlight Wh",-- Unbranded --,-- No Unilog Brand --,-- No DIB Brand --,Satco Prod Inc (5573),"Satco Products, Inc.",Satco®,,S11801R1,,Electrical>Lighting Fixtures>Recessed Downlights,"Satco Products, Inc. Satco, S11801R1, Recessed Downlight, White",RCSD DWNL,"Satco® S11801R1 Recessed Downlight, White","The Satco® Recessed Downlight is designed for commercial and industrial applications, finished in White.","Recessed Downlight, White",{},Finish: White,,,,,,,,,,,,,,,,,,,,,,,,,Recessed Downlight,Model,S11801R1,,Color,White,,,,,,,,,,,,,,,,,,,,,,,,,,,,,,,,,,,,,,,,,,,,,,,,,,,,,,,,,,,,,,,,,,,,,,,,,,,,,,,,,,,,,,,,,,,,,,,,,,,,,,,,,,,,,,,,,,,,,,,,,,,,,,,,,,,,,,,,,,,,,,,,,,,,,39111500,,,,,,,,,,,,,,,,,,,,,,,,,,,,,,,,,,,,,,,,,,,
,,,,,,,Electrical,Lighting Fixtures,Downlights,,S11848,"S11848 10"" Down Light Wh",-- Unbranded --,-- No Unilog Brand --,-- No DIB Brand --,Satco Prod Inc (5573),"Satco Products, Inc.",Satco®,,S11848,,Electrical>Lighting Fixtures>Recessed Downlights,"Satco Products, Inc. Satco, S11848, Recessed Downlight, White",RCSD DWNL,"Satco® S11848 Recessed Downlight, White","The Satco® Recessed Downlight is designed for commercial and industrial applications, finished in White.","Recessed Downlight, White",{},Finish: White,,,,,,,,,,,,,,,,,,,,,,,,,Recessed Downlight,Model,S11848,,Color,White,,,,,,,,,,,,,,,,,,,,,,,,,,,,,,,,,,,,,,,,,,,,,,,,,,,,,,,,,,,,,,,,,,,,,,,,,,,,,,,,,,,,,,,,,,,,,,,,,,,,,,,,,,,,,,,,,,,,,,,,,,,,,,,,,,,,,,,,,,,,,,,,,,,,,39111500,,,,,,,,,,,,,,,,,,,,,,,,,,,,,,,,,,,,,,,,,,,
,,,,,,,Electrical,Lighting Fixtures,Downlights,,S11849,"S11849 12"" Down Light Wh",-- Unbranded --,-- No Unilog Brand --,-- No DIB Brand --,Satco Prod Inc (5573),"Satco Products, Inc.",Satco®,,S11849,,Electrical>Lighting Fixtures>Recessed Downlights,"Satco Products, Inc. Satco, S11849, Recessed Downlight, White",RCSD DWNL,"Satco® S11849 Recessed Downlight, White","The Satco® Recessed Downlight is designed for commercial and industrial applications, finished in White.","Recessed Downlight, White",{},Finish: White,,,,,,,,,,,,,,,,,,,,,,,,,Recessed Downlight,Model,S11849,,Color,White,,,,,,,,,,,,,,,,,,,,,,,,,,,,,,,,,,,,,,,,,,,,,,,,,,,,,,,,,,,,,,,,,,,,,,,,,,,,,,,,,,,,,,,,,,,,,,,,,,,,,,,,,,,,,,,,,,,,,,,,,,,,,,,,,,,,,,,,,,,,,,,,,,,,,39111500,,,,,,,,,,,,,,,,,,,,,,,,,,,,,,,,,,,,,,,,,,,
,,,,,,,Electrical,Lighting Fixtures,Downlights,,HLBSL609FS5,"HLBSL609FS5 6"" Down Light",-- Unbranded --,-- No Unilog Brand --,-- No DIB Brand --,Cooper Lighting (7638),Cooper Lighting,Cooper Lighting®,,HLBSL609FS5,,Electrical>Lighting Fixtures>Recessed Downlights,"Cooper Lighting, HLBSL609FS5, Recessed Downlight",RCSD DWNL,Cooper Lighting HLBSL609FS5 Recessed Downlight,The Cooper Lighting Recessed Downlight (Part Number: HLBSL609FS5).,Recessed Downlight,{},,,,,,,,,,,,,,,,,,,,,,,,,,Recessed Downlight,Model,HLBSL609FS5,,,,,,,,,,,,,,,,,,,,,,,,,,,,,,,,,,,,,,,,,,,,,,,,,,,,,,,,,,,,,,,,,,,,,,,,,,,,,,,,,,,,,,,,,,,,,,,,,,,,,,,,,,,,,,,,,,,,,,,,,,,,,,,,,,,,,,,,,,,,,,,,,,,,,,,,39111500,,,,,,,,,,,,,,,,,,,,,,,,,,,,,,,,,,,,,,,,,,,
,,,,,,,Electrical,Lighting Fixtures,Downlights,,WF4REGSWW590CRIMW,"WF4REGSWW590CRIMW 4"" Down Light",-- Unbranded --,-- No Unilog Brand --,-- No DIB Brand --,Lithonia Lighting (2776),"Acuity Brands Lighting, Inc.",Lithonia Lighting®,,WF4REGSWW590CRIMW,,Electrical>Lighting Fixtures>Recessed Downlights,"Lithonia Lighting, WF4REGSWW590CRIMW, Recessed Downlight",RCSD DWNL,Lithonia Lighting® WF4REGSWW590CRIMW Recessed Downlight,The Lithonia Lighting® Recessed Downlight (Part Number: WF4REGSWW590CRIMW).,Recessed Downlight,{},,,,,,,,,,,,,,,,,,,,,,,,,,Recessed Downlight,Model,WF4REGSWW590CRIMW,,,,,,,,,,,,,,,,,,,,,,,,,,,,,,,,,,,,,,,,,,,,,,,,,,,,,,,,,,,,,,,,,,,,,,,,,,,,,,,,,,,,,,,,,,,,,,,,,,,,,,,,,,,,,,,,,,,,,,,,,,,,,,,,,,,,,,,,,,,,,,,,,,,,,,,,39111500,,,,,,,,,,,,,,,,,,,,,,,,,,,,,,,,,,,,,,,,,,,
,,,,,,,Electrical,Lighting Fixtures,Flush Mounts,,43849WH5CCT,43849WH5CCT Kichler Ceiling Lt,-- Unbranded --,-- No Unilog Brand --,-- No DIB Brand --,Kichler Lighting (KICLI),Kichler Lighting LLC,Kichler®,,43849WH5CCT,,Electrical>Lighting Fixtures>Ceiling Lights,"Kichler Lighting LLC Kichler, 43849WH5CCT, Ceiling Light Fixture",CLNG LGHT FXTR CEIL,"Kichler® 43849WH5CCT Ceiling Light Fixture, Ceiling Mounting","The Kichler® Ceiling Light Fixture is designed for commercial and industrial applications, featuring Ceiling mounting.","Ceiling Light Fixture, Ceiling Mounting",{},,,,,,,,,,,,,,,,,,,,,,,,,,Ceiling Light Fixture,Model,43849WH5CCT,,Mounting Type,Ceiling,,,,,,,,,,,,,,,,,,,,,,,,,,,,,,,,,,,,,,,,,,,,,,,,,,,,,,,,,,,,,,,,,,,,,,,,,,,,,,,,,,,,,,,,,,,,,,,,,,,,,,,,,,,,,,,,,,,,,,,,,,,,,,,,,,,,,,,,,,,,,,,,,,,,,39111500,,,,,,,,,,,,,,,,,,,,,,,,,,,,,,,,,,,,,,,,,,,
,,,,,,,Electrical,Lighting Fixtures,Flush Mounts,,62-1777,"62-1777 15"" Ceiling Lt Wh",-- Unbranded --,-- No Unilog Brand --,-- No DIB Brand --,Satco Prod Inc (5573),"Satco Products, Inc.",Satco®,,62-1777,,Electrical>Lighting Fixtures>Ceiling Lights,"Satco Products, Inc. Satco, 62-1777, Ceiling Light Fixture, White",CLNG LGHT FXTR CEIL,"Satco® 62-1777 Ceiling Light Fixture, Ceiling Mounting, White","The Satco® Ceiling Light Fixture is designed for commercial and industrial applications, finished in White, featuring Ceiling mounting.","Ceiling Light Fixture, Ceiling Mounting, White",{},Finish: White,,,,,,,,,,,,,,,,,,,,,,,,,Ceiling Light Fixture,Model,62-1777,,Mounting Type,Ceiling,,Color,White,,,,,,,,,,,,,,,,,,,,,,,,,,,,,,,,,,,,,,,,,,,,,,,,,,,,,,,,,,,,,,,,,,,,,,,,,,,,,,,,,,,,,,,,,,,,,,,,,,,,,,,,,,,,,,,,,,,,,,,,,,,,,,,,,,,,,,,,,,,,,,,,,,39111500,,,,,,,,,,,,,,,,,,,,,,,,,,,,,,,,,,,,,,,,,,,
,,,,,,,Electrical,Lighting Fixtures,Flush Mounts,,62-1778,"62-1778 19"" Ceiling Lt Wh",-- Unbranded --,-- No Unilog Brand --,-- No DIB Brand --,Satco Prod Inc (5573),"Satco Products, Inc.",Satco®,,62-1778,,Electrical>Lighting Fixtures>Ceiling Lights,"Satco Products, Inc. Satco, 62-1778, Ceiling Light Fixture, White",CLNG LGHT FXTR CEIL,"Satco® 62-1778 Ceiling Light Fixture, Ceiling Mounting, White","The Satco® Ceiling Light Fixture is designed for commercial and industrial applications, finished in White, featuring Ceiling mounting.","Ceiling Light Fixture, Ceiling Mounting, White",{},Finish: White,,,,,,,,,,,,,,,,,,,,,,,,,Ceiling Light Fixture,Model,62-1778,,Mounting Type,Ceiling,,Color,White,,,,,,,,,,,,,,,,,,,,,,,,,,,,,,,,,,,,,,,,,,,,,,,,,,,,,,,,,,,,,,,,,,,,,,,,,,,,,,,,,,,,,,,,,,,,,,,,,,,,,,,,,,,,,,,,,,,,,,,,,,,,,,,,,,,,,,,,,,,,,,,,,,39111500,,,,,,,,,,,,,,,,,,,,,,,,,,,,,,,,,,,,,,,,,,,
,,,,,,,Electrical,Lighting Fixtures,Flush Mounts,,62-1784,62-1784 24x24 Led Ceiling Lt,-- Unbranded --,-- No Unilog Brand --,-- No DIB Brand --,Satco Prod Inc (5573),"Satco Products, Inc.",Satco®,,62-1784,,Electrical>Lighting Fixtures>Ceiling Lights,"Satco Products, Inc. Satco, 62-1784, Ceiling Light Fixture, 24 x 24",CLNG LGHT FXTR CEIL,"Satco® 62-1784 Ceiling Light Fixture, Ceiling Mounting, 24 x 24","The Satco® Ceiling Light Fixture is designed for commercial and industrial applications, measuring 24 x 24, featuring Ceiling mounting.","Ceiling Light Fixture, Ceiling Mounting",{'Dimensions': '24x24'},Size: 24 x 24,Size / Dimensions: 24x24,,,,,,,,,,,,,,,,,,,,,,,,Ceiling Light Fixture,Model,62-1784,,Mounting Type,Ceiling,,Size,24 x 24,,Dimensions,24x24,,Size / Dimensions,24x24,,,,,,,,,,,,,,,,,,,,,,,,,,,,,,,,,,,,,,,,,,,,,,,,,,,,,,,,,,,,,,,,,,,,,,,,,,,,,,,,,,,,,,,,,,,,,,,,,,,,,,,,,,,,,,,,,,,,,,,,,,,,,,,,,,,,,,,,,,,,39111500,,,,,,,,,,,,,,,,,,,,,,,,,,,,,,,,,,,,,,,,,,,
,,,,,,,Electrical,Lighting Fixtures,Flush Mounts,,62-1787,"62-1787 15"" Ceiling Lt Bk",-- Unbranded --,-- No Unilog Brand --,-- No DIB Brand --,Satco Prod Inc (5573),"Satco Products, Inc.",Satco®,,62-1787,,Electrical>Lighting Fixtures>Ceiling Lights,"Satco Products, Inc. Satco, 62-1787, Ceiling Light Fixture, Black",CLNG LGHT FXTR CEIL,"Satco® 62-1787 Ceiling Light Fixture, Ceiling Mounting, Black","The Satco® Ceiling Light Fixture is designed for commercial and industrial applications, finished in Black, featuring Ceiling mounting.","Ceiling Light Fixture, Ceiling Mounting, Black",{},Finish: Black,,,,,,,,,,,,,,,,,,,,,,,,,Ceiling Light Fixture,Model,62-1787,,Mounting Type,Ceiling,,Color,Black,,,,,,,,,,,,,,,,,,,,,,,,,,,,,,,,,,,,,,,,,,,,,,,,,,,,,,,,,,,,,,,,,,,,,,,,,,,,,,,,,,,,,,,,,,,,,,,,,,,,,,,,,,,,,,,,,,,,,,,,,,,,,,,,,,,,,,,,,,,,,,,,,,39111500,,,,,,,,,,,,,,,,,,,,,,,,,,,,,,,,,,,,,,,,,,,
,,,,,,,Electrical,Lighting Fixtures,Flush Mounts,,62-1788,"62-1788 19"" Ceiling Lt Bk",-- Unbranded --,-- No Unilog Brand --,-- No DIB Brand --,Satco Prod Inc (5573),"Satco Products, Inc.",Satco®,,62-1788,,Electrical>Lighting Fixtures>Ceiling Lights,"Satco Products, Inc. Satco, 62-1788, Ceiling Light Fixture, Black",CLNG LGHT FXTR CEIL,"Satco® 62-1788 Ceiling Light Fixture, Ceiling Mounting, Black","The Satco® Ceiling Light Fixture is designed for commercial and industrial applications, finished in Black, featuring Ceiling mounting.","Ceiling Light Fixture, Ceiling Mounting, Black",{},Finish: Black,,,,,,,,,,,,,,,,,,,,,,,,,Ceiling Light Fixture,Model,62-1788,,Mounting Type,Ceiling,,Color,Black,,,,,,,,,,,,,,,,,,,,,,,,,,,,,,,,,,,,,,,,,,,,,,,,,,,,,,,,,,,,,,,,,,,,,,,,,,,,,,,,,,,,,,,,,,,,,,,,,,,,,,,,,,,,,,,,,,,,,,,,,,,,,,,,,,,,,,,,,,,,,,,,,,39111500,,,,,,,,,,,,,,,,,,,,,,,,,,,,,,,,,,,,,,,,,,,
,,,,,,,Electrical,Lighting Fixtures,Commercial,,SHOP/4X2/840/V1,4' Feit Shop Light 4500L 40k,-- Unbranded --,-- No Unilog Brand --,Feit Electric,Feit Electric (3468),Feit Electric Company,Feit Electric®,,SHOP/4X2/840/V1,,Electrical>Lighting Fixtures>Commercial Lighting,"Feit Electric Company Feit Electric, SHOP/4X2/840/V1",COMM / SHOP LGHT F,"Feit Electric® SHOP/4X2/840/V1 Commercial / Shop Light Fixture, 4 x 2/840","The Feit Electric® Commercial / Shop Light Fixture is designed for commercial and industrial applications, measuring 4 x 2/840.",Commercial / Shop Light Fixture,{},Size: 4 x 2/840,Size / Dimensions: 4x2/840,,,,,,,,,,,,,,,,,,,,,,,,Commercial / Shop Light Fixture,Model,SHOP/4X2/840/V1,,Size,4 x 2/840,,Size / Dimensions,4x2/840,,,,,,,,,,,,,,,,,,,,,,,,,,,,,,,,,,,,,,,,,,,,,,,,,,,,,,,,,,,,,,,,,,,,,,,,,,,,,,,,,,,,,,,,,,,,,,,,,,,,,,,,,,,,,,,,,,,,,,,,,,,,,,,,,,,,,,,,,,,,,,,,,,39111500,,,,,,,,,,,,,,,,,,,,,,,,,,,,,,,,,,,,,,,,,,,
,,,,,,,Electrical,Lighting Fixtures,Wall Sconces,,45495BKCLR,45495BKCLR Kichler Wall Lt,-- Unbranded --,-- No Unilog Brand --,-- No DIB Brand --,Kichler Lighting (KICLI),Kichler Lighting LLC,Kichler®,,45495BKCLR,,Electrical>Lighting Fixtures>Wall Lights,"Kichler Lighting LLC Kichler, 45495BKCLR, Wall Light Fixture",WALL LGHT FXTR WALL,"Kichler® 45495BKCLR Wall Light Fixture, Wall Mounting","The Kichler® Wall Light Fixture is designed for commercial and industrial applications, featuring Wall mounting.","Wall Light Fixture, Wall Mounting",{},,,,,,,,,,,,,,,,,,,,,,,,,,Wall Light Fixture,Model,45495BKCLR,,Mounting Type,Wall,,,,,,,,,,,,,,,,,,,,,,,,,,,,,,,,,,,,,,,,,,,,,,,,,,,,,,,,,,,,,,,,,,,,,,,,,,,,,,,,,,,,,,,,,,,,,,,,,,,,,,,,,,,,,,,,,,,,,,,,,,,,,,,,,,,,,,,,,,,,,,,,,,,,,39111500,,,,,,,,,,,,,,,,,,,,,,,,,,,,,,,,,,,,,,,,,,,
,,,,,,,Electrical,Lighting Fixtures,Wall Sconces,,55209NI,55209NI Kichler Wall Sconce,-- Unbranded --,-- No Unilog Brand --,-- No DIB Brand --,Kichler Lighting (KICLI),Kichler Lighting LLC,Kichler®,,55209NI,,Electrical>Lighting Fixtures>Wall Lights,"Kichler Lighting LLC Kichler, 55209NI, Wall Light Fixture",WALL LGHT FXTR WALL,"Kichler® 55209NI Wall Light Fixture, Wall Mounting","The Kichler® Wall Light Fixture is designed for commercial and industrial applications, featuring Wall mounting.","Wall Light Fixture, Wall Mounting",{},,,,,,,,,,,,,,,,,,,,,,,,,,Wall Light Fixture,Model,55209NI,,Mounting Type,Wall,,,,,,,,,,,,,,,,,,,,,,,,,,,,,,,,,,,,,,,,,,,,,,,,,,,,,,,,,,,,,,,,,,,,,,,,,,,,,,,,,,,,,,,,,,,,,,,,,,,,,,,,,,,,,,,,,,,,,,,,,,,,,,,,,,,,,,,,,,,,,,,,,,,,,39111500,,,,,,,,,,,,,,,,,,,,,,,,,,,,,,,,,,,,,,,,,,,
,,,,,,,Electrical,Lighting Fixtures,Commercial,,65-1210,65-1210 2' LED Wrap Lt,-- Unbranded --,-- No Unilog Brand --,-- No DIB Brand --,Satco Prod Inc (5573),"Satco Products, Inc.",Satco®,,65-1210,,Electrical>Lighting Fixtures>Commercial Lighting,"Satco Products, Inc. Satco, 65-1210, Commercial / Shop Light Fixture",COMM / SHOP LGHT F,Satco® 65-1210 Commercial / Shop Light Fixture,The Satco® Commercial / Shop Light Fixture (Part Number: 65-1210).,Commercial / Shop Light Fixture,{},,,,,,,,,,,,,,,,,,,,,,,,,,Commercial / Shop Light Fixture,Model,65-1210,,,,,,,,,,,,,,,,,,,,,,,,,,,,,,,,,,,,,,,,,,,,,,,,,,,,,,,,,,,,,,,,,,,,,,,,,,,,,,,,,,,,,,,,,,,,,,,,,,,,,,,,,,,,,,,,,,,,,,,,,,,,,,,,,,,,,,,,,,,,,,,,,,,,,,,,39111500,,,,,,,,,,,,,,,,,,,,,,,,,,,,,,,,,,,,,,,,,,,
,,,,,,,Electrical,Lighting Fixtures,Commercial,,65-1211,65-1211 4' Led Wrap Light,-- Unbranded --,-- No Unilog Brand --,-- No DIB Brand --,Satco Prod Inc (5573),"Satco Products, Inc.",Satco®,,65-1211,,Electrical>Lighting Fixtures>Commercial Lighting,"Satco Products, Inc. Satco, 65-1211, Commercial / Shop Light Fixture",COMM / SHOP LGHT F,Satco® 65-1211 Commercial / Shop Light Fixture,The Satco® Commercial / Shop Light Fixture (Part Number: 65-1211).,Commercial / Shop Light Fixture,{},,,,,,,,,,,,,,,,,,,,,,,,,,Commercial / Shop Light Fixture,Model,65-1211,,,,,,,,,,,,,,,,,,,,,,,,,,,,,,,,,,,,,,,,,,,,,,,,,,,,,,,,,,,,,,,,,,,,,,,,,,,,,,,,,,,,,,,,,,,,,,,,,,,,,,,,,,,,,,,,,,,,,,,,,,,,,,,,,,,,,,,,,,,,,,,,,,,,,,,,39111500,,,,,,,,,,,,,,,,,,,,,,,,,,,,,,,,,,,,,,,,,,,
,,,,,,,Electrical,Lamps & Bulbs,Linear Tubes,,141465,"141465 15W Flor 18"" T12 27k",-- Unbranded --,-- No Unilog Brand --,Philips,Phillips Lighting (5831),Signify North America Corporation,Philips®,,141465,,Electrical>Lamps & Bulbs>Linear Tubes,"Philips, 141465, LED Linear Tube",LED LNR TUBE,Philips® 141465 LED Linear Tube,"The Philips® LED Linear Tube is designed for commercial and industrial applications, operating at 15 W.",LED Linear Tube,{'Wattage': '15 W'},,,,,,,,,,,,,,,,,,,,,,,,,,LED Linear Tube,Model,141465,,Wattage,15,W,,,,,,,,,,,,,,,,,,,,,,,,,,,,,,,,,,,,,,,,,,,,,,,,,,,,,,,,,,,,,,,,,,,,,,,,,,,,,,,,,,,,,,,,,,,,,,,,,,,,,,,,,,,,,,,,,,,,,,,,,,,,,,,,,,,,,,,,,,,,,,,,,,,,39101605,,,,,,,,,,,,,,,,,,,,,,,,,,,,,,,,,,,,,,,,,,,
,,,,,,,Electrical,Lamps & Bulbs,LED Bulbs,,391227,"391227 32W Led 12"" T9 30K",-- Unbranded --,-- No Unilog Brand --,Philips,Phillips Lighting (5831),Signify North America Corporation,Philips®,,391227,,Electrical>Lamps & Bulbs>LED Bulbs>MR16 Spotlights,"Philips, 391227, LED MR16 Spotlight Bulb",LED MR16 SPTL BULB,Philips® 391227 LED MR16 Spotlight Bulb,"The Philips® LED MR16 Spotlight Bulb is designed for commercial and industrial applications, operating at 32 W.",LED MR16 Spotlight Bulb,{'Wattage': '32 W'},,,,,,,,,,,,,,,,,,,,,,,,,,LED MR16 Spotlight Bulb,Model,391227,,Wattage,32,W,,,,,,,,,,,,,,,,,,,,,,,,,,,,,,,,,,,,,,,,,,,,,,,,,,,,,,,,,,,,,,,,,,,,,,,,,,,,,,,,,,,,,,,,,,,,,,,,,,,,,,,,,,,,,,,,,,,,,,,,,,,,,,,,,,,,,,,,,,,,,,,,,,,,39101628,,,,,,,,,,,,,,,,,,,,,,,,,,,,,,,,,,,,,,,,,,,
,,,,,,,Electrical,Lamps & Bulbs,Linear Tubes,,392225,"392225 22W Flor 8"" T9 30k",-- Unbranded --,-- No Unilog Brand --,Philips,Phillips Lighting (5831),Signify North America Corporation,Philips®,,392225,,Electrical>Lamps & Bulbs>Linear Tubes,"Philips, 392225, LED Linear Tube",LED LNR TUBE,Philips® 392225 LED Linear Tube,"The Philips® LED Linear Tube is designed for commercial and industrial applications, operating at 22 W.",LED Linear Tube,{'Wattage': '22 W'},,,,,,,,,,,,,,,,,,,,,,,,,,LED Linear Tube,Model,392225,,Wattage,22,W,,,,,,,,,,,,,,,,,,,,,,,,,,,,,,,,,,,,,,,,,,,,,,,,,,,,,,,,,,,,,,,,,,,,,,,,,,,,,,,,,,,,,,,,,,,,,,,,,,,,,,,,,,,,,,,,,,,,,,,,,,,,,,,,,,,,,,,,,,,,,,,,,,,,39101605,,,,,,,,,,,,,,,,,,,,,,,,,,,,,,,,,,,,,,,,,,,
,,,,,,,Electrical,Lamps & Bulbs,LED Bulbs,,S3539,S3539 20W Halogen Pin T4,-- Unbranded --,-- No Unilog Brand --,Satco,Satco Prod Inc (5573),"Satco Products, Inc.",Satco®,,S3539,,Electrical>Lamps & Bulbs>LED Bulbs,"Satco Products, Inc. Satco, S3539, LED Light Bulb",LED LGHT BULB,Satco® S3539 LED Light Bulb,"The Satco® LED Light Bulb is designed for commercial and industrial applications, operating at 20 W.",LED Light Bulb,{'Wattage': '20 W'},,,,,,,,,,,,,,,,,,,,,,,,,,LED Light Bulb,Model,S3539,,Wattage,20,W,,,,,,,,,,,,,,,,,,,,,,,,,,,,,,,,,,,,,,,,,,,,,,,,,,,,,,,,,,,,,,,,,,,,,,,,,,,,,,,,,,,,,,,,,,,,,,,,,,,,,,,,,,,,,,,,,,,,,,,,,,,,,,,,,,,,,,,,,,,,,,,,,,,,39101628,,,,,,,,,,,,,,,,,,,,,,,,,,,,,,,,,,,,,,,,,,,
,,,,,,,Electrical,Lamps & Bulbs,LED Bulbs,,S3496,S3496 300W Halogen T3 Bulb,-- Unbranded --,-- No Unilog Brand --,Satco,Satco Prod Inc (5573),"Satco Products, Inc.",Satco®,,S3496,,Electrical>Lamps & Bulbs>LED Bulbs,"Satco Products, Inc. Satco, S3496, LED Light Bulb",LED LGHT BULB,Satco® S3496 LED Light Bulb,"The Satco® LED Light Bulb is designed for commercial and industrial applications, operating at 300 W.",LED Light Bulb,{'Wattage': '300 W'},,,,,,,,,,,,,,,,,,,,,,,,,,LED Light Bulb,Model,S3496,,Wattage,300,W,,,,,,,,,,,,,,,,,,,,,,,,,,,,,,,,,,,,,,,,,,,,,,,,,,,,,,,,,,,,,,,,,,,,,,,,,,,,,,,,,,,,,,,,,,,,,,,,,,,,,,,,,,,,,,,,,,,,,,,,,,,,,,,,,,,,,,,,,,,,,,,,,,,,39101628,,,,,,,,,,,,,,,,,,,,,,,,,,,,,,,,,,,,,,,,,,,
,,,,,,,Electrical,Lamps & Bulbs,LED Bulbs,,467316,467316 150W Sodium Med 21k,-- Unbranded --,-- No Unilog Brand --,Philips,Phillips Lighting (5831),Signify North America Corporation,Philips®,,467316,,Electrical>Lamps & Bulbs>LED Bulbs,"Philips, 467316, LED Light Bulb",LED LGHT BULB,Philips® 467316 LED Light Bulb,"The Philips® LED Light Bulb is designed for commercial and industrial applications, operating at 150 W.",LED Light Bulb,{'Wattage': '150 W'},,,,,,,,,,,,,,,,,,,,,,,,,,LED Light Bulb,Model,467316,,Wattage,150,W,,,,,,,,,,,,,,,,,,,,,,,,,,,,,,,,,,,,,,,,,,,,,,,,,,,,,,,,,,,,,,,,,,,,,,,,,,,,,,,,,,,,,,,,,,,,,,,,,,,,,,,,,,,,,,,,,,,,,,,,,,,,,,,,,,,,,,,,,,,,,,,,,,,,39101628,,,,,,,,,,,,,,,,,,,,,,,,,,,,,,,,,,,,,,,,,,,
,,,,,,,Electrical,Lamps & Bulbs,LED Bulbs,,S3709,S3709 25W Incan 27K,-- Unbranded --,-- No Unilog Brand --,Satco,Satco Prod Inc (5573),"Satco Products, Inc.",Satco®,,S3709,,Electrical>Lamps & Bulbs>LED Bulbs,"Satco Products, Inc. Satco, S3709, LED Light Bulb",LED LGHT BULB,Satco® S3709 LED Light Bulb,"The Satco® LED Light Bulb is designed for commercial and industrial applications, operating at 25 W.",LED Light Bulb,{'Wattage': '25 W'},,,,,,,,,,,,,,,,,,,,,,,,,,LED Light Bulb,Model,S3709,,Wattage,25,W,,,,,,,,,,,,,,,,,,,,,,,,,,,,,,,,,,,,,,,,,,,,,,,,,,,,,,,,,,,,,,,,,,,,,,,,,,,,,,,,,,,,,,,,,,,,,,,,,,,,,,,,,,,,,,,,,,,,,,,,,,,,,,,,,,,,,,,,,,,,,,,,,,,,39101628,,,,,,,,,,,,,,,,,,,,,,,,,,,,,,,,,,,,,,,,,,,
,,,,,,,Electrical,Lamps & Bulbs,LED Bulbs,,S4720,S4720 25W Incan 27K,-- Unbranded --,-- No Unilog Brand --,Satco,Satco Prod Inc (5573),"Satco Products, Inc.",Satco®,,S4720,,Electrical>Lamps & Bulbs>LED Bulbs,"Satco Products, Inc. Satco, S4720, LED Light Bulb",LED LGHT BULB,Satco® S4720 LED Light Bulb,"The Satco® LED Light Bulb is designed for commercial and industrial applications, operating at 25 W.",LED Light Bulb,{'Wattage': '25 W'},,,,,,,,,,,,,,,,,,,,,,,,,,LED Light Bulb,Model,S4720,,Wattage,25,W,,,,,,,,,,,,,,,,,,,,,,,,,,,,,,,,,,,,,,,,,,,,,,,,,,,,,,,,,,,,,,,,,,,,,,,,,,,,,,,,,,,,,,,,,,,,,,,,,,,,,,,,,,,,,,,,,,,,,,,,,,,,,,,,,,,,,,,,,,,,,,,,,,,,39101628,,,,,,,,,,,,,,,,,,,,,,,,,,,,,,,,,,,,,,,,,,,
,,,,,,,Electrical,Lamps & Bulbs,LED Bulbs,,S3720,S3720 40w Inc A15 Med 26k,-- Unbranded --,-- No Unilog Brand --,Satco,Satco Prod Inc (5573),"Satco Products, Inc.",Satco®,,S3720,,Electrical>Lamps & Bulbs>LED Bulbs,"Satco Products, Inc. Satco, S3720, LED Light Bulb",LED LGHT BULB,Satco® S3720 LED Light Bulb,"The Satco® LED Light Bulb is designed for commercial and industrial applications, operating at 40 W.",LED Light Bulb,{'Wattage': '40 W'},,,,,,,,,,,,,,,,,,,,,,,,,,LED Light Bulb,Model,S3720,,Wattage,40,W,,,,,,,,,,,,,,,,,,,,,,,,,,,,,,,,,,,,,,,,,,,,,,,,,,,,,,,,,,,,,,,,,,,,,,,,,,,,,,,,,,,,,,,,,,,,,,,,,,,,,,,,,,,,,,,,,,,,,,,,,,,,,,,,,,,,,,,,,,,,,,,,,,,,39101628,,,,,,,,,,,,,,,,,,,,,,,,,,,,,,,,,,,,,,,,,,,
,,,,,,,Electrical,Lamps & Bulbs,LED Bulbs,,S3702,S3702 40W Incan Med 27K,-- Unbranded --,-- No Unilog Brand --,Satco,Satco Prod Inc (5573),"Satco Products, Inc.",Satco®,,S3702,,Electrical>Lamps & Bulbs>LED Bulbs,"Satco Products, Inc. Satco, S3702, LED Light Bulb",LED LGHT BULB,Satco® S3702 LED Light Bulb,"The Satco® LED Light Bulb is designed for commercial and industrial applications, operating at 40 W.",LED Light Bulb,{'Wattage': '40 W'},,,,,,,,,,,,,,,,,,,,,,,,,,LED Light Bulb,Model,S3702,,Wattage,40,W,,,,,,,,,,,,,,,,,,,,,,,,,,,,,,,,,,,,,,,,,,,,,,,,,,,,,,,,,,,,,,,,,,,,,,,,,,,,,,,,,,,,,,,,,,,,,,,,,,,,,,,,,,,,,,,,,,,,,,,,,,,,,,,,,,,,,,,,,,,,,,,,,,,,39101628,,,,,,,,,,,,,,,,,,,,,,,,,,,,,,,,,,,,,,,,,,,
,,,,,,,Electrical,Lamps & Bulbs,LED Bulbs,,S3703,S3703 40W Incan Med 27K,-- Unbranded --,-- No Unilog Brand --,Satco,Satco Prod Inc (5573),"Satco Products, Inc.",Satco®,,S3703,,Electrical>Lamps & Bulbs>LED Bulbs,"Satco Products, Inc. Satco, S3703, LED Light Bulb",LED LGHT BULB,Satco® S3703 LED Light Bulb,"The Satco® LED Light Bulb is designed for commercial and industrial applications, operating at 40 W.",LED Light Bulb,{'Wattage': '40 W'},,,,,,,,,,,,,,,,,,,,,,,,,,LED Light Bulb,Model,S3703,,Wattage,40,W,,,,,,,,,,,,,,,,,,,,,,,,,,,,,,,,,,,,,,,,,,,,,,,,,,,,,,,,,,,,,,,,,,,,,,,,,,,,,,,,,,,,,,,,,,,,,,,,,,,,,,,,,,,,,,,,,,,,,,,,,,,,,,,,,,,,,,,,,,,,,,,,,,,,39101628,,,,,,,,,,,,,,,,,,,,,,,,,,,,,,,,,,,,,,,,,,,
,,,,,,,Electrical,Lamps & Bulbs,LED Bulbs,,S3797,S3797 4W Incan Cand 27K 2pk,-- Unbranded --,-- No Unilog Brand --,Satco,Satco Prod Inc (5573),"Satco Products, Inc.",Satco®,,S3797,,Electrical>Lamps & Bulbs>LED Bulbs>Standard Bulbs,"Satco Products, Inc. Satco, S3797, LED General Purpose Bulb, 2 Pack",LED GNRL PRPS BULB 2PK,"Satco® S3797 LED General Purpose Bulb, 2 Pack","The Satco® LED General Purpose Bulb is designed for commercial and industrial applications, operating at 4 W.",LED General Purpose Bulb,{'Wattage': '4 W'},2 Count Package,,,,,,,,,,,,,,,,,,,,,,,,,LED General Purpose Bulb,Model,S3797,,Wattage,4,W,Package Quantity,2,pk,,,,,,,,,,,,,,,,,,,,,,,,,,,,,,,,,,,,,,,,,,,,,,,,,,,,,,,,,,,,,,,,,,,,,,,,,,,,,,,,,,,,,,,,,,,,,,,,,,,,,,,,,,,,,,,,,,,,,,,,,,,,,,,,,,,,,,,,,,,,,,,,,39101628,,,,,,,,,,,,,,,,,,,,,,,,,,,,,,,,,,,,,,,,,,,
,,,,,,,Electrical,Lamps & Bulbs,LED Bulbs,,S4724,S4724 4W Incan Cand 27K 4pk,-- Unbranded --,-- No Unilog Brand --,Satco,Satco Prod Inc (5573),"Satco Products, Inc.",Satco®,,S4724,,Electrical>Lamps & Bulbs>LED Bulbs>Standard Bulbs,"Satco Products, Inc. Satco, S4724, LED General Purpose Bulb, 4 Pack",LED GNRL PRPS BULB 4PK,"Satco® S4724 LED General Purpose Bulb, 4 Pack","The Satco® LED General Purpose Bulb is designed for commercial and industrial applications, operating at 4 W.",LED General Purpose Bulb,{'Wattage': '4 W'},4 Count Package,,,,,,,,,,,,,,,,,,,,,,,,,LED General Purpose Bulb,Model,S4724,,Wattage,4,W,Package Quantity,4,pk,,,,,,,,,,,,,,,,,,,,,,,,,,,,,,,,,,,,,,,,,,,,,,,,,,,,,,,,,,,,,,,,,,,,,,,,,,,,,,,,,,,,,,,,,,,,,,,,,,,,,,,,,,,,,,,,,,,,,,,,,,,,,,,,,,,,,,,,,,,,,,,,,39101628,,,,,,,,,,,,,,,,,,,,,,,,,,,,,,,,,,,,,,,,,,,
,,,,,,,Electrical,Lamps & Bulbs,LED Bulbs,,S4717,S4717 6W Incan Cand 27k 2pk,-- Unbranded --,-- No Unilog Brand --,Satco,Satco Prod Inc (5573),"Satco Products, Inc.",Satco®,,S4717,,Electrical>Lamps & Bulbs>LED Bulbs>Standard Bulbs,"Satco Products, Inc. Satco, S4717, LED General Purpose Bulb, 2 Pack",LED GNRL PRPS BULB 2PK,"Satco® S4717 LED General Purpose Bulb, 2 Pack","The Satco® LED General Purpose Bulb is designed for commercial and industrial applications, operating at 6 W.",LED General Purpose Bulb,{'Wattage': '6 W'},2 Count Package,,,,,,,,,,,,,,,,,,,,,,,,,LED General Purpose Bulb,Model,S4717,,Wattage,6,W,Package Quantity,2,pk,,,,,,,,,,,,,,,,,,,,,,,,,,,,,,,,,,,,,,,,,,,,,,,,,,,,,,,,,,,,,,,,,,,,,,,,,,,,,,,,,,,,,,,,,,,,,,,,,,,,,,,,,,,,,,,,,,,,,,,,,,,,,,,,,,,,,,,,,,,,,,,,,39101628,,,,,,,,,,,,,,,,,,,,,,,,,,,,,,,,,,,,,,,,,,,
,,,,,,,Electrical,Lamps & Bulbs,LED Bulbs,,S3794,S3794 7W Incan Med 27K,-- Unbranded --,-- No Unilog Brand --,Satco,Satco Prod Inc (5573),"Satco Products, Inc.",Satco®,,S3794,,Electrical>Lamps & Bulbs>LED Bulbs,"Satco Products, Inc. Satco, S3794, LED Light Bulb",LED LGHT BULB,Satco® S3794 LED Light Bulb,"The Satco® LED Light Bulb is designed for commercial and industrial applications, operating at 7 W.",LED Light Bulb,{'Wattage': '7 W'},,,,,,,,,,,,,,,,,,,,,,,,,,LED Light Bulb,Model,S3794,,Wattage,7,W,,,,,,,,,,,,,,,,,,,,,,,,,,,,,,,,,,,,,,,,,,,,,,,,,,,,,,,,,,,,,,,,,,,,,,,,,,,,,,,,,,,,,,,,,,,,,,,,,,,,,,,,,,,,,,,,,,,,,,,,,,,,,,,,,,,,,,,,,,,,,,,,,,,,39101628,,,,,,,,,,,,,,,,,,,,,,,,,,,,,,,,,,,,,,,,,,,
,,,,,,,Electrical,Lamps & Bulbs,LED Bulbs,,S3795,S3795 7W Incan Med 27K,-- Unbranded --,-- No Unilog Brand --,Satco,Satco Prod Inc (5573),"Satco Products, Inc.",Satco®,,S3795,,Electrical>Lamps & Bulbs>LED Bulbs,"Satco Products, Inc. Satco, S3795, LED Light Bulb",LED LGHT BULB,Satco® S3795 LED Light Bulb,"The Satco® LED Light Bulb is designed for commercial and industrial applications, operating at 7 W.",LED Light Bulb,{'Wattage': '7 W'},,,,,,,,,,,,,,,,,,,,,,,,,,LED Light Bulb,Model,S3795,,Wattage,7,W,,,,,,,,,,,,,,,,,,,,,,,,,,,,,,,,,,,,,,,,,,,,,,,,,,,,,,,,,,,,,,,,,,,,,,,,,,,,,,,,,,,,,,,,,,,,,,,,,,,,,,,,,,,,,,,,,,,,,,,,,,,,,,,,,,,,,,,,,,,,,,,,,,,,39101628,,,,,,,,,,,,,,,,,,,,,,,,,,,,,,,,,,,,,,,,,,,
,,,,,,,Electrical,Lamps & Bulbs,LED Bulbs,,S4726,S4726 7W Incan Cand 27K 4pk,-- Unbranded --,-- No Unilog Brand --,Satco,Satco Prod Inc (5573),"Satco Products, Inc.",Satco®,,S4726,,Electrical>Lamps & Bulbs>LED Bulbs>Standard Bulbs,"Satco Products, Inc. Satco, S4726, LED General Purpose Bulb, 4 Pack",LED GNRL PRPS BULB 4PK,"Satco® S4726 LED General Purpose Bulb, 4 Pack","The Satco® LED General Purpose Bulb is designed for commercial and industrial applications, operating at 7 W.",LED General Purpose Bulb,{'Wattage': '7 W'},4 Count Package,,,,,,,,,,,,,,,,,,,,,,,,,LED General Purpose Bulb,Model,S4726,,Wattage,7,W,Package Quantity,4,pk,,,,,,,,,,,,,,,,,,,,,,,,,,,,,,,,,,,,,,,,,,,,,,,,,,,,,,,,,,,,,,,,,,,,,,,,,,,,,,,,,,,,,,,,,,,,,,,,,,,,,,,,,,,,,,,,,,,,,,,,,,,,,,,,,,,,,,,,,,,,,,,,,39101628,,,,,,,,,,,,,,,,,,,,,,,,,,,,,,,,,,,,,,,,,,,
,,,,,,,Electrical,Lamps & Bulbs,LED Bulbs,,S11429,S11429 60W Led Bulb 27K,-- Unbranded --,-- No Unilog Brand --,Satco,Satco Prod Inc (5573),"Satco Products, Inc.",Satco®,,S11429,,Electrical>Lamps & Bulbs>LED Bulbs,"Satco Products, Inc. Satco, S11429, LED Light Bulb",LED LGHT BULB,Satco® S11429 LED Light Bulb,"The Satco® LED Light Bulb is designed for commercial and industrial applications, operating at 60 W.",LED Light Bulb,{'Wattage': '60 W'},,,,,,,,,,,,,,,,,,,,,,,,,,LED Light Bulb,Model,S11429,,Wattage,60,W,,,,,,,,,,,,,,,,,,,,,,,,,,,,,,,,,,,,,,,,,,,,,,,,,,,,,,,,,,,,,,,,,,,,,,,,,,,,,,,,,,,,,,,,,,,,,,,,,,,,,,,,,,,,,,,,,,,,,,,,,,,,,,,,,,,,,,,,,,,,,,,,,,,,39101628,,,,,,,,,,,,,,,,,,,,,,,,,,,,,,,,,,,,,,,,,,,
,,,,,,,Electrical,Lamps & Bulbs,LED Bulbs,,S21354,S21354 8W Led T9 Med 27k,-- Unbranded --,-- No Unilog Brand --,-- No DIB Brand --,Satco Prod Inc (5573),"Satco Products, Inc.",Satco®,,S21354,,Electrical>Lamps & Bulbs>LED Bulbs>MR16 Spotlights,"Satco Products, Inc. Satco, S21354, LED MR16 Spotlight Bulb",LED MR16 SPTL BULB,Satco® S21354 LED MR16 Spotlight Bulb,"The Satco® LED MR16 Spotlight Bulb is designed for commercial and industrial applications, operating at 8 W.",LED MR16 Spotlight Bulb,{'Wattage': '8 W'},,,,,,,,,,,,,,,,,,,,,,,,,,LED MR16 Spotlight Bulb,Model,S21354,,Wattage,8,W,,,,,,,,,,,,,,,,,,,,,,,,,,,,,,,,,,,,,,,,,,,,,,,,,,,,,,,,,,,,,,,,,,,,,,,,,,,,,,,,,,,,,,,,,,,,,,,,,,,,,,,,,,,,,,,,,,,,,,,,,,,,,,,,,,,,,,,,,,,,,,,,,,,,39101628,,,,,,,,,,,,,,,,,,,,,,,,,,,,,,,,,,,,,,,,,,,
,,,,,,,Electrical,Lamps & Bulbs,LED Bulbs,,S21363,S21363 8W Led Edison ST19 27K,-- Unbranded --,-- No Unilog Brand --,-- No DIB Brand --,Satco Prod Inc (5573),"Satco Products, Inc.",Satco®,,S21363,,Electrical>Lamps & Bulbs>LED Bulbs>Standard Bulbs,"Satco Products, Inc. Satco, S21363, LED General Purpose Bulb",LED GNRL PRPS BULB,Satco® S21363 LED General Purpose Bulb,"The Satco® LED General Purpose Bulb is designed for commercial and industrial applications, operating at 8 W.",LED General Purpose Bulb,{'Wattage': '8 W'},,,,,,,,,,,,,,,,,,,,,,,,,,LED General Purpose Bulb,Model,S21363,,Wattage,8,W,,,,,,,,,,,,,,,,,,,,,,,,,,,,,,,,,,,,,,,,,,,,,,,,,,,,,,,,,,,,,,,,,,,,,,,,,,,,,,,,,,,,,,,,,,,,,,,,,,,,,,,,,,,,,,,,,,,,,,,,,,,,,,,,,,,,,,,,,,,,,,,,,,,,39101628,,,,,,,,,,,,,,,,,,,,,,,,,,,,,,,,,,,,,,,,,,,
,,,,,,,Electrical,Lamps & Bulbs,LED Bulbs,,S11445,S11445 12W Led Med 30k Motion,-- Unbranded --,-- No Unilog Brand --,-- No DIB Brand --,Satco Prod Inc (5573),"Satco Products, Inc.",Satco®,,S11445,,Electrical>Lamps & Bulbs>LED Bulbs>MR16 Spotlights,"Satco Products, Inc. Satco, S11445, LED MR16 Spotlight Bulb",LED MR16 SPTL BULB,Satco® S11445 LED MR16 Spotlight Bulb,"The Satco® LED MR16 Spotlight Bulb is designed for commercial and industrial applications, operating at 12 W.",LED MR16 Spotlight Bulb,{'Wattage': '12 W'},,,,,,,,,,,,,,,,,,,,,,,,,,LED MR16 Spotlight Bulb,Model,S11445,,Wattage,12,W,,,,,,,,,,,,,,,,,,,,,,,,,,,,,,,,,,,,,,,,,,,,,,,,,,,,,,,,,,,,,,,,,,,,,,,,,,,,,,,,,,,,,,,,,,,,,,,,,,,,,,,,,,,,,,,,,,,,,,,,,,,,,,,,,,,,,,,,,,,,,,,,,,,,39101628,,,,,,,,,,,,,,,,,,,,,,,,,,,,,,,,,,,,,,,,,,,
,,,,,,,Electrical,Lamps & Bulbs,LED Bulbs,,567313,567313 50W Led MR16 30K 3pk,-- Unbranded --,-- No Unilog Brand --,Philips,Phillips Lighting (5831),Signify North America Corporation,Philips®,,567313,,Electrical>Lamps & Bulbs>LED Bulbs>MR16 Spotlights,"Philips, 567313, LED MR16 Spotlight Bulb, 3 Pack",LED MR16 SPTL BULB 3PK,"Philips® 567313 LED MR16 Spotlight Bulb, 3 Pack","The Philips® LED MR16 Spotlight Bulb is designed for commercial and industrial applications, operating at 50 W.",LED MR16 Spotlight Bulb,{'Wattage': '50 W'},3 Count Package,,,,,,,,,,,,,,,,,,,,,,,,,LED MR16 Spotlight Bulb,Model,567313,,Wattage,50,W,Package Quantity,3,pk,,,,,,,,,,,,,,,,,,,,,,,,,,,,,,,,,,,,,,,,,,,,,,,,,,,,,,,,,,,,,,,,,,,,,,,,,,,,,,,,,,,,,,,,,,,,,,,,,,,,,,,,,,,,,,,,,,,,,,,,,,,,,,,,,,,,,,,,,,,,,,,,,39101628,,,,,,,,,,,,,,,,,,,,,,,,,,,,,,,,,,,,,,,,,,,
,,,,,,,Electrical,Lamps & Bulbs,LED Bulbs,,586875,586875 60W Led Multi CCT 4pk,-- Unbranded --,-- No Unilog Brand --,Philips,Phillips Lighting (5831),Signify North America Corporation,Philips®,,586875,,Electrical>Lamps & Bulbs>LED Bulbs>MR16 Spotlights,"Philips, 586875, LED MR16 Spotlight Bulb, 4 Pack",LED MR16 SPTL BULB 4PK,"Philips® 586875 LED MR16 Spotlight Bulb, 4 Pack","The Philips® LED MR16 Spotlight Bulb is designed for commercial and industrial applications, operating at 60 W.",LED MR16 Spotlight Bulb,{'Wattage': '60 W'},4 Count Package,,,,,,,,,,,,,,,,,,,,,,,,,LED MR16 Spotlight Bulb,Model,586875,,Wattage,60,W,Package Quantity,4,pk,,,,,,,,,,,,,,,,,,,,,,,,,,,,,,,,,,,,,,,,,,,,,,,,,,,,,,,,,,,,,,,,,,,,,,,,,,,,,,,,,,,,,,,,,,,,,,,,,,,,,,,,,,,,,,,,,,,,,,,,,,,,,,,,,,,,,,,,,,,,,,,,,39101628,,,,,,,,,,,,,,,,,,,,,,,,,,,,,,,,,,,,,,,,,,,
,,,,,,,Electrical,Lamps & Bulbs,LED Bulbs,,576355,576355 60/100/150 Led Med 50k,-- Unbranded --,-- No Unilog Brand --,Philips,Phillips Lighting (5831),Signify North America Corporation,Philips®,,576355,,Electrical>Lamps & Bulbs>LED Bulbs>MR16 Spotlights,"Philips, 576355, LED MR16 Spotlight Bulb",LED MR16 SPTL BULB,Philips® 576355 LED MR16 Spotlight Bulb,The Philips® LED MR16 Spotlight Bulb (Part Number: 576355).,LED MR16 Spotlight Bulb,{},,,,,,,,,,,,,,,,,,,,,,,,,,LED MR16 Spotlight Bulb,Model,576355,,,,,,,,,,,,,,,,,,,,,,,,,,,,,,,,,,,,,,,,,,,,,,,,,,,,,,,,,,,,,,,,,,,,,,,,,,,,,,,,,,,,,,,,,,,,,,,,,,,,,,,,,,,,,,,,,,,,,,,,,,,,,,,,,,,,,,,,,,,,,,,,,,,,,,,,39101628,,,,,,,,,,,,,,,,,,,,,,,,,,,,,,,,,,,,,,,,,,,
,,,,,,,Electrical,Lamps & Bulbs,LED Bulbs,,576363,576363 100/150/200 Led Med 27k,-- Unbranded --,-- No Unilog Brand --,Philips,Phillips Lighting (5831),Signify North America Corporation,Philips®,,576363,,Electrical>Lamps & Bulbs>LED Bulbs>MR16 Spotlights,"Philips, 576363, LED MR16 Spotlight Bulb",LED MR16 SPTL BULB,Philips® 576363 LED MR16 Spotlight Bulb,The Philips® LED MR16 Spotlight Bulb (Part Number: 576363).,LED MR16 Spotlight Bulb,{},,,,,,,,,,,,,,,,,,,,,,,,,,LED MR16 Spotlight Bulb,Model,576363,,,,,,,,,,,,,,,,,,,,,,,,,,,,,,,,,,,,,,,,,,,,,,,,,,,,,,,,,,,,,,,,,,,,,,,,,,,,,,,,,,,,,,,,,,,,,,,,,,,,,,,,,,,,,,,,,,,,,,,,,,,,,,,,,,,,,,,,,,,,,,,,,,,,,,,,39101628,,,,,,,,,,,,,,,,,,,,,,,,,,,,,,,,,,,,,,,,,,,
,,,,,,,Electrical,Lamps & Bulbs,LED Bulbs,,565374,565374 75W Led A19 Med 27k 4pk,-- Unbranded --,-- No Unilog Brand --,Philips,Phillips Lighting (5831),Signify North America Corporation,Philips®,,565374,,Electrical>Lamps & Bulbs>LED Bulbs>Standard Bulbs,"Philips, 565374, LED General Purpose Bulb, 4 Pack",LED GNRL PRPS BULB 4PK,"Philips® 565374 LED General Purpose Bulb, 4 Pack","The Philips® LED General Purpose Bulb is designed for commercial and industrial applications, operating at 75 W.",LED General Purpose Bulb,{'Wattage': '75 W'},4 Count Package,,,,,,,,,,,,,,,,,,,,,,,,,LED General Purpose Bulb,Model,565374,,Wattage,75,W,Package Quantity,4,pk,,,,,,,,,,,,,,,,,,,,,,,,,,,,,,,,,,,,,,,,,,,,,,,,,,,,,,,,,,,,,,,,,,,,,,,,,,,,,,,,,,,,,,,,,,,,,,,,,,,,,,,,,,,,,,,,,,,,,,,,,,,,,,,,,,,,,,,,,,,,,,,,,39101628,,,,,,,,,,,,,,,,,,,,,,,,,,,,,,,,,,,,,,,,,,,
,,,,,,,Electrical,Lamps & Bulbs,LED Bulbs,,565390,565390 75W Led A19 Med 50k 4pk,-- Unbranded --,-- No Unilog Brand --,Philips,Phillips Lighting (5831),Signify North America Corporation,Philips®,,565390,,Electrical>Lamps & Bulbs>LED Bulbs>Standard Bulbs,"Philips, 565390, LED General Purpose Bulb, 4 Pack",LED GNRL PRPS BULB 4PK,"Philips® 565390 LED General Purpose Bulb, 4 Pack","The Philips® LED General Purpose Bulb is designed for commercial and industrial applications, operating at 75 W.",LED General Purpose Bulb,{'Wattage': '75 W'},4 Count Package,,,,,,,,,,,,,,,,,,,,,,,,,LED General Purpose Bulb,Model,565390,,Wattage,75,W,Package Quantity,4,pk,,,,,,,,,,,,,,,,,,,,,,,,,,,,,,,,,,,,,,,,,,,,,,,,,,,,,,,,,,,,,,,,,,,,,,,,,,,,,,,,,,,,,,,,,,,,,,,,,,,,,,,,,,,,,,,,,,,,,,,,,,,,,,,,,,,,,,,,,,,,,,,,,39101628,,,,,,,,,,,,,,,,,,,,,,,,,,,,,,,,,,,,,,,,,,,
,,,,,,,Electrical,Lamps & Bulbs,LED Bulbs,,576371,576371 100/150/200 Led Med 50k,-- Unbranded --,-- No Unilog Brand --,Philips,Phillips Lighting (5831),Signify North America Corporation,Philips®,,576371,,Electrical>Lamps & Bulbs>LED Bulbs>MR16 Spotlights,"Philips, 576371, LED MR16 Spotlight Bulb",LED MR16 SPTL BULB,Philips® 576371 LED MR16 Spotlight Bulb,The Philips® LED MR16 Spotlight Bulb (Part Number: 576371).,LED MR16 Spotlight Bulb,{},,,,,,,,,,,,,,,,,,,,,,,,,,LED MR16 Spotlight Bulb,Model,576371,,,,,,,,,,,,,,,,,,,,,,,,,,,,,,,,,,,,,,,,,,,,,,,,,,,,,,,,,,,,,,,,,,,,,,,,,,,,,,,,,,,,,,,,,,,,,,,,,,,,,,,,,,,,,,,,,,,,,,,,,,,,,,,,,,,,,,,,,,,,,,,,,,,,,,,,39101628,,,,,,,,,,,,,,,,,,,,,,,,,,,,,,,,,,,,,,,,,,,
,,,,,,,Electrical,Lamps & Bulbs,LED Bulbs,,576496,576496 45W Led R20 Med 27k,-- Unbranded --,-- No Unilog Brand --,Philips,Phillips Lighting (5831),Signify North America Corporation,Philips®,,576496,,Electrical>Lamps & Bulbs>LED Bulbs>MR16 Spotlights,"Philips, 576496, LED MR16 Spotlight Bulb",LED MR16 SPTL BULB,Philips® 576496 LED MR16 Spotlight Bulb,"The Philips® LED MR16 Spotlight Bulb is designed for commercial and industrial applications, operating at 45 W.",LED MR16 Spotlight Bulb,{'Wattage': '45 W'},,,,,,,,,,,,,,,,,,,,,,,,,,LED MR16 Spotlight Bulb,Model,576496,,Wattage,45,W,,,,,,,,,,,,,,,,,,,,,,,,,,,,,,,,,,,,,,,,,,,,,,,,,,,,,,,,,,,,,,,,,,,,,,,,,,,,,,,,,,,,,,,,,,,,,,,,,,,,,,,,,,,,,,,,,,,,,,,,,,,,,,,,,,,,,,,,,,,,,,,,,,,,39101628,,,,,,,,,,,,,,,,,,,,,,,,,,,,,,,,,,,,,,,,,,,
,,,,,,,Electrical,Lamps & Bulbs,LED Bulbs,,564856,564856 40W Led ST19 27k 2pk,-- Unbranded --,-- No Unilog Brand --,Philips,Phillips Lighting (5831),Signify North America Corporation,Philips®,,564856,,Electrical>Lamps & Bulbs>LED Bulbs>Standard Bulbs,"Philips, 564856, LED General Purpose Bulb, 2 Pack",LED GNRL PRPS BULB 2PK,"Philips® 564856 LED General Purpose Bulb, 2 Pack","The Philips® LED General Purpose Bulb is designed for commercial and industrial applications, operating at 40 W.",LED General Purpose Bulb,{'Wattage': '40 W'},2 Count Package,,,,,,,,,,,,,,,,,,,,,,,,,LED General Purpose Bulb,Model,564856,,Wattage,40,W,Package Quantity,2,pk,,,,,,,,,,,,,,,,,,,,,,,,,,,,,,,,,,,,,,,,,,,,,,,,,,,,,,,,,,,,,,,,,,,,,,,,,,,,,,,,,,,,,,,,,,,,,,,,,,,,,,,,,,,,,,,,,,,,,,,,,,,,,,,,,,,,,,,,,,,,,,,,,39101628,,,,,,,,,,,,,,,,,,,,,,,,,,,,,,,,,,,,,,,,,,,
,,,,,,,Electrical,Lamps & Bulbs,LED Bulbs,,565796,565796 60W Led A19 Med 20k,-- Unbranded --,-- No Unilog Brand --,Philips,Phillips Lighting (5831),Signify North America Corporation,Philips®,,565796,,Electrical>Lamps & Bulbs>LED Bulbs>Standard Bulbs,"Philips, 565796, LED General Purpose Bulb",LED GNRL PRPS BULB,Philips® 565796 LED General Purpose Bulb,"The Philips® LED General Purpose Bulb is designed for commercial and industrial applications, operating at 60 W.",LED General Purpose Bulb,{'Wattage': '60 W'},,,,,,,,,,,,,,,,,,,,,,,,,,LED General Purpose Bulb,Model,565796,,Wattage,60,W,,,,,,,,,,,,,,,,,,,,,,,,,,,,,,,,,,,,,,,,,,,,,,,,,,,,,,,,,,,,,,,,,,,,,,,,,,,,,,,,,,,,,,,,,,,,,,,,,,,,,,,,,,,,,,,,,,,,,,,,,,,,,,,,,,,,,,,,,,,,,,,,,,,,39101628,,,,,,,,,,,,,,,,,,,,,,,,,,,,,,,,,,,,,,,,,,,
,,,,,,,Electrical,Lamps & Bulbs,LED Bulbs,,576389,576389 100/200/300 Led Med 27k,-- Unbranded --,-- No Unilog Brand --,Philips,Phillips Lighting (5831),Signify North America Corporation,Philips®,,576389,,Electrical>Lamps & Bulbs>LED Bulbs>MR16 Spotlights,"Philips, 576389, LED MR16 Spotlight Bulb",LED MR16 SPTL BULB,Philips® 576389 LED MR16 Spotlight Bulb,The Philips® LED MR16 Spotlight Bulb (Part Number: 576389).,LED MR16 Spotlight Bulb,{},,,,,,,,,,,,,,,,,,,,,,,,,,LED MR16 Spotlight Bulb,Model,576389,,,,,,,,,,,,,,,,,,,,,,,,,,,,,,,,,,,,,,,,,,,,,,,,,,,,,,,,,,,,,,,,,,,,,,,,,,,,,,,,,,,,,,,,,,,,,,,,,,,,,,,,,,,,,,,,,,,,,,,,,,,,,,,,,,,,,,,,,,,,,,,,,,,,,,,,39101628,,,,,,,,,,,,,,,,,,,,,,,,,,,,,,,,,,,,,,,,,,,
,,,,,,,Uncategorized Supplies,General Industrial,Pending Review,,564492,564492 75W Adj Base 27k 3pk,-- Unbranded --,-- No Unilog Brand --,Philips,Phillips Lighting (5831),Signify North America Corporation,Philips®,,564492,,Uncategorized Supplies>General Industrial>Pending Review,"Philips, 564492, Adj Base, 3 Pack",ADJ BASE 3PK,"Philips® 564492 Adj Base, 3 Pack","The Philips® Adj Base is designed for commercial and industrial applications, operating at 75 W.",Adj Base,{'Wattage': '75 W'},3 Count Package,,,,,,,,,,,,,,,,,,,,,,,,,Adj Base,Model,564492,,Wattage,75,W,Package Quantity,3,pk,,,,,,,,,,,,,,,,,,,,,,,,,,,,,,,,,,,,,,,,,,,,,,,,,,,,,,,,,,,,,,,,,,,,,,,,,,,,,,,,,,,,,,,,,,,,,,,,,,,,,,,,,,,,,,,,,,,,,,,,,,,,,,,,,,,,,,,,,,,,,,,,,,,,,,,,,,,,,,,,,,,,,,,,,,,,,,,,,,,,,,,,,,,,
,,,,,,,Electrical,Lamps & Bulbs,LED Bulbs,,603449,603449 Wiz 60W Led Med Clr Ch,-- Unbranded --,-- No Unilog Brand --,Wiz,Phillips Lighting (5831),Signify North America Corporation,WiZ®,,603449,,Electrical>Lamps & Bulbs>LED Bulbs>MR16 Spotlights,"WiZ, 603449, LED MR16 Spotlight Bulb, Clear",LED MR16 SPTL BULB,"WiZ® 603449 LED MR16 Spotlight Bulb, Clear","The WiZ® LED MR16 Spotlight Bulb is designed for commercial and industrial applications, operating at 60 W, finished in Clear.","LED MR16 Spotlight Bulb, Clear",{'Wattage': '60 W'},Finish: Clear,,,,,,,,,,,,,,,,,,,,,,,,,LED MR16 Spotlight Bulb,Model,603449,,Wattage,60,W,Color,Clear,,,,,,,,,,,,,,,,,,,,,,,,,,,,,,,,,,,,,,,,,,,,,,,,,,,,,,,,,,,,,,,,,,,,,,,,,,,,,,,,,,,,,,,,,,,,,,,,,,,,,,,,,,,,,,,,,,,,,,,,,,,,,,,,,,,,,,,,,,,,,,,,,,39101628,,,,,,,,,,,,,,,,,,,,,,,,,,,,,,,,,,,,,,,,,,,
,,,,,,,Electrical,Lamps & Bulbs,LED Bulbs,,586909,586909 Led 60W Med A19 27K,-- Unbranded --,-- No Unilog Brand --,Philips,Phillips Lighting (5831),Signify North America Corporation,Philips®,,586909,,Electrical>Lamps & Bulbs>LED Bulbs>Standard Bulbs,"Philips, 586909, LED General Purpose Bulb",LED GNRL PRPS BULB,Philips® 586909 LED General Purpose Bulb,"The Philips® LED General Purpose Bulb is designed for commercial and industrial applications, operating at 60 W.",LED General Purpose Bulb,{'Wattage': '60 W'},,,,,,,,,,,,,,,,,,,,,,,,,,LED General Purpose Bulb,Model,586909,,Wattage,60,W,,,,,,,,,,,,,,,,,,,,,,,,,,,,,,,,,,,,,,,,,,,,,,,,,,,,,,,,,,,,,,,,,,,,,,,,,,,,,,,,,,,,,,,,,,,,,,,,,,,,,,,,,,,,,,,,,,,,,,,,,,,,,,,,,,,,,,,,,,,,,,,,,,,,39101628,,,,,,,,,,,,,,,,,,,,,,,,,,,,,,,,,,,,,,,,,,,
,,,,,,,Electrical,Lamps & Bulbs,LED Bulbs,,566364,566364 75W Led ST19 27k 4pk,-- Unbranded --,-- No Unilog Brand --,Philips,Phillips Lighting (5831),Signify North America Corporation,Philips®,,566364,,Electrical>Lamps & Bulbs>LED Bulbs>Standard Bulbs,"Philips, 566364, LED General Purpose Bulb, 4 Pack",LED GNRL PRPS BULB 4PK,"Philips® 566364 LED General Purpose Bulb, 4 Pack","The Philips® LED General Purpose Bulb is designed for commercial and industrial applications, operating at 75 W.",LED General Purpose Bulb,{'Wattage': '75 W'},4 Count Package,,,,,,,,,,,,,,,,,,,,,,,,,LED General Purpose Bulb,Model,566364,,Wattage,75,W,Package Quantity,4,pk,,,,,,,,,,,,,,,,,,,,,,,,,,,,,,,,,,,,,,,,,,,,,,,,,,,,,,,,,,,,,,,,,,,,,,,,,,,,,,,,,,,,,,,,,,,,,,,,,,,,,,,,,,,,,,,,,,,,,,,,,,,,,,,,,,,,,,,,,,,,,,,,,39101628,,,,,,,,,,,,,,,,,,,,,,,,,,,,,,,,,,,,,,,,,,,
,,,,,,,Electrical,Lamps & Bulbs,LED Bulbs,,576397,576394 100/200/300 Led A23 50k,-- Unbranded --,-- No Unilog Brand --,Philips,Phillips Lighting (5831),Signify North America Corporation,Philips®,,576397,,Electrical>Lamps & Bulbs>LED Bulbs>MR16 Spotlights,"Philips, 576397, LED MR16 Spotlight Bulb",LED MR16 SPTL BULB,Philips® 576397 LED MR16 Spotlight Bulb,The Philips® LED MR16 Spotlight Bulb (Part Number: 576397).,LED MR16 Spotlight Bulb,{},,,,,,,,,,,,,,,,,,,,,,,,,,LED MR16 Spotlight Bulb,Model,576397,,,,,,,,,,,,,,,,,,,,,,,,,,,,,,,,,,,,,,,,,,,,,,,,,,,,,,,,,,,,,,,,,,,,,,,,,,,,,,,,,,,,,,,,,,,,,,,,,,,,,,,,,,,,,,,,,,,,,,,,,,,,,,,,,,,,,,,,,,,,,,,,,,,,,,,,39101628,,,,,,,,,,,,,,,,,,,,,,,,,,,,,,,,,,,,,,,,,,,
,,,,,,,Electrical,Lamps & Bulbs,LED Bulbs,,571497,571497 150W Led Med 27k,-- Unbranded --,-- No Unilog Brand --,Philips,Phillips Lighting (5831),Signify North America Corporation,Philips®,,571497,,Electrical>Lamps & Bulbs>LED Bulbs>MR16 Spotlights,"Philips, 571497, LED MR16 Spotlight Bulb",LED MR16 SPTL BULB,Philips® 571497 LED MR16 Spotlight Bulb,"The Philips® LED MR16 Spotlight Bulb is designed for commercial and industrial applications, operating at 150 W.",LED MR16 Spotlight Bulb,{'Wattage': '150 W'},,,,,,,,,,,,,,,,,,,,,,,,,,LED MR16 Spotlight Bulb,Model,571497,,Wattage,150,W,,,,,,,,,,,,,,,,,,,,,,,,,,,,,,,,,,,,,,,,,,,,,,,,,,,,,,,,,,,,,,,,,,,,,,,,,,,,,,,,,,,,,,,,,,,,,,,,,,,,,,,,,,,,,,,,,,,,,,,,,,,,,,,,,,,,,,,,,,,,,,,,,,,,39101628,,,,,,,,,,,,,,,,,,,,,,,,,,,,,,,,,,,,,,,,,,,
,,,,,,,Electrical,Lamps & Bulbs,LED Bulbs,,576306,576306 40W Led A19 5CCT 4pk,-- Unbranded --,-- No Unilog Brand --,Philips,Phillips Lighting (5831),Signify North America Corporation,Philips®,,576306,,Electrical>Lamps & Bulbs>LED Bulbs>Standard Bulbs,"Philips, 576306, LED General Purpose Bulb, 4 Pack",LED GNRL PRPS BULB 4PK,"Philips® 576306 LED General Purpose Bulb, 4 Pack","The Philips® LED General Purpose Bulb is designed for commercial and industrial applications, operating at 40 W.",LED General Purpose Bulb,{'Wattage': '40 W'},4 Count Package,,,,,,,,,,,,,,,,,,,,,,,,,LED General Purpose Bulb,Model,576306,,Wattage,40,W,Package Quantity,4,pk,,,,,,,,,,,,,,,,,,,,,,,,,,,,,,,,,,,,,,,,,,,,,,,,,,,,,,,,,,,,,,,,,,,,,,,,,,,,,,,,,,,,,,,,,,,,,,,,,,,,,,,,,,,,,,,,,,,,,,,,,,,,,,,,,,,,,,,,,,,,,,,,,39101628,,,,,,,,,,,,,,,,,,,,,,,,,,,,,,,,,,,,,,,,,,,
,,,,,,,Electrical,Lamps & Bulbs,LED Bulbs,,588533,588533 40W Led Cand 3pk,-- Unbranded --,-- No Unilog Brand --,Philips,Phillips Lighting (5831),Signify North America Corporation,Philips®,,588533,,Electrical>Lamps & Bulbs>LED Bulbs>Standard Bulbs,"Philips, 588533, LED General Purpose Bulb, 3 Pack",LED GNRL PRPS BULB 3PK,"Philips® 588533 LED General Purpose Bulb, 3 Pack","The Philips® LED General Purpose Bulb is designed for commercial and industrial applications, operating at 40 W.",LED General Purpose Bulb,{'Wattage': '40 W'},3 Count Package,,,,,,,,,,,,,,,,,,,,,,,,,LED General Purpose Bulb,Model,588533,,Wattage,40,W,Package Quantity,3,pk,,,,,,,,,,,,,,,,,,,,,,,,,,,,,,,,,,,,,,,,,,,,,,,,,,,,,,,,,,,,,,,,,,,,,,,,,,,,,,,,,,,,,,,,,,,,,,,,,,,,,,,,,,,,,,,,,,,,,,,,,,,,,,,,,,,,,,,,,,,,,,,,,39101628,,,,,,,,,,,,,,,,,,,,,,,,,,,,,,,,,,,,,,,,,,,
,,,,,,,Electrical,Lamps & Bulbs,LED Bulbs,,576520,576520 65W Led Med 27k,-- Unbranded --,-- No Unilog Brand --,Philips,Phillips Lighting (5831),Signify North America Corporation,Philips®,,576520,,Electrical>Lamps & Bulbs>LED Bulbs>MR16 Spotlights,"Philips, 576520, LED MR16 Spotlight Bulb",LED MR16 SPTL BULB,Philips® 576520 LED MR16 Spotlight Bulb,"The Philips® LED MR16 Spotlight Bulb is designed for commercial and industrial applications, operating at 65 W.",LED MR16 Spotlight Bulb,{'Wattage': '65 W'},,,,,,,,,,,,,,,,,,,,,,,,,,LED MR16 Spotlight Bulb,Model,576520,,Wattage,65,W,,,,,,,,,,,,,,,,,,,,,,,,,,,,,,,,,,,,,,,,,,,,,,,,,,,,,,,,,,,,,,,,,,,,,,,,,,,,,,,,,,,,,,,,,,,,,,,,,,,,,,,,,,,,,,,,,,,,,,,,,,,,,,,,,,,,,,,,,,,,,,,,,,,,39101628,,,,,,,,,,,,,,,,,,,,,,,,,,,,,,,,,,,,,,,,,,,
,,,,,,,Electrical,Lamps & Bulbs,LED Bulbs,,574004,574004 75W Led ST19 27k 2pk,-- Unbranded --,-- No Unilog Brand --,Philips,Phillips Lighting (5831),Signify North America Corporation,Philips®,,574004,,Electrical>Lamps & Bulbs>LED Bulbs>Standard Bulbs,"Philips, 574004, LED General Purpose Bulb, 2 Pack",LED GNRL PRPS BULB 2PK,"Philips® 574004 LED General Purpose Bulb, 2 Pack","The Philips® LED General Purpose Bulb is designed for commercial and industrial applications, operating at 75 W.",LED General Purpose Bulb,{'Wattage': '75 W'},2 Count Package,,,,,,,,,,,,,,,,,,,,,,,,,LED General Purpose Bulb,Model,574004,,Wattage,75,W,Package Quantity,2,pk,,,,,,,,,,,,,,,,,,,,,,,,,,,,,,,,,,,,,,,,,,,,,,,,,,,,,,,,,,,,,,,,,,,,,,,,,,,,,,,,,,,,,,,,,,,,,,,,,,,,,,,,,,,,,,,,,,,,,,,,,,,,,,,,,,,,,,,,,,,,,,,,,39101628,,,,,,,,,,,,,,,,,,,,,,,,,,,,,,,,,,,,,,,,,,,
,,,,,,,Electrical,Lamps & Bulbs,LED Bulbs,,574012,574012 75W Led ST19 50k 2pk,-- Unbranded --,-- No Unilog Brand --,Philips,Phillips Lighting (5831),Signify North America Corporation,Philips®,,574012,,Electrical>Lamps & Bulbs>LED Bulbs>Standard Bulbs,"Philips, 574012, LED General Purpose Bulb, 2 Pack",LED GNRL PRPS BULB 2PK,"Philips® 574012 LED General Purpose Bulb, 2 Pack","The Philips® LED General Purpose Bulb is designed for commercial and industrial applications, operating at 75 W.",LED General Purpose Bulb,{'Wattage': '75 W'},2 Count Package,,,,,,,,,,,,,,,,,,,,,,,,,LED General Purpose Bulb,Model,574012,,Wattage,75,W,Package Quantity,2,pk,,,,,,,,,,,,,,,,,,,,,,,,,,,,,,,,,,,,,,,,,,,,,,,,,,,,,,,,,,,,,,,,,,,,,,,,,,,,,,,,,,,,,,,,,,,,,,,,,,,,,,,,,,,,,,,,,,,,,,,,,,,,,,,,,,,,,,,,,,,,,,,,,39101628,,,,,,,,,,,,,,,,,,,,,,,,,,,,,,,,,,,,,,,,,,,
,,,,,,,Electrical,Lamps & Bulbs,LED Bulbs,,573971,573971 75W Led ST19 20k 4pk,-- Unbranded --,-- No Unilog Brand --,Philips,Phillips Lighting (5831),Signify North America Corporation,Philips®,,573971,,Electrical>Lamps & Bulbs>LED Bulbs>Standard Bulbs,"Philips, 573971, LED General Purpose Bulb, 4 Pack",LED GNRL PRPS BULB 4PK,"Philips® 573971 LED General Purpose Bulb, 4 Pack","The Philips® LED General Purpose Bulb is designed for commercial and industrial applications, operating at 75 W.",LED General Purpose Bulb,{'Wattage': '75 W'},4 Count Package,,,,,,,,,,,,,,,,,,,,,,,,,LED General Purpose Bulb,Model,573971,,Wattage,75,W,Package Quantity,4,pk,,,,,,,,,,,,,,,,,,,,,,,,,,,,,,,,,,,,,,,,,,,,,,,,,,,,,,,,,,,,,,,,,,,,,,,,,,,,,,,,,,,,,,,,,,,,,,,,,,,,,,,,,,,,,,,,,,,,,,,,,,,,,,,,,,,,,,,,,,,,,,,,,39101628,,,,,,,,,,,,,,,,,,,,,,,,,,,,,,,,,,,,,,,,,,,
,,,,,,,Electrical,Lamps & Bulbs,LED Bulbs,,573989,573989 40W Led Med 27K 4pk,-- Unbranded --,-- No Unilog Brand --,Philips,Phillips Lighting (5831),Signify North America Corporation,Philips®,,573989,,Electrical>Lamps & Bulbs>LED Bulbs>MR16 Spotlights,"Philips, 573989, LED MR16 Spotlight Bulb, 4 Pack",LED MR16 SPTL BULB 4PK,"Philips® 573989 LED MR16 Spotlight Bulb, 4 Pack","The Philips® LED MR16 Spotlight Bulb is designed for commercial and industrial applications, operating at 40 W.",LED MR16 Spotlight Bulb,{'Wattage': '40 W'},4 Count Package,,,,,,,,,,,,,,,,,,,,,,,,,LED MR16 Spotlight Bulb,Model,573989,,Wattage,40,W,Package Quantity,4,pk,,,,,,,,,,,,,,,,,,,,,,,,,,,,,,,,,,,,,,,,,,,,,,,,,,,,,,,,,,,,,,,,,,,,,,,,,,,,,,,,,,,,,,,,,,,,,,,,,,,,,,,,,,,,,,,,,,,,,,,,,,,,,,,,,,,,,,,,,,,,,,,,,39101628,,,,,,,,,,,,,,,,,,,,,,,,,,,,,,,,,,,,,,,,,,,
,,,,,,,Electrical,Lamps & Bulbs,LED Bulbs,,576769,576769 65W Led BR30 Med 27k,-- Unbranded --,-- No Unilog Brand --,Philips,Phillips Lighting (5831),Signify North America Corporation,Philips®,,576769,,Electrical>Lamps & Bulbs>LED Bulbs>Directional & Reflector Bulbs,"Philips, 576769, LED BR Reflector Bulb",LED BR RFLC BULB,Philips® 576769 LED BR Reflector Bulb,"The Philips® LED BR Reflector Bulb is designed for commercial and industrial applications, operating at 65 W.",LED BR Reflector Bulb,{'Wattage': '65 W'},,,,,,,,,,,,,,,,,,,,,,,,,,LED BR Reflector Bulb,Model,576769,,Wattage,65,W,,,,,,,,,,,,,,,,,,,,,,,,,,,,,,,,,,,,,,,,,,,,,,,,,,,,,,,,,,,,,,,,,,,,,,,,,,,,,,,,,,,,,,,,,,,,,,,,,,,,,,,,,,,,,,,,,,,,,,,,,,,,,,,,,,,,,,,,,,,,,,,,,,,,39101628,,,,,,,,,,,,,,,,,,,,,,,,,,,,,,,,,,,,,,,,,,,
,,,,,,,Electrical,Lamps & Bulbs,LED Bulbs,,567446,567446 60W Led Med 50K 3pk,-- Unbranded --,-- No Unilog Brand --,Philips,Phillips Lighting (5831),Signify North America Corporation,Philips®,,567446,,Electrical>Lamps & Bulbs>LED Bulbs>MR16 Spotlights,"Philips, 567446, LED MR16 Spotlight Bulb, 3 Pack",LED MR16 SPTL BULB 3PK,"Philips® 567446 LED MR16 Spotlight Bulb, 3 Pack","The Philips® LED MR16 Spotlight Bulb is designed for commercial and industrial applications, operating at 60 W.",LED MR16 Spotlight Bulb,{'Wattage': '60 W'},3 Count Package,,,,,,,,,,,,,,,,,,,,,,,,,LED MR16 Spotlight Bulb,Model,567446,,Wattage,60,W,Package Quantity,3,pk,,,,,,,,,,,,,,,,,,,,,,,,,,,,,,,,,,,,,,,,,,,,,,,,,,,,,,,,,,,,,,,,,,,,,,,,,,,,,,,,,,,,,,,,,,,,,,,,,,,,,,,,,,,,,,,,,,,,,,,,,,,,,,,,,,,,,,,,,,,,,,,,,39101628,,,,,,,,,,,,,,,,,,,,,,,,,,,,,,,,,,,,,,,,,,,
,,,,,,,Electrical,Lamps & Bulbs,LED Bulbs,,573997,573997 40W Led Med 50k 4pk,-- Unbranded --,-- No Unilog Brand --,Philips,Phillips Lighting (5831),Signify North America Corporation,Philips®,,573997,,Electrical>Lamps & Bulbs>LED Bulbs>MR16 Spotlights,"Philips, 573997, LED MR16 Spotlight Bulb, 4 Pack",LED MR16 SPTL BULB 4PK,"Philips® 573997 LED MR16 Spotlight Bulb, 4 Pack","The Philips® LED MR16 Spotlight Bulb is designed for commercial and industrial applications, operating at 40 W.",LED MR16 Spotlight Bulb,{'Wattage': '40 W'},4 Count Package,,,,,,,,,,,,,,,,,,,,,,,,,LED MR16 Spotlight Bulb,Model,573997,,Wattage,40,W,Package Quantity,4,pk,,,,,,,,,,,,,,,,,,,,,,,,,,,,,,,,,,,,,,,,,,,,,,,,,,,,,,,,,,,,,,,,,,,,,,,,,,,,,,,,,,,,,,,,,,,,,,,,,,,,,,,,,,,,,,,,,,,,,,,,,,,,,,,,,,,,,,,,,,,,,,,,,39101628,,,,,,,,,,,,,,,,,,,,,,,,,,,,,,,,,,,,,,,,,,,
,,,,,,,Electrical,Lamps & Bulbs,LED Bulbs,,571463,571463 100W Led BR30 Med 50k,-- Unbranded --,-- No Unilog Brand --,Philips,Phillips Lighting (5831),Signify North America Corporation,Philips®,,571463,,Electrical>Lamps & Bulbs>LED Bulbs>Directional & Reflector Bulbs,"Philips, 571463, LED BR Reflector Bulb",LED BR RFLC BULB,Philips® 571463 LED BR Reflector Bulb,"The Philips® LED BR Reflector Bulb is designed for commercial and industrial applications, operating at 100 W.",LED BR Reflector Bulb,{'Wattage': '100 W'},,,,,,,,,,,,,,,,,,,,,,,,,,LED BR Reflector Bulb,Model,571463,,Wattage,100,W,,,,,,,,,,,,,,,,,,,,,,,,,,,,,,,,,,,,,,,,,,,,,,,,,,,,,,,,,,,,,,,,,,,,,,,,,,,,,,,,,,,,,,,,,,,,,,,,,,,,,,,,,,,,,,,,,,,,,,,,,,,,,,,,,,,,,,,,,,,,,,,,,,,,39101628,,,,,,,,,,,,,,,,,,,,,,,,,,,,,,,,,,,,,,,,,,,
,,,,,,,Electrical,Lamps & Bulbs,LED Bulbs,,576512,576512 65W Led BR40 Med 27k,-- Unbranded --,-- No Unilog Brand --,Philips,Phillips Lighting (5831),Signify North America Corporation,Philips®,,576512,,Electrical>Lamps & Bulbs>LED Bulbs>Directional & Reflector Bulbs,"Philips, 576512, LED BR Reflector Bulb",LED BR RFLC BULB,Philips® 576512 LED BR Reflector Bulb,"The Philips® LED BR Reflector Bulb is designed for commercial and industrial applications, operating at 65 W.",LED BR Reflector Bulb,{'Wattage': '65 W'},,,,,,,,,,,,,,,,,,,,,,,,,,LED BR Reflector Bulb,Model,576512,,Wattage,65,W,,,,,,,,,,,,,,,,,,,,,,,,,,,,,,,,,,,,,,,,,,,,,,,,,,,,,,,,,,,,,,,,,,,,,,,,,,,,,,,,,,,,,,,,,,,,,,,,,,,,,,,,,,,,,,,,,,,,,,,,,,,,,,,,,,,,,,,,,,,,,,,,,,,,39101628,,,,,,,,,,,,,,,,,,,,,,,,,,,,,,,,,,,,,,,,,,,
,,,,,,,Electrical,Lamps & Bulbs,LED Bulbs,,581181,581181 40W Led Med 2pk,-- Unbranded --,-- No Unilog Brand --,Philips,Phillips Lighting (5831),Signify North America Corporation,Philips®,,581181,,Electrical>Lamps & Bulbs>LED Bulbs>MR16 Spotlights,"Philips, 581181, LED MR16 Spotlight Bulb, 2 Pack",LED MR16 SPTL BULB 2PK,"Philips® 581181 LED MR16 Spotlight Bulb, 2 Pack","The Philips® LED MR16 Spotlight Bulb is designed for commercial and industrial applications, operating at 40 W.",LED MR16 Spotlight Bulb,{'Wattage': '40 W'},2 Count Package,,,,,,,,,,,,,,,,,,,,,,,,,LED MR16 Spotlight Bulb,Model,581181,,Wattage,40,W,Package Quantity,2,pk,,,,,,,,,,,,,,,,,,,,,,,,,,,,,,,,,,,,,,,,,,,,,,,,,,,,,,,,,,,,,,,,,,,,,,,,,,,,,,,,,,,,,,,,,,,,,,,,,,,,,,,,,,,,,,,,,,,,,,,,,,,,,,,,,,,,,,,,,,,,,,,,,39101628,,,,,,,,,,,,,,,,,,,,,,,,,,,,,,,,,,,,,,,,,,,
,,,,,,,Electrical,Lamps & Bulbs,LED Bulbs,,GT-CB-100C,GTCB100C Led 100W Cob Bulb,-- Unbranded --,-- No Unilog Brand --,GT-Lite,Keystone (5702),GT-Lite Direct,GT-Lite®,,GT-CB-100C,,Electrical>Lamps & Bulbs>LED Bulbs,"GT-Lite Direct GT-Lite, GT-CB-100C, LED Light Bulb",LED LGHT BULB,GT-Lite® GT-CB-100C LED Light Bulb,"The GT-Lite® LED Light Bulb is designed for commercial and industrial applications, operating at 100 W.",LED Light Bulb,{'Wattage': '100 W'},,,,,,,,,,,,,,,,,,,,,,,,,,LED Light Bulb,Model,GT-CB-100C,,Wattage,100,W,,,,,,,,,,,,,,,,,,,,,,,,,,,,,,,,,,,,,,,,,,,,,,,,,,,,,,,,,,,,,,,,,,,,,,,,,,,,,,,,,,,,,,,,,,,,,,,,,,,,,,,,,,,,,,,,,,,,,,,,,,,,,,,,,,,,,,,,,,,,,,,,,,,,39101628,,,,,,,,,,,,,,,,,,,,,,,,,,,,,,,,,,,,,,,,,,,
,,,,,,,Electrical,Lamps & Bulbs,LED Bulbs,,566430,566430 75W Led Med 50k 4pk,-- Unbranded --,-- No Unilog Brand --,Philips,Phillips Lighting (5831),Signify North America Corporation,Philips®,,566430,,Electrical>Lamps & Bulbs>LED Bulbs>MR16 Spotlights,"Philips, 566430, LED MR16 Spotlight Bulb, 4 Pack",LED MR16 SPTL BULB 4PK,"Philips® 566430 LED MR16 Spotlight Bulb, 4 Pack","The Philips® LED MR16 Spotlight Bulb is designed for commercial and industrial applications, operating at 75 W.",LED MR16 Spotlight Bulb,{'Wattage': '75 W'},4 Count Package,,,,,,,,,,,,,,,,,,,,,,,,,LED MR16 Spotlight Bulb,Model,566430,,Wattage,75,W,Package Quantity,4,pk,,,,,,,,,,,,,,,,,,,,,,,,,,,,,,,,,,,,,,,,,,,,,,,,,,,,,,,,,,,,,,,,,,,,,,,,,,,,,,,,,,,,,,,,,,,,,,,,,,,,,,,,,,,,,,,,,,,,,,,,,,,,,,,,,,,,,,,,,,,,,,,,,39101628,,,,,,,,,,,,,,,,,,,,,,,,,,,,,,,,,,,,,,,,,,,
,,,,,,,Electrical,Lamps & Bulbs,LED Bulbs,,568337,568337 120W Led Par38 Med 50k,-- Unbranded --,-- No Unilog Brand --,Philips,Phillips Lighting (5831),Signify North America Corporation,Philips®,,568337,,Electrical>Lamps & Bulbs>LED Bulbs>PAR Flood Bulbs,"Philips, 568337, LED PAR Flood Bulb",LED PAR FLD BULB,Philips® 568337 LED PAR Flood Bulb,"The Philips® LED PAR Flood Bulb is designed for commercial and industrial applications, operating at 120 W.",LED PAR Flood Bulb,{'Wattage': '120 W'},,,,,,,,,,,,,,,,,,,,,,,,,,LED PAR Flood Bulb,Model,568337,,Wattage,120,W,,,,,,,,,,,,,,,,,,,,,,,,,,,,,,,,,,,,,,,,,,,,,,,,,,,,,,,,,,,,,,,,,,,,,,,,,,,,,,,,,,,,,,,,,,,,,,,,,,,,,,,,,,,,,,,,,,,,,,,,,,,,,,,,,,,,,,,,,,,,,,,,,,,,39101628,,,,,,,,,,,,,,,,,,,,,,,,,,,,,,,,,,,,,,,,,,,
,,,,,,,Electrical,Lamps & Bulbs,LED Bulbs,,565788,565788 40W Led A19 Med 27k,-- Unbranded --,-- No Unilog Brand --,Philips,Phillips Lighting (5831),Signify North America Corporation,Philips®,,565788,,Electrical>Lamps & Bulbs>LED Bulbs>Standard Bulbs,"Philips, 565788, LED General Purpose Bulb",LED GNRL PRPS BULB,Philips® 565788 LED General Purpose Bulb,"The Philips® LED General Purpose Bulb is designed for commercial and industrial applications, operating at 40 W.",LED General Purpose Bulb,{'Wattage': '40 W'},,,,,,,,,,,,,,,,,,,,,,,,,,LED General Purpose Bulb,Model,565788,,Wattage,40,W,,,,,,,,,,,,,,,,,,,,,,,,,,,,,,,,,,,,,,,,,,,,,,,,,,,,,,,,,,,,,,,,,,,,,,,,,,,,,,,,,,,,,,,,,,,,,,,,,,,,,,,,,,,,,,,,,,,,,,,,,,,,,,,,,,,,,,,,,,,,,,,,,,,,39101628,,,,,,,,,,,,,,,,,,,,,,,,,,,,,,,,,,,,,,,,,,,
,,,,,,,Electrical,Lamps & Bulbs,LED Bulbs,,565770,565770 40W Led A19 Med 50k,-- Unbranded --,-- No Unilog Brand --,Philips,Phillips Lighting (5831),Signify North America Corporation,Philips®,,565770,,Electrical>Lamps & Bulbs>LED Bulbs>Standard Bulbs,"Philips, 565770, LED General Purpose Bulb",LED GNRL PRPS BULB,Philips® 565770 LED General Purpose Bulb,"The Philips® LED General Purpose Bulb is designed for commercial and industrial applications, operating at 40 W.",LED General Purpose Bulb,{'Wattage': '40 W'},,,,,,,,,,,,,,,,,,,,,,,,,,LED General Purpose Bulb,Model,565770,,Wattage,40,W,,,,,,,,,,,,,,,,,,,,,,,,,,,,,,,,,,,,,,,,,,,,,,,,,,,,,,,,,,,,,,,,,,,,,,,,,,,,,,,,,,,,,,,,,,,,,,,,,,,,,,,,,,,,,,,,,,,,,,,,,,,,,,,,,,,,,,,,,,,,,,,,,,,,39101628,,,,,,,,,,,,,,,,,,,,,,,,,,,,,,,,,,,,,,,,,,,
,,,,,,,Electrical,Lamps & Bulbs,LED Bulbs,,573436,573436 60W Led A19 Med 27k 2pk,-- Unbranded --,-- No Unilog Brand --,Philips,Phillips Lighting (5831),Signify North America Corporation,Philips®,,573436,,Electrical>Lamps & Bulbs>LED Bulbs>Standard Bulbs,"Philips, 573436, LED General Purpose Bulb, 2 Pack",LED GNRL PRPS BULB 2PK,"Philips® 573436 LED General Purpose Bulb, 2 Pack","The Philips® LED General Purpose Bulb is designed for commercial and industrial applications, operating at 60 W.",LED General Purpose Bulb,{'Wattage': '60 W'},2 Count Package,,,,,,,,,,,,,,,,,,,,,,,,,LED General Purpose Bulb,Model,573436,,Wattage,60,W,Package Quantity,2,pk,,,,,,,,,,,,,,,,,,,,,,,,,,,,,,,,,,,,,,,,,,,,,,,,,,,,,,,,,,,,,,,,,,,,,,,,,,,,,,,,,,,,,,,,,,,,,,,,,,,,,,,,,,,,,,,,,,,,,,,,,,,,,,,,,,,,,,,,,,,,,,,,,39101628,,,,,,,,,,,,,,,,,,,,,,,,,,,,,,,,,,,,,,,,,,,
,,,,,,,Electrical,Lamps & Bulbs,LED Bulbs,,576538,576538 65W Led BR30 Med 50k,-- Unbranded --,-- No Unilog Brand --,Philips,Phillips Lighting (5831),Signify North America Corporation,Philips®,,576538,,Electrical>Lamps & Bulbs>LED Bulbs>Directional & Reflector Bulbs,"Philips, 576538, LED BR Reflector Bulb",LED BR RFLC BULB,Philips® 576538 LED BR Reflector Bulb,"The Philips® LED BR Reflector Bulb is designed for commercial and industrial applications, operating at 65 W.",LED BR Reflector Bulb,{'Wattage': '65 W'},,,,,,,,,,,,,,,,,,,,,,,,,,LED BR Reflector Bulb,Model,576538,,Wattage,65,W,,,,,,,,,,,,,,,,,,,,,,,,,,,,,,,,,,,,,,,,,,,,,,,,,,,,,,,,,,,,,,,,,,,,,,,,,,,,,,,,,,,,,,,,,,,,,,,,,,,,,,,,,,,,,,,,,,,,,,,,,,,,,,,,,,,,,,,,,,,,,,,,,,,,39101628,,,,,,,,,,,,,,,,,,,,,,,,,,,,,,,,,,,,,,,,,,,
,,,,,,,Electrical,Lamps & Bulbs,LED Bulbs,,573451,573451 40W Led Med 27k 2pk,-- Unbranded --,-- No Unilog Brand --,Philips,Phillips Lighting (5831),Signify North America Corporation,Philips®,,573451,,Electrical>Lamps & Bulbs>LED Bulbs>MR16 Spotlights,"Philips, 573451, LED MR16 Spotlight Bulb, 2 Pack",LED MR16 SPTL BULB 2PK,"Philips® 573451 LED MR16 Spotlight Bulb, 2 Pack","The Philips® LED MR16 Spotlight Bulb is designed for commercial and industrial applications, operating at 40 W.",LED MR16 Spotlight Bulb,{'Wattage': '40 W'},2 Count Package,,,,,,,,,,,,,,,,,,,,,,,,,LED MR16 Spotlight Bulb,Model,573451,,Wattage,40,W,Package Quantity,2,pk,,,,,,,,,,,,,,,,,,,,,,,,,,,,,,,,,,,,,,,,,,,,,,,,,,,,,,,,,,,,,,,,,,,,,,,,,,,,,,,,,,,,,,,,,,,,,,,,,,,,,,,,,,,,,,,,,,,,,,,,,,,,,,,,,,,,,,,,,,,,,,,,,39101628,,,,,,,,,,,,,,,,,,,,,,,,,,,,,,,,,,,,,,,,,,,
,,,,,,,Electrical,Lamps & Bulbs,LED Bulbs,,586883,586883 100W Led Multi CCT 2pk,-- Unbranded --,-- No Unilog Brand --,Philips,Phillips Lighting (5831),Signify North America Corporation,Philips®,,586883,,Electrical>Lamps & Bulbs>LED Bulbs>MR16 Spotlights,"Philips, 586883, LED MR16 Spotlight Bulb, 2 Pack",LED MR16 SPTL BULB 2PK,"Philips® 586883 LED MR16 Spotlight Bulb, 2 Pack","The Philips® LED MR16 Spotlight Bulb is designed for commercial and industrial applications, operating at 100 W.",LED MR16 Spotlight Bulb,{'Wattage': '100 W'},2 Count Package,,,,,,,,,,,,,,,,,,,,,,,,,LED MR16 Spotlight Bulb,Model,586883,,Wattage,100,W,Package Quantity,2,pk,,,,,,,,,,,,,,,,,,,,,,,,,,,,,,,,,,,,,,,,,,,,,,,,,,,,,,,,,,,,,,,,,,,,,,,,,,,,,,,,,,,,,,,,,,,,,,,,,,,,,,,,,,,,,,,,,,,,,,,,,,,,,,,,,,,,,,,,,,,,,,,,,39101628,,,,,,,,,,,,,,,,,,,,,,,,,,,,,,,,,,,,,,,,,,,
,,,,,,,Electrical,Lamps & Bulbs,LED Bulbs,,586859,586859 40W Led Med 27K Back Up,-- Unbranded --,-- No Unilog Brand --,Philips,Phillips Lighting (5831),Signify North America Corporation,Philips®,,586859,,Electrical>Lamps & Bulbs>LED Bulbs>MR16 Spotlights,"Philips, 586859, LED MR16 Spotlight Bulb",LED MR16 SPTL BULB,Philips® 586859 LED MR16 Spotlight Bulb,"The Philips® LED MR16 Spotlight Bulb is designed for commercial and industrial applications, operating at 40 W.",LED MR16 Spotlight Bulb,{'Wattage': '40 W'},,,,,,,,,,,,,,,,,,,,,,,,,,LED MR16 Spotlight Bulb,Model,586859,,Wattage,40,W,,,,,,,,,,,,,,,,,,,,,,,,,,,,,,,,,,,,,,,,,,,,,,,,,,,,,,,,,,,,,,,,,,,,,,,,,,,,,,,,,,,,,,,,,,,,,,,,,,,,,,,,,,,,,,,,,,,,,,,,,,,,,,,,,,,,,,,,,,,,,,,,,,,,39101628,,,,,,,,,,,,,,,,,,,,,,,,,,,,,,,,,,,,,,,,,,,
,,,,,,,Electrical,Lamps & Bulbs,LED Bulbs,,576488,576488 45W Led R20 Med 50k,-- Unbranded --,-- No Unilog Brand --,Philips,Phillips Lighting (5831),Signify North America Corporation,Philips®,,576488,,Electrical>Lamps & Bulbs>LED Bulbs>MR16 Spotlights,"Philips, 576488, LED MR16 Spotlight Bulb",LED MR16 SPTL BULB,Philips® 576488 LED MR16 Spotlight Bulb,"The Philips® LED MR16 Spotlight Bulb is designed for commercial and industrial applications, operating at 45 W.",LED MR16 Spotlight Bulb,{'Wattage': '45 W'},,,,,,,,,,,,,,,,,,,,,,,,,,LED MR16 Spotlight Bulb,Model,576488,,Wattage,45,W,,,,,,,,,,,,,,,,,,,,,,,,,,,,,,,,,,,,,,,,,,,,,,,,,,,,,,,,,,,,,,,,,,,,,,,,,,,,,,,,,,,,,,,,,,,,,,,,,,,,,,,,,,,,,,,,,,,,,,,,,,,,,,,,,,,,,,,,,,,,,,,,,,,,39101628,,,,,,,,,,,,,,,,,,,,,,,,,,,,,,,,,,,,,,,,,,,
,,,,,,,Electrical,Lamps & Bulbs,LED Bulbs,,575217,575217 60W Led Med 50k 2pk,-- Unbranded --,-- No Unilog Brand --,Philips,Phillips Lighting (5831),Signify North America Corporation,Philips®,,575217,,Electrical>Lamps & Bulbs>LED Bulbs>MR16 Spotlights,"Philips, 575217, LED MR16 Spotlight Bulb, 2 Pack",LED MR16 SPTL BULB 2PK,"Philips® 575217 LED MR16 Spotlight Bulb, 2 Pack","The Philips® LED MR16 Spotlight Bulb is designed for commercial and industrial applications, operating at 60 W.",LED MR16 Spotlight Bulb,{'Wattage': '60 W'},2 Count Package,,,,,,,,,,,,,,,,,,,,,,,,,LED MR16 Spotlight Bulb,Model,575217,,Wattage,60,W,Package Quantity,2,pk,,,,,,,,,,,,,,,,,,,,,,,,,,,,,,,,,,,,,,,,,,,,,,,,,,,,,,,,,,,,,,,,,,,,,,,,,,,,,,,,,,,,,,,,,,,,,,,,,,,,,,,,,,,,,,,,,,,,,,,,,,,,,,,,,,,,,,,,,,,,,,,,,39101628,,,,,,,,,,,,,,,,,,,,,,,,,,,,,,,,,,,,,,,,,,,
,,,,,,,Electrical,Lamps & Bulbs,LED Bulbs,,586479,586479 90W Led Med Multi CCT,-- Unbranded --,-- No Unilog Brand --,Philips,Phillips Lighting (5831),Signify North America Corporation,Philips®,,586479,,Electrical>Lamps & Bulbs>LED Bulbs>MR16 Spotlights,"Philips, 586479, LED MR16 Spotlight Bulb",LED MR16 SPTL BULB,Philips® 586479 LED MR16 Spotlight Bulb,"The Philips® LED MR16 Spotlight Bulb is designed for commercial and industrial applications, operating at 90 W.",LED MR16 Spotlight Bulb,{'Wattage': '90 W'},,,,,,,,,,,,,,,,,,,,,,,,,,LED MR16 Spotlight Bulb,Model,586479,,Wattage,90,W,,,,,,,,,,,,,,,,,,,,,,,,,,,,,,,,,,,,,,,,,,,,,,,,,,,,,,,,,,,,,,,,,,,,,,,,,,,,,,,,,,,,,,,,,,,,,,,,,,,,,,,,,,,,,,,,,,,,,,,,,,,,,,,,,,,,,,,,,,,,,,,,,,,,39101628,,,,,,,,,,,,,,,,,,,,,,,,,,,,,,,,,,,,,,,,,,,
,,,,,,,Electrical,Lamps & Bulbs,LED Bulbs,,571471,571471 100W Led BR30 Med 27k,-- Unbranded --,-- No Unilog Brand --,Philips,Phillips Lighting (5831),Signify North America Corporation,Philips®,,571471,,Electrical>Lamps & Bulbs>LED Bulbs>Directional & Reflector Bulbs,"Philips, 571471, LED BR Reflector Bulb",LED BR RFLC BULB,Philips® 571471 LED BR Reflector Bulb,"The Philips® LED BR Reflector Bulb is designed for commercial and industrial applications, operating at 100 W.",LED BR Reflector Bulb,{'Wattage': '100 W'},,,,,,,,,,,,,,,,,,,,,,,,,,LED BR Reflector Bulb,Model,571471,,Wattage,100,W,,,,,,,,,,,,,,,,,,,,,,,,,,,,,,,,,,,,,,,,,,,,,,,,,,,,,,,,,,,,,,,,,,,,,,,,,,,,,,,,,,,,,,,,,,,,,,,,,,,,,,,,,,,,,,,,,,,,,,,,,,,,,,,,,,,,,,,,,,,,,,,,,,,,39101628,,,,,,,,,,,,,,,,,,,,,,,,,,,,,,,,,,,,,,,,,,,
,,,,,,,Electrical,Lamps & Bulbs,LED Bulbs,,570762,570762 50W Led Par16 30k 3pk,-- Unbranded --,-- No Unilog Brand --,Philips,Phillips Lighting (5831),Signify North America Corporation,Philips®,,570762,,Electrical>Lamps & Bulbs>LED Bulbs>PAR Flood Bulbs,"Philips, 570762, LED PAR Flood Bulb, 3 Pack",LED PAR FLD BULB 3PK,"Philips® 570762 LED PAR Flood Bulb, 3 Pack","The Philips® LED PAR Flood Bulb is designed for commercial and industrial applications, operating at 50 W.",LED PAR Flood Bulb,{'Wattage': '50 W'},3 Count Package,,,,,,,,,,,,,,,,,,,,,,,,,LED PAR Flood Bulb,Model,570762,,Wattage,50,W,Package Quantity,3,pk,,,,,,,,,,,,,,,,,,,,,,,,,,,,,,,,,,,,,,,,,,,,,,,,,,,,,,,,,,,,,,,,,,,,,,,,,,,,,,,,,,,,,,,,,,,,,,,,,,,,,,,,,,,,,,,,,,,,,,,,,,,,,,,,,,,,,,,,,,,,,,,,,39101628,,,,,,,,,,,,,,,,,,,,,,,,,,,,,,,,,,,,,,,,,,,
,,,,,,,Electrical,Lamps & Bulbs,LED Bulbs,,533352,571505 150W Led Med 50k,-- Unbranded --,-- No Unilog Brand --,Philips,Phillips Lighting (5831),Signify North America Corporation,Philips®,,533352,,Electrical>Lamps & Bulbs>LED Bulbs>MR16 Spotlights,"Philips, 533352, LED MR16 Spotlight Bulb",LED MR16 SPTL BULB,Philips® 533352 LED MR16 Spotlight Bulb,"The Philips® LED MR16 Spotlight Bulb is designed for commercial and industrial applications, operating at 150 W.",LED MR16 Spotlight Bulb,{'Wattage': '150 W'},,,,,,,,,,,,,,,,,,,,,,,,,,LED MR16 Spotlight Bulb,Model,533352,,Wattage,150,W,,,,,,,,,,,,,,,,,,,,,,,,,,,,,,,,,,,,,,,,,,,,,,,,,,,,,,,,,,,,,,,,,,,,,,,,,,,,,,,,,,,,,,,,,,,,,,,,,,,,,,,,,,,,,,,,,,,,,,,,,,,,,,,,,,,,,,,,,,,,,,,,,,,,39101628,,,,,,,,,,,,,,,,,,,,,,,,,,,,,,,,,,,,,,,,,,,
,,,,,,,Electrical,Lamps & Bulbs,LED Bulbs,,573519,573519 100W Led A21 27k 2pk,-- Unbranded --,-- No Unilog Brand --,Philips,Phillips Lighting (5831),Signify North America Corporation,Philips®,,573519,,Electrical>Lamps & Bulbs>LED Bulbs>Standard Bulbs,"Philips, 573519, LED General Purpose Bulb, 2 Pack",LED GNRL PRPS BULB 2PK,"Philips® 573519 LED General Purpose Bulb, 2 Pack","The Philips® LED General Purpose Bulb is designed for commercial and industrial applications, operating at 100 W.",LED General Purpose Bulb,{'Wattage': '100 W'},2 Count Package,,,,,,,,,,,,,,,,,,,,,,,,,LED General Purpose Bulb,Model,573519,,Wattage,100,W,Package Quantity,2,pk,,,,,,,,,,,,,,,,,,,,,,,,,,,,,,,,,,,,,,,,,,,,,,,,,,,,,,,,,,,,,,,,,,,,,,,,,,,,,,,,,,,,,,,,,,,,,,,,,,,,,,,,,,,,,,,,,,,,,,,,,,,,,,,,,,,,,,,,,,,,,,,,,39101628,,,,,,,,,,,,,,,,,,,,,,,,,,,,,,,,,,,,,,,,,,,
,,,,,,,Electrical,Lamps & Bulbs,LED Bulbs,,573378,573378 60W Led Med 27k 3pk,-- Unbranded --,-- No Unilog Brand --,Philips,Phillips Lighting (5831),Signify North America Corporation,Philips®,,573378,,Electrical>Lamps & Bulbs>LED Bulbs>MR16 Spotlights,"Philips, 573378, LED MR16 Spotlight Bulb, 3 Pack",LED MR16 SPTL BULB 3PK,"Philips® 573378 LED MR16 Spotlight Bulb, 3 Pack","The Philips® LED MR16 Spotlight Bulb is designed for commercial and industrial applications, operating at 60 W.",LED MR16 Spotlight Bulb,{'Wattage': '60 W'},3 Count Package,,,,,,,,,,,,,,,,,,,,,,,,,LED MR16 Spotlight Bulb,Model,573378,,Wattage,60,W,Package Quantity,3,pk,,,,,,,,,,,,,,,,,,,,,,,,,,,,,,,,,,,,,,,,,,,,,,,,,,,,,,,,,,,,,,,,,,,,,,,,,,,,,,,,,,,,,,,,,,,,,,,,,,,,,,,,,,,,,,,,,,,,,,,,,,,,,,,,,,,,,,,,,,,,,,,,,39101628,,,,,,,,,,,,,,,,,,,,,,,,,,,,,,,,,,,,,,,,,,,
,,,,,,,Electrical,Lamps & Bulbs,LED Bulbs,,565622,565622 60W Led Med 20k,-- Unbranded --,-- No Unilog Brand --,Philips,Phillips Lighting (5831),Signify North America Corporation,Philips®,,565622,,Electrical>Lamps & Bulbs>LED Bulbs>MR16 Spotlights,"Philips, 565622, LED MR16 Spotlight Bulb",LED MR16 SPTL BULB,Philips® 565622 LED MR16 Spotlight Bulb,"The Philips® LED MR16 Spotlight Bulb is designed for commercial and industrial applications, operating at 60 W.",LED MR16 Spotlight Bulb,{'Wattage': '60 W'},,,,,,,,,,,,,,,,,,,,,,,,,,LED MR16 Spotlight Bulb,Model,565622,,Wattage,60,W,,,,,,,,,,,,,,,,,,,,,,,,,,,,,,,,,,,,,,,,,,,,,,,,,,,,,,,,,,,,,,,,,,,,,,,,,,,,,,,,,,,,,,,,,,,,,,,,,,,,,,,,,,,,,,,,,,,,,,,,,,,,,,,,,,,,,,,,,,,,,,,,,,,,39101628,,,,,,,,,,,,,,,,,,,,,,,,,,,,,,,,,,,,,,,,,,,
,,,,,,,Electrical,Lamps & Bulbs,LED Bulbs,,586891,586891 Led 60W Med A19 27k,-- Unbranded --,-- No Unilog Brand --,Philips,Phillips Lighting (5831),Signify North America Corporation,Philips®,,586891,,Electrical>Lamps & Bulbs>LED Bulbs>Standard Bulbs,"Philips, 586891, LED General Purpose Bulb",LED GNRL PRPS BULB,Philips® 586891 LED General Purpose Bulb,"The Philips® LED General Purpose Bulb is designed for commercial and industrial applications, operating at 60 W.",LED General Purpose Bulb,{'Wattage': '60 W'},,,,,,,,,,,,,,,,,,,,,,,,,,LED General Purpose Bulb,Model,586891,,Wattage,60,W,,,,,,,,,,,,,,,,,,,,,,,,,,,,,,,,,,,,,,,,,,,,,,,,,,,,,,,,,,,,,,,,,,,,,,,,,,,,,,,,,,,,,,,,,,,,,,,,,,,,,,,,,,,,,,,,,,,,,,,,,,,,,,,,,,,,,,,,,,,,,,,,,,,,39101628,,,,,,,,,,,,,,,,,,,,,,,,,,,,,,,,,,,,,,,,,,,
,,,,,,,Electrical,Lamps & Bulbs,LED Bulbs,,585448,585448 120W Led Motion Bulb,-- Unbranded --,-- No Unilog Brand --,Philips,Phillips Lighting (5831),Signify North America Corporation,Philips®,,585448,,Electrical>Lamps & Bulbs>LED Bulbs,"Philips, 585448, LED Light Bulb",LED LGHT BULB,Philips® 585448 LED Light Bulb,"The Philips® LED Light Bulb is designed for commercial and industrial applications, operating at 120 W.",LED Light Bulb,{'Wattage': '120 W'},,,,,,,,,,,,,,,,,,,,,,,,,,LED Light Bulb,Model,585448,,Wattage,120,W,,,,,,,,,,,,,,,,,,,,,,,,,,,,,,,,,,,,,,,,,,,,,,,,,,,,,,,,,,,,,,,,,,,,,,,,,,,,,,,,,,,,,,,,,,,,,,,,,,,,,,,,,,,,,,,,,,,,,,,,,,,,,,,,,,,,,,,,,,,,,,,,,,,,39101628,,,,,,,,,,,,,,,,,,,,,,,,,,,,,,,,,,,,,,,,,,,
,,,,,,,Electrical,Lamps & Bulbs,LED Bulbs,,573444,573444 60W Led A19 Med 50k 2pk,-- Unbranded --,-- No Unilog Brand --,Philips,Phillips Lighting (5831),Signify North America Corporation,Philips®,,573444,,Electrical>Lamps & Bulbs>LED Bulbs>Standard Bulbs,"Philips, 573444, LED General Purpose Bulb, 2 Pack",LED GNRL PRPS BULB 2PK,"Philips® 573444 LED General Purpose Bulb, 2 Pack","The Philips® LED General Purpose Bulb is designed for commercial and industrial applications, operating at 60 W.",LED General Purpose Bulb,{'Wattage': '60 W'},2 Count Package,,,,,,,,,,,,,,,,,,,,,,,,,LED General Purpose Bulb,Model,573444,,Wattage,60,W,Package Quantity,2,pk,,,,,,,,,,,,,,,,,,,,,,,,,,,,,,,,,,,,,,,,,,,,,,,,,,,,,,,,,,,,,,,,,,,,,,,,,,,,,,,,,,,,,,,,,,,,,,,,,,,,,,,,,,,,,,,,,,,,,,,,,,,,,,,,,,,,,,,,,,,,,,,,,39101628,,,,,,,,,,,,,,,,,,,,,,,,,,,,,,,,,,,,,,,,,,,
,,,,,,,Electrical,Lamps & Bulbs,LED Bulbs,,566687,566687 60W Cand Led 27k 3pk,-- Unbranded --,-- No Unilog Brand --,Philips,Phillips Lighting (5831),Signify North America Corporation,Philips®,,566687,,Electrical>Lamps & Bulbs>LED Bulbs>Standard Bulbs,"Philips, 566687, LED General Purpose Bulb, 3 Pack",LED GNRL PRPS BULB 3PK,"Philips® 566687 LED General Purpose Bulb, 3 Pack","The Philips® LED General Purpose Bulb is designed for commercial and industrial applications, operating at 60 W.",LED General Purpose Bulb,{'Wattage': '60 W'},3 Count Package,,,,,,,,,,,,,,,,,,,,,,,,,LED General Purpose Bulb,Model,566687,,Wattage,60,W,Package Quantity,3,pk,,,,,,,,,,,,,,,,,,,,,,,,,,,,,,,,,,,,,,,,,,,,,,,,,,,,,,,,,,,,,,,,,,,,,,,,,,,,,,,,,,,,,,,,,,,,,,,,,,,,,,,,,,,,,,,,,,,,,,,,,,,,,,,,,,,,,,,,,,,,,,,,,39101628,,,,,,,,,,,,,,,,,,,,,,,,,,,,,,,,,,,,,,,,,,,
,,,,,,,Electrical,Lamps & Bulbs,LED Bulbs,,564385,564385 40w Led Med 27k 2pk,-- Unbranded --,-- No Unilog Brand --,Philips,Phillips Lighting (5831),Signify North America Corporation,Philips®,,564385,,Electrical>Lamps & Bulbs>LED Bulbs>MR16 Spotlights,"Philips, 564385, LED MR16 Spotlight Bulb, 2 Pack",LED MR16 SPTL BULB 2PK,"Philips® 564385 LED MR16 Spotlight Bulb, 2 Pack","The Philips® LED MR16 Spotlight Bulb is designed for commercial and industrial applications, operating at 40 W.",LED MR16 Spotlight Bulb,{'Wattage': '40 W'},2 Count Package,,,,,,,,,,,,,,,,,,,,,,,,,LED MR16 Spotlight Bulb,Model,564385,,Wattage,40,W,Package Quantity,2,pk,,,,,,,,,,,,,,,,,,,,,,,,,,,,,,,,,,,,,,,,,,,,,,,,,,,,,,,,,,,,,,,,,,,,,,,,,,,,,,,,,,,,,,,,,,,,,,,,,,,,,,,,,,,,,,,,,,,,,,,,,,,,,,,,,,,,,,,,,,,,,,,,,39101628,,,,,,,,,,,,,,,,,,,,,,,,,,,,,,,,,,,,,,,,,,,
,,,,,,,Electrical,Lamps & Bulbs,LED Bulbs,,566661,566661 40W LED Cand 27k 3pk,-- Unbranded --,-- No Unilog Brand --,Philips,Phillips Lighting (5831),Signify North America Corporation,Philips®,,566661,,Electrical>Lamps & Bulbs>LED Bulbs>Standard Bulbs,"Philips, 566661, LED General Purpose Bulb, 3 Pack",LED GNRL PRPS BULB 3PK,"Philips® 566661 LED General Purpose Bulb, 3 Pack","The Philips® LED General Purpose Bulb is designed for commercial and industrial applications, operating at 40 W.",LED General Purpose Bulb,{'Wattage': '40 W'},3 Count Package,,,,,,,,,,,,,,,,,,,,,,,,,LED General Purpose Bulb,Model,566661,,Wattage,40,W,Package Quantity,3,pk,,,,,,,,,,,,,,,,,,,,,,,,,,,,,,,,,,,,,,,,,,,,,,,,,,,,,,,,,,,,,,,,,,,,,,,,,,,,,,,,,,,,,,,,,,,,,,,,,,,,,,,,,,,,,,,,,,,,,,,,,,,,,,,,,,,,,,,,,,,,,,,,,39101628,,,,,,,,,,,,,,,,,,,,,,,,,,,,,,,,,,,,,,,,,,,
,,,,,,,Electrical,Lamps & Bulbs,LED Bulbs,,564898,564898 60W Cand Led 50k 3pk,-- Unbranded --,-- No Unilog Brand --,Philips,Phillips Lighting (5831),Signify North America Corporation,Philips®,,564898,,Electrical>Lamps & Bulbs>LED Bulbs>Standard Bulbs,"Philips, 564898, LED General Purpose Bulb, 3 Pack",LED GNRL PRPS BULB 3PK,"Philips® 564898 LED General Purpose Bulb, 3 Pack","The Philips® LED General Purpose Bulb is designed for commercial and industrial applications, operating at 60 W.",LED General Purpose Bulb,{'Wattage': '60 W'},3 Count Package,,,,,,,,,,,,,,,,,,,,,,,,,LED General Purpose Bulb,Model,564898,,Wattage,60,W,Package Quantity,3,pk,,,,,,,,,,,,,,,,,,,,,,,,,,,,,,,,,,,,,,,,,,,,,,,,,,,,,,,,,,,,,,,,,,,,,,,,,,,,,,,,,,,,,,,,,,,,,,,,,,,,,,,,,,,,,,,,,,,,,,,,,,,,,,,,,,,,,,,,,,,,,,,,,39101628,,,,,,,,,,,,,,,,,,,,,,,,,,,,,,,,,,,,,,,,,,,
,,,,,,,Electrical,Lamps & Bulbs,LED Bulbs,,538319,588525 40W Led Cand 3pk,-- Unbranded --,-- No Unilog Brand --,Philips,Phillips Lighting (5831),Signify North America Corporation,Philips®,,538319,,Electrical>Lamps & Bulbs>LED Bulbs>Standard Bulbs,"Philips, 538319, LED General Purpose Bulb, 3 Pack",LED GNRL PRPS BULB 3PK,"Philips® 538319 LED General Purpose Bulb, 3 Pack","The Philips® LED General Purpose Bulb is designed for commercial and industrial applications, operating at 40 W.",LED General Purpose Bulb,{'Wattage': '40 W'},3 Count Package,,,,,,,,,,,,,,,,,,,,,,,,,LED General Purpose Bulb,Model,538319,,Wattage,40,W,Package Quantity,3,pk,,,,,,,,,,,,,,,,,,,,,,,,,,,,,,,,,,,,,,,,,,,,,,,,,,,,,,,,,,,,,,,,,,,,,,,,,,,,,,,,,,,,,,,,,,,,,,,,,,,,,,,,,,,,,,,,,,,,,,,,,,,,,,,,,,,,,,,,,,,,,,,,,39101628,,,,,,,,,,,,,,,,,,,,,,,,,,,,,,,,,,,,,,,,,,,
,,,,,,,Electrical,Lamps & Bulbs,LED Bulbs,,576009,576009 100W Led Par30L Med 50k,-- Unbranded --,-- No Unilog Brand --,Philips,Phillips Lighting (5831),Signify North America Corporation,Philips®,,576009,,Electrical>Lamps & Bulbs>LED Bulbs>MR16 Spotlights,"Philips, 576009, LED MR16 Spotlight Bulb",LED MR16 SPTL BULB,Philips® 576009 LED MR16 Spotlight Bulb,"The Philips® LED MR16 Spotlight Bulb is designed for commercial and industrial applications, operating at 100 W.",LED MR16 Spotlight Bulb,{'Wattage': '100 W'},,,,,,,,,,,,,,,,,,,,,,,,,,LED MR16 Spotlight Bulb,Model,576009,,Wattage,100,W,,,,,,,,,,,,,,,,,,,,,,,,,,,,,,,,,,,,,,,,,,,,,,,,,,,,,,,,,,,,,,,,,,,,,,,,,,,,,,,,,,,,,,,,,,,,,,,,,,,,,,,,,,,,,,,,,,,,,,,,,,,,,,,,,,,,,,,,,,,,,,,,,,,,39101628,,,,,,,,,,,,,,,,,,,,,,,,,,,,,,,,,,,,,,,,,,,
,,,,,,,Electrical,Lamps & Bulbs,LED Bulbs,,564450,564450 40W Led Cand 27k 2pk,-- Unbranded --,-- No Unilog Brand --,Philips,Phillips Lighting (5831),Signify North America Corporation,Philips®,,564450,,Electrical>Lamps & Bulbs>LED Bulbs>Standard Bulbs,"Philips, 564450, LED General Purpose Bulb, 2 Pack",LED GNRL PRPS BULB 2PK,"Philips® 564450 LED General Purpose Bulb, 2 Pack","The Philips® LED General Purpose Bulb is designed for commercial and industrial applications, operating at 40 W.",LED General Purpose Bulb,{'Wattage': '40 W'},2 Count Package,,,,,,,,,,,,,,,,,,,,,,,,,LED General Purpose Bulb,Model,564450,,Wattage,40,W,Package Quantity,2,pk,,,,,,,,,,,,,,,,,,,,,,,,,,,,,,,,,,,,,,,,,,,,,,,,,,,,,,,,,,,,,,,,,,,,,,,,,,,,,,,,,,,,,,,,,,,,,,,,,,,,,,,,,,,,,,,,,,,,,,,,,,,,,,,,,,,,,,,,,,,,,,,,,39101628,,,,,,,,,,,,,,,,,,,,,,,,,,,,,,,,,,,,,,,,,,,
,,,,,,,Electrical,Lamps & Bulbs,LED Bulbs,,572669,572669 60W Led F15 Med 27k,-- Unbranded --,-- No Unilog Brand --,Philips,Phillips Lighting (5831),Signify North America Corporation,Philips®,,572669,,Electrical>Lamps & Bulbs>LED Bulbs>MR16 Spotlights,"Philips, 572669, LED MR16 Spotlight Bulb",LED MR16 SPTL BULB,Philips® 572669 LED MR16 Spotlight Bulb,"The Philips® LED MR16 Spotlight Bulb is designed for commercial and industrial applications, operating at 60 W.",LED MR16 Spotlight Bulb,{'Wattage': '60 W'},,,,,,,,,,,,,,,,,,,,,,,,,,LED MR16 Spotlight Bulb,Model,572669,,Wattage,60,W,,,,,,,,,,,,,,,,,,,,,,,,,,,,,,,,,,,,,,,,,,,,,,,,,,,,,,,,,,,,,,,,,,,,,,,,,,,,,,,,,,,,,,,,,,,,,,,,,,,,,,,,,,,,,,,,,,,,,,,,,,,,,,,,,,,,,,,,,,,,,,,,,,,,39101628,,,,,,,,,,,,,,,,,,,,,,,,,,,,,,,,,,,,,,,,,,,
,,,,,,,Electrical,Lamps & Bulbs,LED Bulbs,,564906,564906 60W Led Med 27k 2pk,-- Unbranded --,-- No Unilog Brand --,Philips,Phillips Lighting (5831),Signify North America Corporation,Philips®,,564906,,Electrical>Lamps & Bulbs>LED Bulbs>MR16 Spotlights,"Philips, 564906, LED MR16 Spotlight Bulb, 2 Pack",LED MR16 SPTL BULB 2PK,"Philips® 564906 LED MR16 Spotlight Bulb, 2 Pack","The Philips® LED MR16 Spotlight Bulb is designed for commercial and industrial applications, operating at 60 W.",LED MR16 Spotlight Bulb,{'Wattage': '60 W'},2 Count Package,,,,,,,,,,,,,,,,,,,,,,,,,LED MR16 Spotlight Bulb,Model,564906,,Wattage,60,W,Package Quantity,2,pk,,,,,,,,,,,,,,,,,,,,,,,,,,,,,,,,,,,,,,,,,,,,,,,,,,,,,,,,,,,,,,,,,,,,,,,,,,,,,,,,,,,,,,,,,,,,,,,,,,,,,,,,,,,,,,,,,,,,,,,,,,,,,,,,,,,,,,,,,,,,,,,,,39101628,,,,,,,,,,,,,,,,,,,,,,,,,,,,,,,,,,,,,,,,,,,
,,,,,,,Electrical,Lamps & Bulbs,LED Bulbs,,573410,573410 40W Led A19 Med 27k 2pk,-- Unbranded --,-- No Unilog Brand --,Philips,Phillips Lighting (5831),Signify North America Corporation,Philips®,,573410,,Electrical>Lamps & Bulbs>LED Bulbs>Standard Bulbs,"Philips, 573410, LED General Purpose Bulb, 2 Pack",LED GNRL PRPS BULB 2PK,"Philips® 573410 LED General Purpose Bulb, 2 Pack","The Philips® LED General Purpose Bulb is designed for commercial and industrial applications, operating at 40 W.",LED General Purpose Bulb,{'Wattage': '40 W'},2 Count Package,,,,,,,,,,,,,,,,,,,,,,,,,LED General Purpose Bulb,Model,573410,,Wattage,40,W,Package Quantity,2,pk,,,,,,,,,,,,,,,,,,,,,,,,,,,,,,,,,,,,,,,,,,,,,,,,,,,,,,,,,,,,,,,,,,,,,,,,,,,,,,,,,,,,,,,,,,,,,,,,,,,,,,,,,,,,,,,,,,,,,,,,,,,,,,,,,,,,,,,,,,,,,,,,,39101628,,,,,,,,,,,,,,,,,,,,,,,,,,,,,,,,,,,,,,,,,,,
,,,,,,,Electrical,Lamps & Bulbs,LED Bulbs,,576504,576504 65W Led BR40 Med 50k,-- Unbranded --,-- No Unilog Brand --,Philips,Phillips Lighting (5831),Signify North America Corporation,Philips®,,576504,,Electrical>Lamps & Bulbs>LED Bulbs>Directional & Reflector Bulbs,"Philips, 576504, LED BR Reflector Bulb",LED BR RFLC BULB,Philips® 576504 LED BR Reflector Bulb,"The Philips® LED BR Reflector Bulb is designed for commercial and industrial applications, operating at 65 W.",LED BR Reflector Bulb,{'Wattage': '65 W'},,,,,,,,,,,,,,,,,,,,,,,,,,LED BR Reflector Bulb,Model,576504,,Wattage,65,W,,,,,,,,,,,,,,,,,,,,,,,,,,,,,,,,,,,,,,,,,,,,,,,,,,,,,,,,,,,,,,,,,,,,,,,,,,,,,,,,,,,,,,,,,,,,,,,,,,,,,,,,,,,,,,,,,,,,,,,,,,,,,,,,,,,,,,,,,,,,,,,,,,,,39101628,,,,,,,,,,,,,,,,,,,,,,,,,,,,,,,,,,,,,,,,,,,
,,,,,,,Electrical,Lamps & Bulbs,LED Bulbs,,576017,576017 100W Led Par30L Med 30k,-- Unbranded --,-- No Unilog Brand --,Philips,Phillips Lighting (5831),Signify North America Corporation,Philips®,,576017,,Electrical>Lamps & Bulbs>LED Bulbs>MR16 Spotlights,"Philips, 576017, LED MR16 Spotlight Bulb",LED MR16 SPTL BULB,Philips® 576017 LED MR16 Spotlight Bulb,"The Philips® LED MR16 Spotlight Bulb is designed for commercial and industrial applications, operating at 100 W.",LED MR16 Spotlight Bulb,{'Wattage': '100 W'},,,,,,,,,,,,,,,,,,,,,,,,,,LED MR16 Spotlight Bulb,Model,576017,,Wattage,100,W,,,,,,,,,,,,,,,,,,,,,,,,,,,,,,,,,,,,,,,,,,,,,,,,,,,,,,,,,,,,,,,,,,,,,,,,,,,,,,,,,,,,,,,,,,,,,,,,,,,,,,,,,,,,,,,,,,,,,,,,,,,,,,,,,,,,,,,,,,,,,,,,,,,,39101628,,,,,,,,,,,,,,,,,,,,,,,,,,,,,,,,,,,,,,,,,,,
,,,,,,,Electrical,Lamps & Bulbs,LED Bulbs,,574392,574392 40W Led B11 Med 27k 3pk,-- Unbranded --,-- No Unilog Brand --,Philips,Phillips Lighting (5831),Signify North America Corporation,Philips®,,574392,,Electrical>Lamps & Bulbs>LED Bulbs>MR16 Spotlights,"Philips, 574392, LED MR16 Spotlight Bulb, 3 Pack",LED MR16 SPTL BULB 3PK,"Philips® 574392 LED MR16 Spotlight Bulb, 3 Pack","The Philips® LED MR16 Spotlight Bulb is designed for commercial and industrial applications, operating at 40 W.",LED MR16 Spotlight Bulb,{'Wattage': '40 W'},3 Count Package,,,,,,,,,,,,,,,,,,,,,,,,,LED MR16 Spotlight Bulb,Model,574392,,Wattage,40,W,Package Quantity,3,pk,,,,,,,,,,,,,,,,,,,,,,,,,,,,,,,,,,,,,,,,,,,,,,,,,,,,,,,,,,,,,,,,,,,,,,,,,,,,,,,,,,,,,,,,,,,,,,,,,,,,,,,,,,,,,,,,,,,,,,,,,,,,,,,,,,,,,,,,,,,,,,,,,39101628,,,,,,,,,,,,,,,,,,,,,,,,,,,,,,,,,,,,,,,,,,,
,,,,,,,Electrical,Lamps & Bulbs,LED Bulbs,,576751,576751 65W Led BR30 Med 3pk,-- Unbranded --,-- No Unilog Brand --,Philips,Phillips Lighting (5831),Signify North America Corporation,Philips®,,576751,,Electrical>Lamps & Bulbs>LED Bulbs>Directional & Reflector Bulbs,"Philips, 576751, LED BR Reflector Bulb, 3 Pack",LED BR RFLC BULB 3PK,"Philips® 576751 LED BR Reflector Bulb, 3 Pack","The Philips® LED BR Reflector Bulb is designed for commercial and industrial applications, operating at 65 W.",LED BR Reflector Bulb,{'Wattage': '65 W'},3 Count Package,,,,,,,,,,,,,,,,,,,,,,,,,LED BR Reflector Bulb,Model,576751,,Wattage,65,W,Package Quantity,3,pk,,,,,,,,,,,,,,,,,,,,,,,,,,,,,,,,,,,,,,,,,,,,,,,,,,,,,,,,,,,,,,,,,,,,,,,,,,,,,,,,,,,,,,,,,,,,,,,,,,,,,,,,,,,,,,,,,,,,,,,,,,,,,,,,,,,,,,,,,,,,,,,,,39101628,,,,,,,,,,,,,,,,,,,,,,,,,,,,,,,,,,,,,,,,,,,
,,,,,,,Electrical,Lamps & Bulbs,LED Bulbs,,583161,583161 Led 65W Med BR30 3pk,-- Unbranded --,-- No Unilog Brand --,Philips,Phillips Lighting (5831),Signify North America Corporation,Philips®,,583161,,Electrical>Lamps & Bulbs>LED Bulbs>Directional & Reflector Bulbs,"Philips, 583161, LED BR Reflector Bulb, 3 Pack",LED BR RFLC BULB 3PK,"Philips® 583161 LED BR Reflector Bulb, 3 Pack","The Philips® LED BR Reflector Bulb is designed for commercial and industrial applications, operating at 65 W.",LED BR Reflector Bulb,{'Wattage': '65 W'},3 Count Package,,,,,,,,,,,,,,,,,,,,,,,,,LED BR Reflector Bulb,Model,583161,,Wattage,65,W,Package Quantity,3,pk,,,,,,,,,,,,,,,,,,,,,,,,,,,,,,,,,,,,,,,,,,,,,,,,,,,,,,,,,,,,,,,,,,,,,,,,,,,,,,,,,,,,,,,,,,,,,,,,,,,,,,,,,,,,,,,,,,,,,,,,,,,,,,,,,,,,,,,,,,,,,,,,,39101628,,,,,,,,,,,,,,,,,,,,,,,,,,,,,,,,,,,,,,,,,,,
,,,,,,,Electrical,Lamps & Bulbs,LED Bulbs,,566695,566695 60W Led Med 27k 3pk,-- Unbranded --,-- No Unilog Brand --,Philips,Phillips Lighting (5831),Signify North America Corporation,Philips®,,566695,,Electrical>Lamps & Bulbs>LED Bulbs>MR16 Spotlights,"Philips, 566695, LED MR16 Spotlight Bulb, 3 Pack",LED MR16 SPTL BULB 3PK,"Philips® 566695 LED MR16 Spotlight Bulb, 3 Pack","The Philips® LED MR16 Spotlight Bulb is designed for commercial and industrial applications, operating at 60 W.",LED MR16 Spotlight Bulb,{'Wattage': '60 W'},3 Count Package,,,,,,,,,,,,,,,,,,,,,,,,,LED MR16 Spotlight Bulb,Model,566695,,Wattage,60,W,Package Quantity,3,pk,,,,,,,,,,,,,,,,,,,,,,,,,,,,,,,,,,,,,,,,,,,,,,,,,,,,,,,,,,,,,,,,,,,,,,,,,,,,,,,,,,,,,,,,,,,,,,,,,,,,,,,,,,,,,,,,,,,,,,,,,,,,,,,,,,,,,,,,,,,,,,,,,39101628,,,,,,,,,,,,,,,,,,,,,,,,,,,,,,,,,,,,,,,,,,,
,,,,,,,Electrical,Lamps & Bulbs,LED Bulbs,,577007,577007 125W Led Med 30k Flood,-- Unbranded --,-- No Unilog Brand --,Philips,Phillips Lighting (5831),Signify North America Corporation,Philips®,,577007,,Electrical>Lamps & Bulbs>LED Bulbs>PAR Flood Bulbs,"Philips, 577007, LED PAR Flood Bulb",LED PAR FLD BULB,Philips® 577007 LED PAR Flood Bulb,"The Philips® LED PAR Flood Bulb is designed for commercial and industrial applications, operating at 125 W.",LED PAR Flood Bulb,{'Wattage': '125 W'},,,,,,,,,,,,,,,,,,,,,,,,,,LED PAR Flood Bulb,Model,577007,,Wattage,125,W,,,,,,,,,,,,,,,,,,,,,,,,,,,,,,,,,,,,,,,,,,,,,,,,,,,,,,,,,,,,,,,,,,,,,,,,,,,,,,,,,,,,,,,,,,,,,,,,,,,,,,,,,,,,,,,,,,,,,,,,,,,,,,,,,,,,,,,,,,,,,,,,,,,,39101628,,,,,,,,,,,,,,,,,,,,,,,,,,,,,,,,,,,,,,,,,,,
,,,,,,,Electrical,Lamps & Bulbs,LED Bulbs,,566653,566653 25W Led Cand 27k 3pk,-- Unbranded --,-- No Unilog Brand --,Philips,Phillips Lighting (5831),Signify North America Corporation,Philips®,,566653,,Electrical>Lamps & Bulbs>LED Bulbs>Standard Bulbs,"Philips, 566653, LED General Purpose Bulb, 3 Pack",LED GNRL PRPS BULB 3PK,"Philips® 566653 LED General Purpose Bulb, 3 Pack","The Philips® LED General Purpose Bulb is designed for commercial and industrial applications, operating at 25 W.",LED General Purpose Bulb,{'Wattage': '25 W'},3 Count Package,,,,,,,,,,,,,,,,,,,,,,,,,LED General Purpose Bulb,Model,566653,,Wattage,25,W,Package Quantity,3,pk,,,,,,,,,,,,,,,,,,,,,,,,,,,,,,,,,,,,,,,,,,,,,,,,,,,,,,,,,,,,,,,,,,,,,,,,,,,,,,,,,,,,,,,,,,,,,,,,,,,,,,,,,,,,,,,,,,,,,,,,,,,,,,,,,,,,,,,,,,,,,,,,,39101628,,,,,,,,,,,,,,,,,,,,,,,,,,,,,,,,,,,,,,,,,,,
,,,,,,,Electrical,Lamps & Bulbs,LED Bulbs,,566679,566679 40W Led Med 27k 3pk,-- Unbranded --,-- No Unilog Brand --,Philips,Phillips Lighting (5831),Signify North America Corporation,Philips®,,566679,,Electrical>Lamps & Bulbs>LED Bulbs>MR16 Spotlights,"Philips, 566679, LED MR16 Spotlight Bulb, 3 Pack",LED MR16 SPTL BULB 3PK,"Philips® 566679 LED MR16 Spotlight Bulb, 3 Pack","The Philips® LED MR16 Spotlight Bulb is designed for commercial and industrial applications, operating at 40 W.",LED MR16 Spotlight Bulb,{'Wattage': '40 W'},3 Count Package,,,,,,,,,,,,,,,,,,,,,,,,,LED MR16 Spotlight Bulb,Model,566679,,Wattage,40,W,Package Quantity,3,pk,,,,,,,,,,,,,,,,,,,,,,,,,,,,,,,,,,,,,,,,,,,,,,,,,,,,,,,,,,,,,,,,,,,,,,,,,,,,,,,,,,,,,,,,,,,,,,,,,,,,,,,,,,,,,,,,,,,,,,,,,,,,,,,,,,,,,,,,,,,,,,,,,39101628,,,,,,,,,,,,,,,,,,,,,,,,,,,,,,,,,,,,,,,,,,,
,,,,,,,Electrical,Lamps & Bulbs,LED Bulbs,,573311,573311 60W Led Med 27k 2pk,-- Unbranded --,-- No Unilog Brand --,Philips,Phillips Lighting (5831),Signify North America Corporation,Philips®,,573311,,Electrical>Lamps & Bulbs>LED Bulbs>MR16 Spotlights,"Philips, 573311, LED MR16 Spotlight Bulb, 2 Pack",LED MR16 SPTL BULB 2PK,"Philips® 573311 LED MR16 Spotlight Bulb, 2 Pack","The Philips® LED MR16 Spotlight Bulb is designed for commercial and industrial applications, operating at 60 W.",LED MR16 Spotlight Bulb,{'Wattage': '60 W'},2 Count Package,,,,,,,,,,,,,,,,,,,,,,,,,LED MR16 Spotlight Bulb,Model,573311,,Wattage,60,W,Package Quantity,2,pk,,,,,,,,,,,,,,,,,,,,,,,,,,,,,,,,,,,,,,,,,,,,,,,,,,,,,,,,,,,,,,,,,,,,,,,,,,,,,,,,,,,,,,,,,,,,,,,,,,,,,,,,,,,,,,,,,,,,,,,,,,,,,,,,,,,,,,,,,,,,,,,,,39101628,,,,,,,,,,,,,,,,,,,,,,,,,,,,,,,,,,,,,,,,,,,
,,,,,,,Electrical,Lamps & Bulbs,LED Bulbs,,573394,573394 60W Led Cand 27k 2pk,-- Unbranded --,-- No Unilog Brand --,Philips,Phillips Lighting (5831),Signify North America Corporation,Philips®,,573394,,Electrical>Lamps & Bulbs>LED Bulbs>Standard Bulbs,"Philips, 573394, LED General Purpose Bulb, 2 Pack",LED GNRL PRPS BULB 2PK,"Philips® 573394 LED General Purpose Bulb, 2 Pack","The Philips® LED General Purpose Bulb is designed for commercial and industrial applications, operating at 60 W.",LED General Purpose Bulb,{'Wattage': '60 W'},2 Count Package,,,,,,,,,,,,,,,,,,,,,,,,,LED General Purpose Bulb,Model,573394,,Wattage,60,W,Package Quantity,2,pk,,,,,,,,,,,,,,,,,,,,,,,,,,,,,,,,,,,,,,,,,,,,,,,,,,,,,,,,,,,,,,,,,,,,,,,,,,,,,,,,,,,,,,,,,,,,,,,,,,,,,,,,,,,,,,,,,,,,,,,,,,,,,,,,,,,,,,,,,,,,,,,,,39101628,,,,,,,,,,,,,,,,,,,,,,,,,,,,,,,,,,,,,,,,,,,
,,,,,,,Electrical,Lamps & Bulbs,LED Bulbs,,573329,573329 60W Cand Led 27k 2pk,-- Unbranded --,-- No Unilog Brand --,Philips,Phillips Lighting (5831),Signify North America Corporation,Philips®,,573329,,Electrical>Lamps & Bulbs>LED Bulbs>Standard Bulbs,"Philips, 573329, LED General Purpose Bulb, 2 Pack",LED GNRL PRPS BULB 2PK,"Philips® 573329 LED General Purpose Bulb, 2 Pack","The Philips® LED General Purpose Bulb is designed for commercial and industrial applications, operating at 60 W.",LED General Purpose Bulb,{'Wattage': '60 W'},2 Count Package,,,,,,,,,,,,,,,,,,,,,,,,,LED General Purpose Bulb,Model,573329,,Wattage,60,W,Package Quantity,2,pk,,,,,,,,,,,,,,,,,,,,,,,,,,,,,,,,,,,,,,,,,,,,,,,,,,,,,,,,,,,,,,,,,,,,,,,,,,,,,,,,,,,,,,,,,,,,,,,,,,,,,,,,,,,,,,,,,,,,,,,,,,,,,,,,,,,,,,,,,,,,,,,,,39101628,,,,,,,,,,,,,,,,,,,,,,,,,,,,,,,,,,,,,,,,,,,
,,,,,,,Electrical,Lamps & Bulbs,LED Bulbs,,564930,564930 40W Cand Led 50k 3pk,-- Unbranded --,-- No Unilog Brand --,Philips,Phillips Lighting (5831),Signify North America Corporation,Philips®,,564930,,Electrical>Lamps & Bulbs>LED Bulbs>Standard Bulbs,"Philips, 564930, LED General Purpose Bulb, 3 Pack",LED GNRL PRPS BULB 3PK,"Philips® 564930 LED General Purpose Bulb, 3 Pack","The Philips® LED General Purpose Bulb is designed for commercial and industrial applications, operating at 40 W.",LED General Purpose Bulb,{'Wattage': '40 W'},3 Count Package,,,,,,,,,,,,,,,,,,,,,,,,,LED General Purpose Bulb,Model,564930,,Wattage,40,W,Package Quantity,3,pk,,,,,,,,,,,,,,,,,,,,,,,,,,,,,,,,,,,,,,,,,,,,,,,,,,,,,,,,,,,,,,,,,,,,,,,,,,,,,,,,,,,,,,,,,,,,,,,,,,,,,,,,,,,,,,,,,,,,,,,,,,,,,,,,,,,,,,,,,,,,,,,,,39101628,,,,,,,,,,,,,,,,,,,,,,,,,,,,,,,,,,,,,,,,,,,
,,,,,,,Electrical,Lamps & Bulbs,LED Bulbs,,565000,565000 60W Led Med 27k 2pk,-- Unbranded --,-- No Unilog Brand --,Philips,Phillips Lighting (5831),Signify North America Corporation,Philips®,,565000,,Electrical>Lamps & Bulbs>LED Bulbs>MR16 Spotlights,"Philips, 565000, LED MR16 Spotlight Bulb, 2 Pack",LED MR16 SPTL BULB 2PK,"Philips® 565000 LED MR16 Spotlight Bulb, 2 Pack","The Philips® LED MR16 Spotlight Bulb is designed for commercial and industrial applications, operating at 60 W.",LED MR16 Spotlight Bulb,{'Wattage': '60 W'},2 Count Package,,,,,,,,,,,,,,,,,,,,,,,,,LED MR16 Spotlight Bulb,Model,565000,,Wattage,60,W,Package Quantity,2,pk,,,,,,,,,,,,,,,,,,,,,,,,,,,,,,,,,,,,,,,,,,,,,,,,,,,,,,,,,,,,,,,,,,,,,,,,,,,,,,,,,,,,,,,,,,,,,,,,,,,,,,,,,,,,,,,,,,,,,,,,,,,,,,,,,,,,,,,,,,,,,,,,,39101628,,,,,,,,,,,,,,,,,,,,,,,,,,,,,,,,,,,,,,,,,,,
,,,,,,,Electrical,Lamps & Bulbs,LED Bulbs,,564922,564922 60W Led BA11 50k 3pk,-- Unbranded --,-- No Unilog Brand --,Philips,Phillips Lighting (5831),Signify North America Corporation,Philips®,,564922,,Electrical>Lamps & Bulbs>LED Bulbs>MR16 Spotlights,"Philips, 564922, LED MR16 Spotlight Bulb, 3 Pack",LED MR16 SPTL BULB 3PK,"Philips® 564922 LED MR16 Spotlight Bulb, 3 Pack","The Philips® LED MR16 Spotlight Bulb is designed for commercial and industrial applications, operating at 60 W.",LED MR16 Spotlight Bulb,{'Wattage': '60 W'},3 Count Package,,,,,,,,,,,,,,,,,,,,,,,,,LED MR16 Spotlight Bulb,Model,564922,,Wattage,60,W,Package Quantity,3,pk,,,,,,,,,,,,,,,,,,,,,,,,,,,,,,,,,,,,,,,,,,,,,,,,,,,,,,,,,,,,,,,,,,,,,,,,,,,,,,,,,,,,,,,,,,,,,,,,,,,,,,,,,,,,,,,,,,,,,,,,,,,,,,,,,,,,,,,,,,,,,,,,,39101628,,,,,,,,,,,,,,,,,,,,,,,,,,,,,,,,,,,,,,,,,,,
,,,,,,,Electrical,Lamps & Bulbs,LED Bulbs,,573295,573295 40W Led Med 27k 2pk,-- Unbranded --,-- No Unilog Brand --,Philips,Phillips Lighting (5831),Signify North America Corporation,Philips®,,573295,,Electrical>Lamps & Bulbs>LED Bulbs>MR16 Spotlights,"Philips, 573295, LED MR16 Spotlight Bulb, 2 Pack",LED MR16 SPTL BULB 2PK,"Philips® 573295 LED MR16 Spotlight Bulb, 2 Pack","The Philips® LED MR16 Spotlight Bulb is designed for commercial and industrial applications, operating at 40 W.",LED MR16 Spotlight Bulb,{'Wattage': '40 W'},2 Count Package,,,,,,,,,,,,,,,,,,,,,,,,,LED MR16 Spotlight Bulb,Model,573295,,Wattage,40,W,Package Quantity,2,pk,,,,,,,,,,,,,,,,,,,,,,,,,,,,,,,,,,,,,,,,,,,,,,,,,,,,,,,,,,,,,,,,,,,,,,,,,,,,,,,,,,,,,,,,,,,,,,,,,,,,,,,,,,,,,,,,,,,,,,,,,,,,,,,,,,,,,,,,,,,,,,,,,39101628,,,,,,,,,,,,,,,,,,,,,,,,,,,,,,,,,,,,,,,,,,,
,,,,,,,Electrical,Lamps & Bulbs,LED Bulbs,,564914,564914 60W Med Led 50k 2pk,-- Unbranded --,-- No Unilog Brand --,Philips,Phillips Lighting (5831),Signify North America Corporation,Philips®,,564914,,Electrical>Lamps & Bulbs>LED Bulbs>MR16 Spotlights,"Philips, 564914, LED MR16 Spotlight Bulb, 2 Pack",LED MR16 SPTL BULB 2PK,"Philips® 564914 LED MR16 Spotlight Bulb, 2 Pack","The Philips® LED MR16 Spotlight Bulb is designed for commercial and industrial applications, operating at 60 W.",LED MR16 Spotlight Bulb,{'Wattage': '60 W'},2 Count Package,,,,,,,,,,,,,,,,,,,,,,,,,LED MR16 Spotlight Bulb,Model,564914,,Wattage,60,W,Package Quantity,2,pk,,,,,,,,,,,,,,,,,,,,,,,,,,,,,,,,,,,,,,,,,,,,,,,,,,,,,,,,,,,,,,,,,,,,,,,,,,,,,,,,,,,,,,,,,,,,,,,,,,,,,,,,,,,,,,,,,,,,,,,,,,,,,,,,,,,,,,,,,,,,,,,,,39101628,,,,,,,,,,,,,,,,,,,,,,,,,,,,,,,,,,,,,,,,,,,
,,,,,,,Electrical,Lamps & Bulbs,LED Bulbs,,573485,573485 60W Led A19 Med 50k 2pk,-- Unbranded --,-- No Unilog Brand --,Philips,Phillips Lighting (5831),Signify North America Corporation,Philips®,,573485,,Electrical>Lamps & Bulbs>LED Bulbs>Standard Bulbs,"Philips, 573485, LED General Purpose Bulb, 2 Pack",LED GNRL PRPS BULB 2PK,"Philips® 573485 LED General Purpose Bulb, 2 Pack","The Philips® LED General Purpose Bulb is designed for commercial and industrial applications, operating at 60 W.",LED General Purpose Bulb,{'Wattage': '60 W'},2 Count Package,,,,,,,,,,,,,,,,,,,,,,,,,LED General Purpose Bulb,Model,573485,,Wattage,60,W,Package Quantity,2,pk,,,,,,,,,,,,,,,,,,,,,,,,,,,,,,,,,,,,,,,,,,,,,,,,,,,,,,,,,,,,,,,,,,,,,,,,,,,,,,,,,,,,,,,,,,,,,,,,,,,,,,,,,,,,,,,,,,,,,,,,,,,,,,,,,,,,,,,,,,,,,,,,,39101628,,,,,,,,,,,,,,,,,,,,,,,,,,,,,,,,,,,,,,,,,,,
,,,,,,,Electrical,Lamps & Bulbs,LED Bulbs,,573337,573337 40W Led G25 Med 50k 2pk,-- Unbranded --,-- No Unilog Brand --,Philips,Phillips Lighting (5831),Signify North America Corporation,Philips®,,573337,,Electrical>Lamps & Bulbs>LED Bulbs>Standard Bulbs,"Philips, 573337, LED General Purpose Bulb, 2 Pack",LED GNRL PRPS BULB 2PK,"Philips® 573337 LED General Purpose Bulb, 2 Pack","The Philips® LED General Purpose Bulb is designed for commercial and industrial applications, operating at 40 W.",LED General Purpose Bulb,{'Wattage': '40 W'},2 Count Package,,,,,,,,,,,,,,,,,,,,,,,,,LED General Purpose Bulb,Model,573337,,Wattage,40,W,Package Quantity,2,pk,,,,,,,,,,,,,,,,,,,,,,,,,,,,,,,,,,,,,,,,,,,,,,,,,,,,,,,,,,,,,,,,,,,,,,,,,,,,,,,,,,,,,,,,,,,,,,,,,,,,,,,,,,,,,,,,,,,,,,,,,,,,,,,,,,,,,,,,,,,,,,,,,39101628,,,,,,,,,,,,,,,,,,,,,,,,,,,,,,,,,,,,,,,,,,,
,,,,,,,Electrical,Lamps & Bulbs,Linear Tubes,,544874,544874 32W Led T8 UBulb 40k,-- Unbranded --,-- No Unilog Brand --,Philips,Phillips Lighting (5831),Signify North America Corporation,Philips®,,544874,,Electrical>Lamps & Bulbs>Linear Tubes,"Philips, 544874, LED Linear Tube",LED LNR TUBE,Philips® 544874 LED Linear Tube,"The Philips® LED Linear Tube is designed for commercial and industrial applications, operating at 32 W.",LED Linear Tube,{'Wattage': '32 W'},,,,,,,,,,,,,,,,,,,,,,,,,,LED Linear Tube,Model,544874,,Wattage,32,W,,,,,,,,,,,,,,,,,,,,,,,,,,,,,,,,,,,,,,,,,,,,,,,,,,,,,,,,,,,,,,,,,,,,,,,,,,,,,,,,,,,,,,,,,,,,,,,,,,,,,,,,,,,,,,,,,,,,,,,,,,,,,,,,,,,,,,,,,,,,,,,,,,,,39101605,,,,,,,,,,,,,,,,,,,,,,,,,,,,,,,,,,,,,,,,,,,
,,,,,,,Electrical,Lamps & Bulbs,LED Bulbs,,570846,570846 50W Led Med 22K 2pk,-- Unbranded --,-- No Unilog Brand --,Philips,Phillips Lighting (5831),Signify North America Corporation,Philips®,,570846,,Electrical>Lamps & Bulbs>LED Bulbs>MR16 Spotlights,"Philips, 570846, LED MR16 Spotlight Bulb, 2 Pack",LED MR16 SPTL BULB 2PK,"Philips® 570846 LED MR16 Spotlight Bulb, 2 Pack","The Philips® LED MR16 Spotlight Bulb is designed for commercial and industrial applications, operating at 50 W.",LED MR16 Spotlight Bulb,{'Wattage': '50 W'},2 Count Package,,,,,,,,,,,,,,,,,,,,,,,,,LED MR16 Spotlight Bulb,Model,570846,,Wattage,50,W,Package Quantity,2,pk,,,,,,,,,,,,,,,,,,,,,,,,,,,,,,,,,,,,,,,,,,,,,,,,,,,,,,,,,,,,,,,,,,,,,,,,,,,,,,,,,,,,,,,,,,,,,,,,,,,,,,,,,,,,,,,,,,,,,,,,,,,,,,,,,,,,,,,,,,,,,,,,,39101628,,,,,,,,,,,,,,,,,,,,,,,,,,,,,,,,,,,,,,,,,,,
,,,,,,,Electrical,Lamps & Bulbs,LED Bulbs,,565473,565473 60W Led A19 Bulb 2pk,-- Unbranded --,-- No Unilog Brand --,Philips,Phillips Lighting (5831),Signify North America Corporation,Philips®,,565473,,Electrical>Lamps & Bulbs>LED Bulbs>Standard Bulbs,"Philips, 565473, LED General Purpose Bulb, 2 Pack",LED GNRL PRPS BULB 2PK,"Philips® 565473 LED General Purpose Bulb, 2 Pack","The Philips® LED General Purpose Bulb is designed for commercial and industrial applications, operating at 60 W.",LED General Purpose Bulb,{'Wattage': '60 W'},2 Count Package,,,,,,,,,,,,,,,,,,,,,,,,,LED General Purpose Bulb,Model,565473,,Wattage,60,W,Package Quantity,2,pk,,,,,,,,,,,,,,,,,,,,,,,,,,,,,,,,,,,,,,,,,,,,,,,,,,,,,,,,,,,,,,,,,,,,,,,,,,,,,,,,,,,,,,,,,,,,,,,,,,,,,,,,,,,,,,,,,,,,,,,,,,,,,,,,,,,,,,,,,,,,,,,,,39101628,,,,,,,,,,,,,,,,,,,,,,,,,,,,,,,,,,,,,,,,,,,
,,,,,,,Electrical,Lamps & Bulbs,LED Bulbs,,573402,573402 60W Led Med 50k 2pk,-- Unbranded --,-- No Unilog Brand --,Philips,Phillips Lighting (5831),Signify North America Corporation,Philips®,,573402,,Electrical>Lamps & Bulbs>LED Bulbs>MR16 Spotlights,"Philips, 573402, LED MR16 Spotlight Bulb, 2 Pack",LED MR16 SPTL BULB 2PK,"Philips® 573402 LED MR16 Spotlight Bulb, 2 Pack","The Philips® LED MR16 Spotlight Bulb is designed for commercial and industrial applications, operating at 60 W.",LED MR16 Spotlight Bulb,{'Wattage': '60 W'},2 Count Package,,,,,,,,,,,,,,,,,,,,,,,,,LED MR16 Spotlight Bulb,Model,573402,,Wattage,60,W,Package Quantity,2,pk,,,,,,,,,,,,,,,,,,,,,,,,,,,,,,,,,,,,,,,,,,,,,,,,,,,,,,,,,,,,,,,,,,,,,,,,,,,,,,,,,,,,,,,,,,,,,,,,,,,,,,,,,,,,,,,,,,,,,,,,,,,,,,,,,,,,,,,,,,,,,,,,,39101628,,,,,,,,,,,,,,,,,,,,,,,,,,,,,,,,,,,,,,,,,,,
,,,,,,,Electrical,Lamps & Bulbs,LED Bulbs,,573352,573352 40W Led Med 27k 2pk,-- Unbranded --,-- No Unilog Brand --,Philips,Phillips Lighting (5831),Signify North America Corporation,Philips®,,573352,,Electrical>Lamps & Bulbs>LED Bulbs>MR16 Spotlights,"Philips, 573352, LED MR16 Spotlight Bulb, 2 Pack",LED MR16 SPTL BULB 2PK,"Philips® 573352 LED MR16 Spotlight Bulb, 2 Pack","The Philips® LED MR16 Spotlight Bulb is designed for commercial and industrial applications, operating at 40 W.",LED MR16 Spotlight Bulb,{'Wattage': '40 W'},2 Count Package,,,,,,,,,,,,,,,,,,,,,,,,,LED MR16 Spotlight Bulb,Model,573352,,Wattage,40,W,Package Quantity,2,pk,,,,,,,,,,,,,,,,,,,,,,,,,,,,,,,,,,,,,,,,,,,,,,,,,,,,,,,,,,,,,,,,,,,,,,,,,,,,,,,,,,,,,,,,,,,,,,,,,,,,,,,,,,,,,,,,,,,,,,,,,,,,,,,,,,,,,,,,,,,,,,,,,39101628,,,,,,,,,,,,,,,,,,,,,,,,,,,,,,,,,,,,,,,,,,,
,,,,,,,Electrical,Lamps & Bulbs,LED Bulbs,,573428,573428 40W Med Led 50k 2pk,-- Unbranded --,-- No Unilog Brand --,Philips,Phillips Lighting (5831),Signify North America Corporation,Philips®,,573428,,Electrical>Lamps & Bulbs>LED Bulbs>MR16 Spotlights,"Philips, 573428, LED MR16 Spotlight Bulb, 2 Pack",LED MR16 SPTL BULB 2PK,"Philips® 573428 LED MR16 Spotlight Bulb, 2 Pack","The Philips® LED MR16 Spotlight Bulb is designed for commercial and industrial applications, operating at 40 W.",LED MR16 Spotlight Bulb,{'Wattage': '40 W'},2 Count Package,,,,,,,,,,,,,,,,,,,,,,,,,LED MR16 Spotlight Bulb,Model,573428,,Wattage,40,W,Package Quantity,2,pk,,,,,,,,,,,,,,,,,,,,,,,,,,,,,,,,,,,,,,,,,,,,,,,,,,,,,,,,,,,,,,,,,,,,,,,,,,,,,,,,,,,,,,,,,,,,,,,,,,,,,,,,,,,,,,,,,,,,,,,,,,,,,,,,,,,,,,,,,,,,,,,,,39101628,,,,,,,,,,,,,,,,,,,,,,,,,,,,,,,,,,,,,,,,,,,
,,,,,,,Electrical,Lamps & Bulbs,LED Bulbs,,573386,573386 60W Led Med 27k 2pk,-- Unbranded --,-- No Unilog Brand --,Philips,Phillips Lighting (5831),Signify North America Corporation,Philips®,,573386,,Electrical>Lamps & Bulbs>LED Bulbs>MR16 Spotlights,"Philips, 573386, LED MR16 Spotlight Bulb, 2 Pack",LED MR16 SPTL BULB 2PK,"Philips® 573386 LED MR16 Spotlight Bulb, 2 Pack","The Philips® LED MR16 Spotlight Bulb is designed for commercial and industrial applications, operating at 60 W.",LED MR16 Spotlight Bulb,{'Wattage': '60 W'},2 Count Package,,,,,,,,,,,,,,,,,,,,,,,,,LED MR16 Spotlight Bulb,Model,573386,,Wattage,60,W,Package Quantity,2,pk,,,,,,,,,,,,,,,,,,,,,,,,,,,,,,,,,,,,,,,,,,,,,,,,,,,,,,,,,,,,,,,,,,,,,,,,,,,,,,,,,,,,,,,,,,,,,,,,,,,,,,,,,,,,,,,,,,,,,,,,,,,,,,,,,,,,,,,,,,,,,,,,,39101628,,,,,,,,,,,,,,,,,,,,,,,,,,,,,,,,,,,,,,,,,,,
,,,,,,,Electrical,Lamps & Bulbs,LED Bulbs,,564948,564948 40W Led Med 50k 3pk,-- Unbranded --,-- No Unilog Brand --,Philips,Phillips Lighting (5831),Signify North America Corporation,Philips®,,564948,,Electrical>Lamps & Bulbs>LED Bulbs>MR16 Spotlights,"Philips, 564948, LED MR16 Spotlight Bulb, 3 Pack",LED MR16 SPTL BULB 3PK,"Philips® 564948 LED MR16 Spotlight Bulb, 3 Pack","The Philips® LED MR16 Spotlight Bulb is designed for commercial and industrial applications, operating at 40 W.",LED MR16 Spotlight Bulb,{'Wattage': '40 W'},3 Count Package,,,,,,,,,,,,,,,,,,,,,,,,,LED MR16 Spotlight Bulb,Model,564948,,Wattage,40,W,Package Quantity,3,pk,,,,,,,,,,,,,,,,,,,,,,,,,,,,,,,,,,,,,,,,,,,,,,,,,,,,,,,,,,,,,,,,,,,,,,,,,,,,,,,,,,,,,,,,,,,,,,,,,,,,,,,,,,,,,,,,,,,,,,,,,,,,,,,,,,,,,,,,,,,,,,,,,39101628,,,,,,,,,,,,,,,,,,,,,,,,,,,,,,,,,,,,,,,,,,,
,,,,,,,Electrical,Lamps & Bulbs,LED Bulbs,,573303,573303 40W Led Cand 27k 2pk,-- Unbranded --,-- No Unilog Brand --,Philips,Phillips Lighting (5831),Signify North America Corporation,Philips®,,573303,,Electrical>Lamps & Bulbs>LED Bulbs>Standard Bulbs,"Philips, 573303, LED General Purpose Bulb, 2 Pack",LED GNRL PRPS BULB 2PK,"Philips® 573303 LED General Purpose Bulb, 2 Pack","The Philips® LED General Purpose Bulb is designed for commercial and industrial applications, operating at 40 W.",LED General Purpose Bulb,{'Wattage': '40 W'},2 Count Package,,,,,,,,,,,,,,,,,,,,,,,,,LED General Purpose Bulb,Model,573303,,Wattage,40,W,Package Quantity,2,pk,,,,,,,,,,,,,,,,,,,,,,,,,,,,,,,,,,,,,,,,,,,,,,,,,,,,,,,,,,,,,,,,,,,,,,,,,,,,,,,,,,,,,,,,,,,,,,,,,,,,,,,,,,,,,,,,,,,,,,,,,,,,,,,,,,,,,,,,,,,,,,,,,39101628,,,,,,,,,,,,,,,,,,,,,,,,,,,,,,,,,,,,,,,,,,,
,,,,,,,Electrical,Lamps & Bulbs,LED Bulbs,,573188,573188 250W Led Par38 Med 50k,-- Unbranded --,-- No Unilog Brand --,Philips,Phillips Lighting (5831),Signify North America Corporation,Philips®,,573188,,Electrical>Lamps & Bulbs>LED Bulbs>PAR Flood Bulbs,"Philips, 573188, LED PAR Flood Bulb",LED PAR FLD BULB,Philips® 573188 LED PAR Flood Bulb,"The Philips® LED PAR Flood Bulb is designed for commercial and industrial applications, operating at 250 W.",LED PAR Flood Bulb,{'Wattage': '250 W'},,,,,,,,,,,,,,,,,,,,,,,,,,LED PAR Flood Bulb,Model,573188,,Wattage,250,W,,,,,,,,,,,,,,,,,,,,,,,,,,,,,,,,,,,,,,,,,,,,,,,,,,,,,,,,,,,,,,,,,,,,,,,,,,,,,,,,,,,,,,,,,,,,,,,,,,,,,,,,,,,,,,,,,,,,,,,,,,,,,,,,,,,,,,,,,,,,,,,,,,,,39101628,,,,,,,,,,,,,,,,,,,,,,,,,,,,,,,,,,,,,,,,,,,
,,,,,,,Electrical,Lamps & Bulbs,LED Bulbs,,573469,573469 40W Led A19 Med 50k 2pk,-- Unbranded --,-- No Unilog Brand --,Philips,Phillips Lighting (5831),Signify North America Corporation,Philips®,,573469,,Electrical>Lamps & Bulbs>LED Bulbs>Standard Bulbs,"Philips, 573469, LED General Purpose Bulb, 2 Pack",LED GNRL PRPS BULB 2PK,"Philips® 573469 LED General Purpose Bulb, 2 Pack","The Philips® LED General Purpose Bulb is designed for commercial and industrial applications, operating at 40 W.",LED General Purpose Bulb,{'Wattage': '40 W'},2 Count Package,,,,,,,,,,,,,,,,,,,,,,,,,LED General Purpose Bulb,Model,573469,,Wattage,40,W,Package Quantity,2,pk,,,,,,,,,,,,,,,,,,,,,,,,,,,,,,,,,,,,,,,,,,,,,,,,,,,,,,,,,,,,,,,,,,,,,,,,,,,,,,,,,,,,,,,,,,,,,,,,,,,,,,,,,,,,,,,,,,,,,,,,,,,,,,,,,,,,,,,,,,,,,,,,,39101628,,,,,,,,,,,,,,,,,,,,,,,,,,,,,,,,,,,,,,,,,,,
,,,,,,,Electrical,Lamps & Bulbs,LED Bulbs,,565671,565671 25W Led Med 20K,-- Unbranded --,-- No Unilog Brand --,Philips,Phillips Lighting (5831),Signify North America Corporation,Philips®,,565671,,Electrical>Lamps & Bulbs>LED Bulbs>MR16 Spotlights,"Philips, 565671, LED MR16 Spotlight Bulb",LED MR16 SPTL BULB,Philips® 565671 LED MR16 Spotlight Bulb,"The Philips® LED MR16 Spotlight Bulb is designed for commercial and industrial applications, operating at 25 W.",LED MR16 Spotlight Bulb,{'Wattage': '25 W'},,,,,,,,,,,,,,,,,,,,,,,,,,LED MR16 Spotlight Bulb,Model,565671,,Wattage,25,W,,,,,,,,,,,,,,,,,,,,,,,,,,,,,,,,,,,,,,,,,,,,,,,,,,,,,,,,,,,,,,,,,,,,,,,,,,,,,,,,,,,,,,,,,,,,,,,,,,,,,,,,,,,,,,,,,,,,,,,,,,,,,,,,,,,,,,,,,,,,,,,,,,,,39101628,,,,,,,,,,,,,,,,,,,,,,,,,,,,,,,,,,,,,,,,,,,
,,,,,,,Electrical,Lamps & Bulbs,LED Bulbs,,573204,573204 75W Led Par20 Med 50k,-- Unbranded --,-- No Unilog Brand --,Philips,Phillips Lighting (5831),Signify North America Corporation,Philips®,,573204,,Electrical>Lamps & Bulbs>LED Bulbs>PAR Flood Bulbs,"Philips, 573204, LED PAR Flood Bulb",LED PAR FLD BULB,Philips® 573204 LED PAR Flood Bulb,"The Philips® LED PAR Flood Bulb is designed for commercial and industrial applications, operating at 75 W.",LED PAR Flood Bulb,{'Wattage': '75 W'},,,,,,,,,,,,,,,,,,,,,,,,,,LED PAR Flood Bulb,Model,573204,,Wattage,75,W,,,,,,,,,,,,,,,,,,,,,,,,,,,,,,,,,,,,,,,,,,,,,,,,,,,,,,,,,,,,,,,,,,,,,,,,,,,,,,,,,,,,,,,,,,,,,,,,,,,,,,,,,,,,,,,,,,,,,,,,,,,,,,,,,,,,,,,,,,,,,,,,,,,,39101628,,,,,,,,,,,,,,,,,,,,,,,,,,,,,,,,,,,,,,,,,,,
,,,,,,,Electrical,Lamps & Bulbs,LED Bulbs,,581199,581199 60W Led Med 2pk,-- Unbranded --,-- No Unilog Brand --,Philips,Phillips Lighting (5831),Signify North America Corporation,Philips®,,581199,,Electrical>Lamps & Bulbs>LED Bulbs>MR16 Spotlights,"Philips, 581199, LED MR16 Spotlight Bulb, 2 Pack",LED MR16 SPTL BULB 2PK,"Philips® 581199 LED MR16 Spotlight Bulb, 2 Pack","The Philips® LED MR16 Spotlight Bulb is designed for commercial and industrial applications, operating at 60 W.",LED MR16 Spotlight Bulb,{'Wattage': '60 W'},2 Count Package,,,,,,,,,,,,,,,,,,,,,,,,,LED MR16 Spotlight Bulb,Model,581199,,Wattage,60,W,Package Quantity,2,pk,,,,,,,,,,,,,,,,,,,,,,,,,,,,,,,,,,,,,,,,,,,,,,,,,,,,,,,,,,,,,,,,,,,,,,,,,,,,,,,,,,,,,,,,,,,,,,,,,,,,,,,,,,,,,,,,,,,,,,,,,,,,,,,,,,,,,,,,,,,,,,,,,39101628,,,,,,,,,,,,,,,,,,,,,,,,,,,,,,,,,,,,,,,,,,,
,,,,,,,Electrical,Lamps & Bulbs,LED Bulbs,,565887,565887 60W Led Med 20k,-- Unbranded --,-- No Unilog Brand --,Philips,Phillips Lighting (5831),Signify North America Corporation,Philips®,,565887,,Electrical>Lamps & Bulbs>LED Bulbs>MR16 Spotlights,"Philips, 565887, LED MR16 Spotlight Bulb",LED MR16 SPTL BULB,Philips® 565887 LED MR16 Spotlight Bulb,"The Philips® LED MR16 Spotlight Bulb is designed for commercial and industrial applications, operating at 60 W.",LED MR16 Spotlight Bulb,{'Wattage': '60 W'},,,,,,,,,,,,,,,,,,,,,,,,,,LED MR16 Spotlight Bulb,Model,565887,,Wattage,60,W,,,,,,,,,,,,,,,,,,,,,,,,,,,,,,,,,,,,,,,,,,,,,,,,,,,,,,,,,,,,,,,,,,,,,,,,,,,,,,,,,,,,,,,,,,,,,,,,,,,,,,,,,,,,,,,,,,,,,,,,,,,,,,,,,,,,,,,,,,,,,,,,,,,,39101628,,,,,,,,,,,,,,,,,,,,,,,,,,,,,,,,,,,,,,,,,,,
,,,,,,,Electrical,Lamps & Bulbs,LED Bulbs,,586867,586867 60W Led Med 27K,-- Unbranded --,-- No Unilog Brand --,Philips,Phillips Lighting (5831),Signify North America Corporation,Philips®,,586867,,Electrical>Lamps & Bulbs>LED Bulbs>MR16 Spotlights,"Philips, 586867, LED MR16 Spotlight Bulb",LED MR16 SPTL BULB,Philips® 586867 LED MR16 Spotlight Bulb,"The Philips® LED MR16 Spotlight Bulb is designed for commercial and industrial applications, operating at 60 W.",LED MR16 Spotlight Bulb,{'Wattage': '60 W'},,,,,,,,,,,,,,,,,,,,,,,,,,LED MR16 Spotlight Bulb,Model,586867,,Wattage,60,W,,,,,,,,,,,,,,,,,,,,,,,,,,,,,,,,,,,,,,,,,,,,,,,,,,,,,,,,,,,,,,,,,,,,,,,,,,,,,,,,,,,,,,,,,,,,,,,,,,,,,,,,,,,,,,,,,,,,,,,,,,,,,,,,,,,,,,,,,,,,,,,,,,,,39101628,,,,,,,,,,,,,,,,,,,,,,,,,,,,,,,,,,,,,,,,,,,
,,,,,,,Electrical,Lamps & Bulbs,LED Bulbs,,568451,5686451 50W Led Med 50k 2pk,-- Unbranded --,-- No Unilog Brand --,Philips,Phillips Lighting (5831),Signify North America Corporation,Philips®,,568451,,Electrical>Lamps & Bulbs>LED Bulbs>MR16 Spotlights,"Philips, 568451, LED MR16 Spotlight Bulb, 2 Pack",LED MR16 SPTL BULB 2PK,"Philips® 568451 LED MR16 Spotlight Bulb, 2 Pack","The Philips® LED MR16 Spotlight Bulb is designed for commercial and industrial applications, operating at 50 W.",LED MR16 Spotlight Bulb,{'Wattage': '50 W'},2 Count Package,,,,,,,,,,,,,,,,,,,,,,,,,LED MR16 Spotlight Bulb,Model,568451,,Wattage,50,W,Package Quantity,2,pk,,,,,,,,,,,,,,,,,,,,,,,,,,,,,,,,,,,,,,,,,,,,,,,,,,,,,,,,,,,,,,,,,,,,,,,,,,,,,,,,,,,,,,,,,,,,,,,,,,,,,,,,,,,,,,,,,,,,,,,,,,,,,,,,,,,,,,,,,,,,,,,,,39101628,,,,,,,,,,,,,,,,,,,,,,,,,,,,,,,,,,,,,,,,,,,
,,,,,,,Electrical,Lamps & Bulbs,LED Bulbs,,568444,568444 90W Led Par38 50k 2pk,-- Unbranded --,-- No Unilog Brand --,Philips,Phillips Lighting (5831),Signify North America Corporation,Philips®,,568444,,Electrical>Lamps & Bulbs>LED Bulbs>PAR Flood Bulbs,"Philips, 568444, LED PAR Flood Bulb, 2 Pack",LED PAR FLD BULB 2PK,"Philips® 568444 LED PAR Flood Bulb, 2 Pack","The Philips® LED PAR Flood Bulb is designed for commercial and industrial applications, operating at 90 W.",LED PAR Flood Bulb,{'Wattage': '90 W'},2 Count Package,,,,,,,,,,,,,,,,,,,,,,,,,LED PAR Flood Bulb,Model,568444,,Wattage,90,W,Package Quantity,2,pk,,,,,,,,,,,,,,,,,,,,,,,,,,,,,,,,,,,,,,,,,,,,,,,,,,,,,,,,,,,,,,,,,,,,,,,,,,,,,,,,,,,,,,,,,,,,,,,,,,,,,,,,,,,,,,,,,,,,,,,,,,,,,,,,,,,,,,,,,,,,,,,,,39101628,,,,,,,,,,,,,,,,,,,,,,,,,,,,,,,,,,,,,,,,,,,
,,,,,,,Electrical,Lamps & Bulbs,LED Bulbs,,573196,573196 75W Led Med 30K,-- Unbranded --,-- No Unilog Brand --,Philips,Phillips Lighting (5831),Signify North America Corporation,Philips®,,573196,,Electrical>Lamps & Bulbs>LED Bulbs>MR16 Spotlights,"Philips, 573196, LED MR16 Spotlight Bulb",LED MR16 SPTL BULB,Philips® 573196 LED MR16 Spotlight Bulb,"The Philips® LED MR16 Spotlight Bulb is designed for commercial and industrial applications, operating at 75 W.",LED MR16 Spotlight Bulb,{'Wattage': '75 W'},,,,,,,,,,,,,,,,,,,,,,,,,,LED MR16 Spotlight Bulb,Model,573196,,Wattage,75,W,,,,,,,,,,,,,,,,,,,,,,,,,,,,,,,,,,,,,,,,,,,,,,,,,,,,,,,,,,,,,,,,,,,,,,,,,,,,,,,,,,,,,,,,,,,,,,,,,,,,,,,,,,,,,,,,,,,,,,,,,,,,,,,,,,,,,,,,,,,,,,,,,,,,39101628,,,,,,,,,,,,,,,,,,,,,,,,,,,,,,,,,,,,,,,,,,,
,,,,,,,Uncategorized Supplies,General Industrial,Pending Review,,564500,564500 75W Adj Base 50k 3pk,-- Unbranded --,-- No Unilog Brand --,Philips,Phillips Lighting (5831),Signify North America Corporation,Philips®,,564500,,Uncategorized Supplies>General Industrial>Pending Review,"Philips, 564500, Adj Base, 3 Pack",ADJ BASE 3PK,"Philips® 564500 Adj Base, 3 Pack","The Philips® Adj Base is designed for commercial and industrial applications, operating at 75 W.",Adj Base,{'Wattage': '75 W'},3 Count Package,,,,,,,,,,,,,,,,,,,,,,,,,Adj Base,Model,564500,,Wattage,75,W,Package Quantity,3,pk,,,,,,,,,,,,,,,,,,,,,,,,,,,,,,,,,,,,,,,,,,,,,,,,,,,,,,,,,,,,,,,,,,,,,,,,,,,,,,,,,,,,,,,,,,,,,,,,,,,,,,,,,,,,,,,,,,,,,,,,,,,,,,,,,,,,,,,,,,,,,,,,,,,,,,,,,,,,,,,,,,,,,,,,,,,,,,,,,,,,,,,,,,,,
,,,,,,,Electrical,Lamps & Bulbs,LED Bulbs,,571513,571513 40/60/100 Led Med 27k,-- Unbranded --,-- No Unilog Brand --,Philips,Phillips Lighting (5831),Signify North America Corporation,Philips®,,571513,,Electrical>Lamps & Bulbs>LED Bulbs>MR16 Spotlights,"Philips, 571513, LED MR16 Spotlight Bulb",LED MR16 SPTL BULB,Philips® 571513 LED MR16 Spotlight Bulb,The Philips® LED MR16 Spotlight Bulb (Part Number: 571513).,LED MR16 Spotlight Bulb,{},,,,,,,,,,,,,,,,,,,,,,,,,,LED MR16 Spotlight Bulb,Model,571513,,,,,,,,,,,,,,,,,,,,,,,,,,,,,,,,,,,,,,,,,,,,,,,,,,,,,,,,,,,,,,,,,,,,,,,,,,,,,,,,,,,,,,,,,,,,,,,,,,,,,,,,,,,,,,,,,,,,,,,,,,,,,,,,,,,,,,,,,,,,,,,,,,,,,,,,39101628,,,,,,,,,,,,,,,,,,,,,,,,,,,,,,,,,,,,,,,,,,,
,,,,,,,Electrical,Lamps & Bulbs,LED Bulbs,,588566,588566 40W Led Med 55k 3pk,-- Unbranded --,-- No Unilog Brand --,Philips,Phillips Lighting (5831),Signify North America Corporation,Philips®,,588566,,Electrical>Lamps & Bulbs>LED Bulbs>MR16 Spotlights,"Philips, 588566, LED MR16 Spotlight Bulb, 3 Pack",LED MR16 SPTL BULB 3PK,"Philips® 588566 LED MR16 Spotlight Bulb, 3 Pack","The Philips® LED MR16 Spotlight Bulb is designed for commercial and industrial applications, operating at 40 W.",LED MR16 Spotlight Bulb,{'Wattage': '40 W'},3 Count Package,,,,,,,,,,,,,,,,,,,,,,,,,LED MR16 Spotlight Bulb,Model,588566,,Wattage,40,W,Package Quantity,3,pk,,,,,,,,,,,,,,,,,,,,,,,,,,,,,,,,,,,,,,,,,,,,,,,,,,,,,,,,,,,,,,,,,,,,,,,,,,,,,,,,,,,,,,,,,,,,,,,,,,,,,,,,,,,,,,,,,,,,,,,,,,,,,,,,,,,,,,,,,,,,,,,,,39101628,,,,,,,,,,,,,,,,,,,,,,,,,,,,,,,,,,,,,,,,,,,
,,,,,,,Electrical,Lamps & Bulbs,LED Bulbs,,565655,565655 25W Led A15 Med 20k,-- Unbranded --,-- No Unilog Brand --,Philips,Phillips Lighting (5831),Signify North America Corporation,Philips®,,565655,,Electrical>Lamps & Bulbs>LED Bulbs>MR16 Spotlights,"Philips, 565655, LED MR16 Spotlight Bulb",LED MR16 SPTL BULB,Philips® 565655 LED MR16 Spotlight Bulb,"The Philips® LED MR16 Spotlight Bulb is designed for commercial and industrial applications, operating at 25 W.",LED MR16 Spotlight Bulb,{'Wattage': '25 W'},,,,,,,,,,,,,,,,,,,,,,,,,,LED MR16 Spotlight Bulb,Model,565655,,Wattage,25,W,,,,,,,,,,,,,,,,,,,,,,,,,,,,,,,,,,,,,,,,,,,,,,,,,,,,,,,,,,,,,,,,,,,,,,,,,,,,,,,,,,,,,,,,,,,,,,,,,,,,,,,,,,,,,,,,,,,,,,,,,,,,,,,,,,,,,,,,,,,,,,,,,,,,39101628,,,,,,,,,,,,,,,,,,,,,,,,,,,,,,,,,,,,,,,,,,,
,,,,,,,Electrical,Lamps & Bulbs,LED Bulbs,,565812,565812 60W Med Led 50k,-- Unbranded --,-- No Unilog Brand --,Philips,Phillips Lighting (5831),Signify North America Corporation,Philips®,,565812,,Electrical>Lamps & Bulbs>LED Bulbs>MR16 Spotlights,"Philips, 565812, LED MR16 Spotlight Bulb",LED MR16 SPTL BULB,Philips® 565812 LED MR16 Spotlight Bulb,"The Philips® LED MR16 Spotlight Bulb is designed for commercial and industrial applications, operating at 60 W.",LED MR16 Spotlight Bulb,{'Wattage': '60 W'},,,,,,,,,,,,,,,,,,,,,,,,,,LED MR16 Spotlight Bulb,Model,565812,,Wattage,60,W,,,,,,,,,,,,,,,,,,,,,,,,,,,,,,,,,,,,,,,,,,,,,,,,,,,,,,,,,,,,,,,,,,,,,,,,,,,,,,,,,,,,,,,,,,,,,,,,,,,,,,,,,,,,,,,,,,,,,,,,,,,,,,,,,,,,,,,,,,,,,,,,,,,,39101628,,,,,,,,,,,,,,,,,,,,,,,,,,,,,,,,,,,,,,,,,,,
,,,,,,,Electrical,Lamps & Bulbs,LED Bulbs,,586917,586917 40W Led Cand 27K 2pk,-- Unbranded --,-- No Unilog Brand --,Philips,Phillips Lighting (5831),Signify North America Corporation,Philips®,,586917,,Electrical>Lamps & Bulbs>LED Bulbs>Standard Bulbs,"Philips, 586917, LED General Purpose Bulb, 2 Pack",LED GNRL PRPS BULB 2PK,"Philips® 586917 LED General Purpose Bulb, 2 Pack","The Philips® LED General Purpose Bulb is designed for commercial and industrial applications, operating at 40 W.",LED General Purpose Bulb,{'Wattage': '40 W'},2 Count Package,,,,,,,,,,,,,,,,,,,,,,,,,LED General Purpose Bulb,Model,586917,,Wattage,40,W,Package Quantity,2,pk,,,,,,,,,,,,,,,,,,,,,,,,,,,,,,,,,,,,,,,,,,,,,,,,,,,,,,,,,,,,,,,,,,,,,,,,,,,,,,,,,,,,,,,,,,,,,,,,,,,,,,,,,,,,,,,,,,,,,,,,,,,,,,,,,,,,,,,,,,,,,,,,,39101628,,,,,,,,,,,,,,,,,,,,,,,,,,,,,,,,,,,,,,,,,,,
,,,,,,,Electrical,Lighting Fixtures,Wall Sconces,,46719,49719 Wall Light Motion Wh,-- Unbranded --,-- No Unilog Brand --,-- No DIB Brand --,Maxsa Innovations (MAXIN),Maxsa Innovations,-- Unbranded --,,46719,,Electrical>Lighting Fixtures>Wall Lights,"Maxsa Innovations, 46719, Wall Light Fixture, White",WALL LGHT FXTR WALL,"Maxsa Innovations 46719 Wall Light Fixture, Wall Mounting, White","The Maxsa Innovations Wall Light Fixture is designed for commercial and industrial applications, finished in White, featuring Wall mounting.","Wall Light Fixture, Wall Mounting, White",{},Finish: White,,,,,,,,,,,,,,,,,,,,,,,,,Wall Light Fixture,Model,46719,,Mounting Type,Wall,,Color,White,,,,,,,,,,,,,,,,,,,,,,,,,,,,,,,,,,,,,,,,,,,,,,,,,,,,,,,,,,,,,,,,,,,,,,,,,,,,,,,,,,,,,,,,,,,,,,,,,,,,,,,,,,,,,,,,,,,,,,,,,,,,,,,,,,,,,,,,,,,,,,,,,,39111500,,,,,,,,,,,,,,,,,,,,,,,,,,,,,,,,,,,,,,,,,,,
,,,,,,,Electrical,Lighting Fixtures,Wall Sconces,,59061BSL,59061BSL Kichler Ext Wall Lt,-- Unbranded --,-- No Unilog Brand --,-- No DIB Brand --,Kichler Lighting (KICLI),Kichler Lighting LLC,Kichler®,,59061BSL,,Electrical>Lighting Fixtures>Wall Lights,"Kichler Lighting LLC Kichler, 59061BSL, Wall Light Fixture",WALL LGHT FXTR WALL,"Kichler® 59061BSL Wall Light Fixture, Wall Mounting","The Kichler® Wall Light Fixture is designed for commercial and industrial applications, featuring Wall mounting.","Wall Light Fixture, Wall Mounting",{},,,,,,,,,,,,,,,,,,,,,,,,,,Wall Light Fixture,Model,59061BSL,,Mounting Type,Wall,,,,,,,,,,,,,,,,,,,,,,,,,,,,,,,,,,,,,,,,,,,,,,,,,,,,,,,,,,,,,,,,,,,,,,,,,,,,,,,,,,,,,,,,,,,,,,,,,,,,,,,,,,,,,,,,,,,,,,,,,,,,,,,,,,,,,,,,,,,,,,,,,,,,,39111500,,,,,,,,,,,,,,,,,,,,,,,,,,,,,,,,,,,,,,,,,,,
,,,,,,,Electrical,Lighting Fixtures,Wall Sconces,,59062BSL,59062BSL Kichler Ext Wall Lt,-- Unbranded --,-- No Unilog Brand --,-- No DIB Brand --,Kichler Lighting (KICLI),Kichler Lighting LLC,Kichler®,,59062BSL,,Electrical>Lighting Fixtures>Wall Lights,"Kichler Lighting LLC Kichler, 59062BSL, Wall Light Fixture",WALL LGHT FXTR WALL,"Kichler® 59062BSL Wall Light Fixture, Wall Mounting","The Kichler® Wall Light Fixture is designed for commercial and industrial applications, featuring Wall mounting.","Wall Light Fixture, Wall Mounting",{},,,,,,,,,,,,,,,,,,,,,,,,,,Wall Light Fixture,Model,59062BSL,,Mounting Type,Wall,,,,,,,,,,,,,,,,,,,,,,,,,,,,,,,,,,,,,,,,,,,,,,,,,,,,,,,,,,,,,,,,,,,,,,,,,,,,,,,,,,,,,,,,,,,,,,,,,,,,,,,,,,,,,,,,,,,,,,,,,,,,,,,,,,,,,,,,,,,,,,,,,,,,,39111500,,,,,,,,,,,,,,,,,,,,,,,,,,,,,,,,,,,,,,,,,,,
,,,,,,,Electrical,Lighting Fixtures,Wall Sconces,,59124BKT,59124BKT Kichler Ext Wall Lt,-- Unbranded --,-- No Unilog Brand --,-- No DIB Brand --,Kichler Lighting (KICLI),Kichler Lighting LLC,Kichler®,,59124BKT,,Electrical>Lighting Fixtures>Wall Lights,"Kichler Lighting LLC Kichler, 59124BKT, Wall Light Fixture",WALL LGHT FXTR WALL,"Kichler® 59124BKT Wall Light Fixture, Wall Mounting","The Kichler® Wall Light Fixture is designed for commercial and industrial applications, featuring Wall mounting.","Wall Light Fixture, Wall Mounting",{},,,,,,,,,,,,,,,,,,,,,,,,,,Wall Light Fixture,Model,59124BKT,,Mounting Type,Wall,,,,,,,,,,,,,,,,,,,,,,,,,,,,,,,,,,,,,,,,,,,,,,,,,,,,,,,,,,,,,,,,,,,,,,,,,,,,,,,,,,,,,,,,,,,,,,,,,,,,,,,,,,,,,,,,,,,,,,,,,,,,,,,,,,,,,,,,,,,,,,,,,,,,,39111500,,,,,,,,,,,,,,,,,,,,,,,,,,,,,,,,,,,,,,,,,,,
,,,,,,,Building Materials,Decking & Railing,Post Wraps,,59025BK,59025BK Kichler Post Lt,-- Unbranded --,-- No Unilog Brand --,-- No DIB Brand --,Kichler Lighting (KICLI),Kichler Lighting LLC,Kichler®,,59025BK,,Building Materials>Decking & Railing>Post Wraps,"Kichler Lighting LLC Kichler, 59025BK, Post Wrap",POST WRAP,Kichler® 59025BK Post Wrap,The Kichler® Post Wrap (Part Number: 59025BK).,Post Wrap,{},,,,,,,,,,,,,,,,,,,,,,,,,,Post Wrap,Model,59025BK,,,,,,,,,,,,,,,,,,,,,,,,,,,,,,,,,,,,,,,,,,,,,,,,,,,,,,,,,,,,,,,,,,,,,,,,,,,,,,,,,,,,,,,,,,,,,,,,,,,,,,,,,,,,,,,,,,,,,,,,,,,,,,,,,,,,,,,,,,,,,,,,,,,,,,,,30103601,,,,,,,,,,,,,,,,,,,,,,,,,,,,,,,,,,,,,,,,,,,
,,,,,,,Uncategorized Supplies,General Industrial,Pending Review,,DCL183,Dewalt DCL183 Light - Rechargeable,-- Unbranded --,-- No Unilog Brand --,DEWALT,Black & Decker/dewlt (2585),Black & Decker / DEWALT,DEWALT®,,DCL183,,Uncategorized Supplies>General Industrial>Pending Review,"Black & Decker / DEWALT DEWALT, DCL183, Light Rechargeable",LGHT RCHR,DEWALT® DCL183 Light Rechargeable,The DEWALT® Light Rechargeable (Part Number: DCL183).,Light Rechargeable,{},,,,,,,,,,,,,,,,,,,,,,,,,,Light Rechargeable,Model,DCL183,,,,,,,,,,,,,,,,,,,,,,,,,,,,,,,,,,,,,,,,,,,,,,,,,,,,,,,,,,,,,,,,,,,,,,,,,,,,,,,,,,,,,,,,,,,,,,,,,,,,,,,,,,,,,,,,,,,,,,,,,,,,,,,,,,,,,,,,,,,,,,,,,,,,,,,,,,,,,,,,,,,,,,,,,,,,,,,,,,,,,,,,,,,,,,,,,,,
,,,,,,,Electrical,Portable Lighting,Flashlights,,73020,73020 Nano Clip Light Bk,-- Unbranded --,-- No Unilog Brand --,-- No DIB Brand --,Streamlight (7277),"Streamlight, Inc.",Streamlight®,,73020,,Electrical>Portable Lighting>Work Lights,"Streamlight, Inc. Streamlight, 73020, Work Flashlight, Black",WORK FLSH,"Streamlight® 73020 Work Flashlight, Black","The Streamlight® Work Flashlight is designed for commercial and industrial applications, finished in Black.","Work Flashlight, Black",{},Finish: Black,,,,,,,,,,,,,,,,,,,,,,,,,Work Flashlight,Model,73020,,Color,Black,,,,,,,,,,,,,,,,,,,,,,,,,,,,,,,,,,,,,,,,,,,,,,,,,,,,,,,,,,,,,,,,,,,,,,,,,,,,,,,,,,,,,,,,,,,,,,,,,,,,,,,,,,,,,,,,,,,,,,,,,,,,,,,,,,,,,,,,,,,,,,,,,,,,,39111610,,,,,,,,,,,,,,,,,,,,,,,,,,,,,,,,,,,,,,,,,,,
,,,,,,,Uncategorized Supplies,General Industrial,Pending Review,,NEB-FLT-1021,NEBFLT1021 Slyde King FlashLt,-- Unbranded --,-- No Unilog Brand --,-- No DIB Brand --,ACG Brands (1154),Alliance Consumer Group (ACG Brands),NEBO®,,NEB-FLT-1021,,Uncategorized Supplies>General Industrial>Pending Review,"NEBO, NEB-FLT-1021, King Flashlt",KING FLSH,NEBO® NEB-FLT-1021 King Flashlt,The NEBO® King Flashlt (Part Number: NEB-FLT-1021).,King Flashlt,{},,,,,,,,,,,,,,,,,,,,,,,,,,King Flashlt,Model,NEB-FLT-1021,,,,,,,,,,,,,,,,,,,,,,,,,,,,,,,,,,,,,,,,,,,,,,,,,,,,,,,,,,,,,,,,,,,,,,,,,,,,,,,,,,,,,,,,,,,,,,,,,,,,,,,,,,,,,,,,,,,,,,,,,,,,,,,,,,,,,,,,,,,,,,,,,,,,,,,,,,,,,,,,,,,,,,,,,,,,,,,,,,,,,,,,,,,,,,,,,,,
,,,,,,,Electrical,Portable Lighting,Flashlights,,NEB-FLT-0053,NEBFLT0053 2600L Flash Light,-- Unbranded --,-- No Unilog Brand --,-- No DIB Brand --,ACG Brands (1154),Alliance Consumer Group (ACG Brands),NEBO®,,NEB-FLT-0053,,Electrical>Portable Lighting>Work Lights,"NEBO, NEB-FLT-0053, Work Flashlight",WORK FLSH,NEBO® NEB-FLT-0053 Work Flashlight,The NEBO® Work Flashlight (Part Number: NEB-FLT-0053).,Work Flashlight,{},,,,,,,,,,,,,,,,,,,,,,,,,,Work Flashlight,Model,NEB-FLT-0053,,,,,,,,,,,,,,,,,,,,,,,,,,,,,,,,,,,,,,,,,,,,,,,,,,,,,,,,,,,,,,,,,,,,,,,,,,,,,,,,,,,,,,,,,,,,,,,,,,,,,,,,,,,,,,,,,,,,,,,,,,,,,,,,,,,,,,,,,,,,,,,,,,,,,,,,39111610,,,,,,,,,,,,,,,,,,,,,,,,,,,,,,,,,,,,,,,,,,,
,,,,,,,Electrical,Portable Lighting,Flashlights,,97708,97708 Police 800L Headlight,-- Unbranded --,-- No Unilog Brand --,Police Security,Police Security (9470),Police Security Flashlights,Police Security®,,97708,,Electrical>Portable Lighting>Work Lights,"Police Security, 97708, Work Flashlight",WORK FLSH,Police Security® 97708 Work Flashlight,The Police Security® Work Flashlight (Part Number: 97708).,Work Flashlight,{},,,,,,,,,,,,,,,,,,,,,,,,,,Work Flashlight,Model,97708,,,,,,,,,,,,,,,,,,,,,,,,,,,,,,,,,,,,,,,,,,,,,,,,,,,,,,,,,,,,,,,,,,,,,,,,,,,,,,,,,,,,,,,,,,,,,,,,,,,,,,,,,,,,,,,,,,,,,,,,,,,,,,,,,,,,,,,,,,,,,,,,,,,,,,,,39111610,,,,,,,,,,,,,,,,,,,,,,,,,,,,,,,,,,,,,,,,,,,
,,,,,,,Electrical,Portable Lighting,Flashlights,,WORK6000XLTPPLUG,6000L Twin Head Work Light,-- Unbranded --,-- No Unilog Brand --,Feit Electric,Feit Electric (3468),Feit Electric Company,Feit Electric®,,WORK6000XLTPPLUG,,Electrical>Portable Lighting>Work Lights,"Feit Electric Company Feit Electric, WORK6000XLTPPLUG, Work Flashlight",WORK FLSH,Feit Electric® WORK6000XLTPPLUG Work Flashlight,The Feit Electric® Work Flashlight (Part Number: WORK6000XLTPPLUG).,Work Flashlight,{},,,,,,,,,,,,,,,,,,,,,,,,,,Work Flashlight,Model,WORK6000XLTPPLUG,,,,,,,,,,,,,,,,,,,,,,,,,,,,,,,,,,,,,,,,,,,,,,,,,,,,,,,,,,,,,,,,,,,,,,,,,,,,,,,,,,,,,,,,,,,,,,,,,,,,,,,,,,,,,,,,,,,,,,,,,,,,,,,,,,,,,,,,,,,,,,,,,,,,,,,,39111610,,,,,,,,,,,,,,,,,,,,,,,,,,,,,,,,,,,,,,,,,,,
,,,,,,,Electrical,Power Distribution,Load Centers,,HOM2040M200PRB,HOM2040M200PRB 200A Load Cntr,-- Unbranded --,-- No Unilog Brand --,-- No DIB Brand --,Square D Con Prod Dv (6825),"Schneider Electric USA, Inc.",Square D™,,HOM2040M200PRB,,Electrical>Power Distribution>Load Centers,"Square D, HOM2040M200PRB, Electrical Load Center / Panel",ELCT LOAD CNTR / P,Square D™ HOM2040M200PRB Electrical Load Center / Panel,The Square D™ Electrical Load Center / Panel (Part Number: HOM2040M200PRB).,Electrical Load Center / Panel,{'Amperage': '200 A'},,,,,,,,,,,,,,,,,,,,,,,,,,Electrical Load Center / Panel,Model,HOM2040M200PRB,,Amperage,200 A,,,,,,,,,,,,,,,,,,,,,,,,,,,,,,,,,,,,,,,,,,,,,,,,,,,,,,,,,,,,,,,,,,,,,,,,,,,,,,,,,,,,,,,,,,,,,,,,,,,,,,,,,,,,,,,,,,,,,,,,,,,,,,,,,,,,,,,,,,,,,,,,,,,,,39121101,,,,,,,,,,,,,,,,,,,,,,,,,,,,,,,,,,,,,,,,,,,
,,,,,,,Electrical,Power Distribution,Load Centers,,HOM3060L225PGC,HOM3060L225PGC 225 Load Center,-- Unbranded --,-- No Unilog Brand --,Square D,Square D Con Prod Dv (6825),"Schneider Electric USA, Inc.",Square D™,,HOM3060L225PGC,,Electrical>Power Distribution>Load Centers,"Square D, HOM3060L225PGC, Electrical Load Center / Panel",ELCT LOAD CNTR / P,Square D™ HOM3060L225PGC Electrical Load Center / Panel,The Square D™ Electrical Load Center / Panel (Part Number: HOM3060L225PGC).,Electrical Load Center / Panel,{},,,,,,,,,,,,,,,,,,,,,,,,,,Electrical Load Center / Panel,Model,HOM3060L225PGC,,,,,,,,,,,,,,,,,,,,,,,,,,,,,,,,,,,,,,,,,,,,,,,,,,,,,,,,,,,,,,,,,,,,,,,,,,,,,,,,,,,,,,,,,,,,,,,,,,,,,,,,,,,,,,,,,,,,,,,,,,,,,,,,,,,,,,,,,,,,,,,,,,,,,,,,39121101,,,,,,,,,,,,,,,,,,,,,,,,,,,,,,,,,,,,,,,,,,,
,,,,,,,Electrical,Power Distribution,Load Centers,,QO612L100RBCP,QO612L100RBCP 100A Load Center,-- Unbranded --,-- No Unilog Brand --,Square D,Square D Con Prod Dv (6825),"Schneider Electric USA, Inc.",Square D™,,QO612L100RBCP,,Electrical>Power Distribution>Load Centers,"Square D, QO612L100RBCP, Electrical Load Center / Panel",ELCT LOAD CNTR / P,Square D™ QO612L100RBCP Electrical Load Center / Panel,The Square D™ Electrical Load Center / Panel (Part Number: QO612L100RBCP).,Electrical Load Center / Panel,{'Amperage': '100 A'},,,,,,,,,,,,,,,,,,,,,,,,,,Electrical Load Center / Panel,Model,QO612L100RBCP,,Amperage,100 A,,,,,,,,,,,,,,,,,,,,,,,,,,,,,,,,,,,,,,,,,,,,,,,,,,,,,,,,,,,,,,,,,,,,,,,,,,,,,,,,,,,,,,,,,,,,,,,,,,,,,,,,,,,,,,,,,,,,,,,,,,,,,,,,,,,,,,,,,,,,,,,,,,,,,39121101,,,,,,,,,,,,,,,,,,,,,,,,,,,,,,,,,,,,,,,,,,,
,,,,,,,Electrical,Lamps & Bulbs,Linear Tubes,,13093005,4/0 Aluminum Entrance Cable (Linear Foot),-- Unbranded --,-- No Unilog Brand --,-- No DIB Brand --,Southwire/g Turner (6603),Southwire Company LLC,Southwire®,,13093005,,Electrical>Lamps & Bulbs>Linear Tubes,"Southwire Company LLC Southwire, 13093005, LED Linear Tube",LED LNR TUBE,Southwire® 13093005 LED Linear Tube,The Southwire® LED Linear Tube (Part Number: 13093005).,LED Linear Tube,{},,,,,,,,,,,,,,,,,,,,,,,,,,LED Linear Tube,Model,13093005,,,,,,,,,,,,,,,,,,,,,,,,,,,,,,,,,,,,,,,,,,,,,,,,,,,,,,,,,,,,,,,,,,,,,,,,,,,,,,,,,,,,,,,,,,,,,,,,,,,,,,,,,,,,,,,,,,,,,,,,,,,,,,,,,,,,,,,,,,,,,,,,,,,,,,,,39101605,,,,,,,,,,,,,,,,,,,,,,,,,,,,,,,,,,,,,,,,,,,
,,,,,,,Electrical,Wire & Cable,Portable Cord,,12-4 SO,12-4 SO Cord (Linear Foot),-- Unbranded --,-- No Unilog Brand --,-- No DIB Brand --,Unbranded,Unbranded,-- Unbranded --,,12-4 SO,,Electrical>Wire & Cable>Portable Cords,"Unbranded, 12-4 SO, Portable SOOW Cord",PORT SOOW CORD,Unbranded 12-4 SO Portable SOOW Cord,The Unbranded Portable SOOW Cord (Part Number: 12-4 SO).,Portable SOOW Cord,{},,,,,,,,,,,,,,,,,,,,,,,,,,Portable SOOW Cord,Model,12-4 SO,,,,,,,,,,,,,,,,,,,,,,,,,,,,,,,,,,,,,,,,,,,,,,,,,,,,,,,,,,,,,,,,,,,,,,,,,,,,,,,,,,,,,,,,,,,,,,,,,,,,,,,,,,,,,,,,,,,,,,,,,,,,,,,,,,,,,,,,,,,,,,,,,,,,,,,,26121629,,,,,,,,,,,,,,,,,,,,,,,,,,,,,,,,,,,,,,,,,,,
,,,,,,,Electrical,Lamps & Bulbs,Linear Tubes,,96263-46-06,96263-46-06 CAT5E Wire (Linear Foot),-- Unbranded --,-- No Unilog Brand --,-- No DIB Brand --,Woods Wire Southwire (7579),Southwire Company LLC,Southwire®,,96263-46-06,,Electrical>Lamps & Bulbs>Linear Tubes,"Southwire Company LLC Southwire, 96263-46-06, LED Linear Tube",LED LNR TUBE,Southwire® 96263-46-06 LED Linear Tube,The Southwire® LED Linear Tube (Part Number: 96263-46-06).,LED Linear Tube,{},,,,,,,,,,,,,,,,,,,,,,,,,,LED Linear Tube,Model,96263-46-06,,,,,,,,,,,,,,,,,,,,,,,,,,,,,,,,,,,,,,,,,,,,,,,,,,,,,,,,,,,,,,,,,,,,,,,,,,,,,,,,,,,,,,,,,,,,,,,,,,,,,,,,,,,,,,,,,,,,,,,,,,,,,,,,,,,,,,,,,,,,,,,,,,,,,,,,39101605,,,,,,,,,,,,,,,,,,,,,,,,,,,,,,,,,,,,,,,,,,,
,,,,,,,Uncategorized Supplies,General Industrial,Pending Review,,R50003-ID,16-2 Stranded Wire CL3 500' (Linear Foot),-- Unbranded --,-- No Unilog Brand --,-- No DIB Brand --,Southwire/g Turner (6603),Southwire Company LLC,Southwire®,,R50003-ID,,Uncategorized Supplies>General Industrial>Pending Review,"Southwire Company LLC Southwire, R50003-ID, Linear Foot",LNR FOOT,Southwire® R50003-ID Linear Foot,The Southwire® Linear Foot (Part Number: R50003-ID).,Linear Foot,{},,,,,,,,,,,,,,,,,,,,,,,,,,Linear Foot,Model,R50003-ID,,,,,,,,,,,,,,,,,,,,,,,,,,,,,,,,,,,,,,,,,,,,,,,,,,,,,,,,,,,,,,,,,,,,,,,,,,,,,,,,,,,,,,,,,,,,,,,,,,,,,,,,,,,,,,,,,,,,,,,,,,,,,,,,,,,,,,,,,,,,,,,,,,,,,,,,,,,,,,,,,,,,,,,,,,,,,,,,,,,,,,,,,,,,,,,,,,,
,,,,,,,Electrical,Wire & Cable,Portable Cord,,10-4 SO,10-4 SO Cord (Linear Foot),-- Unbranded --,-- No Unilog Brand --,-- No DIB Brand --,Southwire/g Turner (6603),Southwire Company LLC,Southwire®,,10-4 SO,,Electrical>Wire & Cable>Portable Cords,"Southwire Company LLC Southwire, 10-4 SO, Portable SOOW Cord",PORT SOOW CORD,Southwire® 10-4 SO Portable SOOW Cord,The Southwire® Portable SOOW Cord (Part Number: 10-4 SO).,Portable SOOW Cord,{},,,,,,,,,,,,,,,,,,,,,,,,,,Portable SOOW Cord,Model,10-4 SO,,,,,,,,,,,,,,,,,,,,,,,,,,,,,,,,,,,,,,,,,,,,,,,,,,,,,,,,,,,,,,,,,,,,,,,,,,,,,,,,,,,,,,,,,,,,,,,,,,,,,,,,,,,,,,,,,,,,,,,,,,,,,,,,,,,,,,,,,,,,,,,,,,,,,,,,26121629,,,,,,,,,,,,,,,,,,,,,,,,,,,,,,,,,,,,,,,,,,,
,,,,,,,Uncategorized Supplies,General Industrial,Pending Review,,23346-0408,23346-0408 Wire 16/3 SJEWA 250 (Linear Foot),-- Unbranded --,-- No Unilog Brand --,-- No DIB Brand --,Unbranded,Unbranded,-- Unbranded --,,23346-0408,,Uncategorized Supplies>General Industrial>Pending Review,"Unbranded, 23346-0408, Linear Foot",LNR FOOT,Unbranded 23346-0408 Linear Foot,The Unbranded Linear Foot (Part Number: 23346-0408).,Linear Foot,{},,,,,,,,,,,,,,,,,,,,,,,,,,Linear Foot,Model,23346-0408,,,,,,,,,,,,,,,,,,,,,,,,,,,,,,,,,,,,,,,,,,,,,,,,,,,,,,,,,,,,,,,,,,,,,,,,,,,,,,,,,,,,,,,,,,,,,,,,,,,,,,,,,,,,,,,,,,,,,,,,,,,,,,,,,,,,,,,,,,,,,,,,,,,,,,,,,,,,,,,,,,,,,,,,,,,,,,,,,,,,,,,,,,,,,,,,,,,
,,,,,,,Electrical,Wire & Cable,Building Wire,,2/2/4 UD ALUM,2/2/4 UD Aluminum Triplex Wire (Linear Foot),-- Unbranded --,-- No Unilog Brand --,-- No DIB Brand --,Southwire/g Turner (6603),Southwire Company LLC,Southwire®,,2/2/4 UD ALUM,,Electrical>Wire & Cable>Electrical Cable,"Southwire Company LLC Southwire, 2/2/4 UD ALUM, Electrical Wire / Cable",ELCT WIRE / CBL,Southwire® 2/2/4 UD ALUM Electrical Wire / Cable,The Southwire® Electrical Wire / Cable (Part Number: 2/2/4 UD ALUM).,Electrical Wire / Cable,{},,,,,,,,,,,,,,,,,,,,,,,,,,Electrical Wire / Cable,Model,2/2/4 UD ALUM,,,,,,,,,,,,,,,,,,,,,,,,,,,,,,,,,,,,,,,,,,,,,,,,,,,,,,,,,,,,,,,,,,,,,,,,,,,,,,,,,,,,,,,,,,,,,,,,,,,,,,,,,,,,,,,,,,,,,,,,,,,,,,,,,,,,,,,,,,,,,,,,,,,,,,,,26121600,,,,,,,,,,,,,,,,,,,,,,,,,,,,,,,,,,,,,,,,,,,
,,,,,,,Uncategorized Supplies,General Industrial,Pending Review,,55418901,6/6/6 UD Triplex Aluminum Wire,-- Unbranded --,-- No Unilog Brand --,-- No DIB Brand --,Southwire/g Turner (6603),Southwire Company LLC,Southwire®,,55418901,,Uncategorized Supplies>General Industrial>Pending Review,"Southwire Company LLC Southwire, 55418901, Aluminum Wire",ALUM WIRE,Southwire® 55418901 Aluminum Wire,The Southwire® Aluminum Wire (Part Number: 55418901).,Aluminum Wire,{},,,,,,,,,,,,,,,,,,,,,,,,,,Aluminum Wire,Model,55418901,,,,,,,,,,,,,,,,,,,,,,,,,,,,,,,,,,,,,,,,,,,,,,,,,,,,,,,,,,,,,,,,,,,,,,,,,,,,,,,,,,,,,,,,,,,,,,,,,,,,,,,,,,,,,,,,,,,,,,,,,,,,,,,,,,,,,,,,,,,,,,,,,,,,,,,,,,,,,,,,,,,,,,,,,,,,,,,,,,,,,,,,,,,,,,,,,,,
,,,,,,,Electrical,Wire & Cable,Portable Cord,,CG50K,"CG50K 1/2"" Cord Grip Kit",-- Unbranded --,-- No Unilog Brand --,-- No DIB Brand --,Fenton Bros Electric Inc (FENBR),"Lutron Electronics Co., Inc.",Lutron®,,CG50K,,Electrical>Wire & Cable>Portable Cords,"Lutron, CG50K, Portable SOOW Cord",PORT SOOW CORD,Lutron® CG50K Portable SOOW Cord,The Lutron® Portable SOOW Cord (Part Number: CG50K).,Portable SOOW Cord,{},,,,,,,,,,,,,,,,,,,,,,,,,,Portable SOOW Cord,Model,CG50K,,,,,,,,,,,,,,,,,,,,,,,,,,,,,,,,,,,,,,,,,,,,,,,,,,,,,,,,,,,,,,,,,,,,,,,,,,,,,,,,,,,,,,,,,,,,,,,,,,,,,,,,,,,,,,,,,,,,,,,,,,,,,,,,,,,,,,,,,,,,,,,,,,,,,,,,26121629,,,,,,,,,,,,,,,,,,,,,,,,,,,,,,,,,,,,,,,,,,,
,,,,,,,Electrical,Wiring Devices,Outlets & Receptacles,,R02-D215P-1RW,R02D215P1RW 15A Mini Outlet Wh,-- Unbranded --,-- No Unilog Brand --,Leviton,Leviton Mfg Co (4927),"Leviton Manufacturing Co., Inc.",Leviton®,,R02-D215P-1RW,,Electrical>Wiring Devices>Receptacles,"Leviton, R02-D215P-1RW, Receptacle Outlet, White",RCPT OTLT 15A,"Leviton® R02-D215P-1RW Receptacle Outlet, White","The Leviton® Receptacle Outlet is designed for commercial and industrial applications, drawing 15 A, finished in White.","Receptacle Outlet, White",{'Amperage': '15 A'},15 A current rating,Finish: White,,,,,,,,,,,,,,,,,,,,,,,,Receptacle Outlet,Model,R02-D215P-1RW,,Amperage Rating,15,A,Color,White,,Amperage,15 A,,,,,,,,,,,,,,,,,,,,,,,,,,,,,,,,,,,,,,,,,,,,,,,,,,,,,,,,,,,,,,,,,,,,,,,,,,,,,,,,,,,,,,,,,,,,,,,,,,,,,,,,,,,,,,,,,,,,,,,,,,,,,,,,,,,,,,,,,,,,,,,39121406,,,,,,,,,,,,,,,,,,,,,,,,,,,,,,,,,,,,,,,,,,,
,,,,,,,Electrical,Wiring Devices,Outlets & Receptacles,,PBUC013,PBUC013 15A Wall Tap w/USB,-- Unbranded --,-- No Unilog Brand --,Prime,Prime Wire & Cable (3562),"Prime Wire & Cable, Inc.",Prime®,,PBUC013,,Electrical>Wiring Devices>Receptacles,"Prime Wire & Cable, Inc. Prime, PBUC013, Receptacle Outlet",RCPT OTLT WALL 15A,"Prime® PBUC013 Receptacle Outlet, Wall Mounting","The Prime® Receptacle Outlet is designed for commercial and industrial applications, drawing 15 A, featuring Wall mounting.","Receptacle Outlet, Wall Mounting",{'Amperage': '15 A'},15 A current rating,,,,,,,,,,,,,,,,,,,,,,,,,Receptacle Outlet,Model,PBUC013,,Amperage Rating,15,A,Mounting Type,Wall,,Amperage,15 A,,,,,,,,,,,,,,,,,,,,,,,,,,,,,,,,,,,,,,,,,,,,,,,,,,,,,,,,,,,,,,,,,,,,,,,,,,,,,,,,,,,,,,,,,,,,,,,,,,,,,,,,,,,,,,,,,,,,,,,,,,,,,,,,,,,,,,,,,,,,,,,39121406,,,,,,,,,,,,,,,,,,,,,,,,,,,,,,,,,,,,,,,,,,,
,,,,,,,Electrical,Wiring Devices,Outlets & Receptacles,,R00-GFNT1-00K,R00GFNT100K 15A Outlet Br,-- Unbranded --,-- No Unilog Brand --,Leviton,Leviton Mfg Co (4927),"Leviton Manufacturing Co., Inc.",Leviton®,,R00-GFNT1-00K,,Electrical>Wiring Devices>Receptacles,"Leviton, R00-GFNT1-00K, Receptacle Outlet",RCPT OTLT,Leviton® R00-GFNT1-00K Receptacle Outlet,The Leviton® Receptacle Outlet (Part Number: R00-GFNT1-00K).,Receptacle Outlet,{'Amperage': '15 A'},,,,,,,,,,,,,,,,,,,,,,,,,,Receptacle Outlet,Model,R00-GFNT1-00K,,Amperage,15 A,,,,,,,,,,,,,,,,,,,,,,,,,,,,,,,,,,,,,,,,,,,,,,,,,,,,,,,,,,,,,,,,,,,,,,,,,,,,,,,,,,,,,,,,,,,,,,,,,,,,,,,,,,,,,,,,,,,,,,,,,,,,,,,,,,,,,,,,,,,,,,,,,,,,,39121406,,,,,,,,,,,,,,,,,,,,,,,,,,,,,,,,,,,,,,,,,,,
,,,,,,,Electrical,Wiring Devices,Outlets & Receptacles,,R92-GFWT1-0KW,R92GFWT10KW 15A GFCI Outlet Wh,-- Unbranded --,-- No Unilog Brand --,Leviton,Leviton Mfg Co (4927),"Leviton Manufacturing Co., Inc.",Leviton®,,R92-GFWT1-0KW,,Electrical>Wiring Devices>Receptacles,"Leviton, R92-GFWT1-0KW, Receptacle Outlet, White",RCPT OTLT 15A,"Leviton® R92-GFWT1-0KW Receptacle Outlet, White","The Leviton® Receptacle Outlet is designed for commercial and industrial applications, drawing 15 A, finished in White.","Receptacle Outlet, White",{'Amperage': '15 A'},15 A current rating,Finish: White,,,,,,,,,,,,,,,,,,,,,,,,Receptacle Outlet,Model,R92-GFWT1-0KW,,Amperage Rating,15,A,Color,White,,Amperage,15 A,,,,,,,,,,,,,,,,,,,,,,,,,,,,,,,,,,,,,,,,,,,,,,,,,,,,,,,,,,,,,,,,,,,,,,,,,,,,,,,,,,,,,,,,,,,,,,,,,,,,,,,,,,,,,,,,,,,,,,,,,,,,,,,,,,,,,,,,,,,,,,,39121406,,,,,,,,,,,,,,,,,,,,,,,,,,,,,,,,,,,,,,,,,,,
,,,,,,,Uncategorized Supplies,General Industrial,Pending Review,,R12-AGTR1-0KW,R12AGTR10KW 15A GFCI Outler Wh,-- Unbranded --,-- No Unilog Brand --,Leviton,Leviton Mfg Co (4927),"Leviton Manufacturing Co., Inc.",Leviton®,,R12-AGTR1-0KW,,Uncategorized Supplies>General Industrial>Pending Review,"Leviton, R12-AGTR1-0KW, Outler Wh, White",OTLR WH 15A,"Leviton® R12-AGTR1-0KW Outler Wh, White","The Leviton® Outler Wh is designed for commercial and industrial applications, drawing 15 A, finished in White.","Outler Wh, White",{'Amperage': '15 A'},15 A current rating,Finish: White,,,,,,,,,,,,,,,,,,,,,,,,Outler Wh,Model,R12-AGTR1-0KW,,Amperage Rating,15,A,Color,White,,Amperage,15 A,,,,,,,,,,,,,,,,,,,,,,,,,,,,,,,,,,,,,,,,,,,,,,,,,,,,,,,,,,,,,,,,,,,,,,,,,,,,,,,,,,,,,,,,,,,,,,,,,,,,,,,,,,,,,,,,,,,,,,,,,,,,,,,,,,,,,,,,,,,,,,,,,,,,,,,,,,,,,,,,,,,,,,,,,,,,,,,,,,,,,,,,,,
,,,,,,,Electrical,Wiring Devices,Outlets & Receptacles,,R62-GFTA1-0KW,R92GFTA10KW 15A GFCI Outlet Wh,-- Unbranded --,-- No Unilog Brand --,Leviton,Leviton Mfg Co (4927),"Leviton Manufacturing Co., Inc.",Leviton®,,R62-GFTA1-0KW,,Electrical>Wiring Devices>Receptacles,"Leviton, R62-GFTA1-0KW, Receptacle Outlet, White",RCPT OTLT 15A,"Leviton® R62-GFTA1-0KW Receptacle Outlet, White","The Leviton® Receptacle Outlet is designed for commercial and industrial applications, drawing 15 A, finished in White.","Receptacle Outlet, White",{'Amperage': '15 A'},15 A current rating,Finish: White,,,,,,,,,,,,,,,,,,,,,,,,Receptacle Outlet,Model,R62-GFTA1-0KW,,Amperage Rating,15,A,Color,White,,Amperage,15 A,,,,,,,,,,,,,,,,,,,,,,,,,,,,,,,,,,,,,,,,,,,,,,,,,,,,,,,,,,,,,,,,,,,,,,,,,,,,,,,,,,,,,,,,,,,,,,,,,,,,,,,,,,,,,,,,,,,,,,,,,,,,,,,,,,,,,,,,,,,,,,,39121406,,,,,,,,,,,,,,,,,,,,,,,,,,,,,,,,,,,,,,,,,,,
,,,,,,,Electrical,Wire & Cable,Portable Cord,,165-04729-00C,1650472900C 15A 125V Cord Conn,-- Unbranded --,-- No Unilog Brand --,Leviton,Leviton Mfg Co (4927),"Leviton Manufacturing Co., Inc.",Leviton®,,165-04729-00C,,Electrical>Wire & Cable>Portable Cords,"Leviton, 165-04729-00C, Portable SOOW Cord, 125 V",PORT SOOW CORD 125V 15A,Leviton® 165-04729-00C Portable SOOW Cord,"The Leviton® Portable SOOW Cord is designed for commercial and industrial applications, rated at 125 V, drawing 15 A.",Portable SOOW Cord,"{'Voltage': '125 V', 'Amperage': '15 A'}",125 V electrical rating,15 A current rating,,,,,,,,,,,,,,,,,,,,,,,,Portable SOOW Cord,Model,165-04729-00C,,Voltage Rating,125,V,Amperage Rating,15,A,Voltage,125 V,,Amperage,15 A,,,,,,,,,,,,,,,,,,,,,,,,,,,,,,,,,,,,,,,,,,,,,,,,,,,,,,,,,,,,,,,,,,,,,,,,,,,,,,,,,,,,,,,,,,,,,,,,,,,,,,,,,,,,,,,,,,,,,,,,,,,,,,,,,,,,,,,,,,,,26121629,,,,,,,,,,,,,,,,,,,,,,,,,,,,,,,,,,,,,,,,,,,
,,,,,,,Electrical,Wire & Cable,Portable Cord,,161-04720-00C,1610472000C 15A 125V Cord Conn,-- Unbranded --,-- No Unilog Brand --,Leviton,Leviton Mfg Co (4927),"Leviton Manufacturing Co., Inc.",Leviton®,,161-04720-00C,,Electrical>Wire & Cable>Portable Cords,"Leviton, 161-04720-00C, Portable SOOW Cord, 125 V",PORT SOOW CORD 125V 15A,Leviton® 161-04720-00C Portable SOOW Cord,"The Leviton® Portable SOOW Cord is designed for commercial and industrial applications, rated at 125 V, drawing 15 A.",Portable SOOW Cord,"{'Voltage': '125 V', 'Amperage': '15 A'}",125 V electrical rating,15 A current rating,,,,,,,,,,,,,,,,,,,,,,,,Portable SOOW Cord,Model,161-04720-00C,,Voltage Rating,125,V,Amperage Rating,15,A,Voltage,125 V,,Amperage,15 A,,,,,,,,,,,,,,,,,,,,,,,,,,,,,,,,,,,,,,,,,,,,,,,,,,,,,,,,,,,,,,,,,,,,,,,,,,,,,,,,,,,,,,,,,,,,,,,,,,,,,,,,,,,,,,,,,,,,,,,,,,,,,,,,,,,,,,,,,,,,26121629,,,,,,,,,,,,,,,,,,,,,,,,,,,,,,,,,,,,,,,,,,,
,,,,,,,Electrical,Wiring Devices,Outlets & Receptacles,,R02-GUAC1-0BW,R02GUAC10BW 15A/USB Outlet Wh,-- Unbranded --,-- No Unilog Brand --,Leviton,Leviton Mfg Co (4927),"Leviton Manufacturing Co., Inc.",Leviton®,,R02-GUAC1-0BW,,Electrical>Wiring Devices>Receptacles,"Leviton, R02-GUAC1-0BW, Receptacle Outlet, White",RCPT OTLT 15A,"Leviton® R02-GUAC1-0BW Receptacle Outlet, White","The Leviton® Receptacle Outlet is designed for commercial and industrial applications, drawing 15 A, finished in White.","Receptacle Outlet, White",{'Amperage': '15 A'},15 A current rating,Finish: White,,,,,,,,,,,,,,,,,,,,,,,,Receptacle Outlet,Model,R02-GUAC1-0BW,,Amperage Rating,15,A,Color,White,,Amperage,15 A,,,,,,,,,,,,,,,,,,,,,,,,,,,,,,,,,,,,,,,,,,,,,,,,,,,,,,,,,,,,,,,,,,,,,,,,,,,,,,,,,,,,,,,,,,,,,,,,,,,,,,,,,,,,,,,,,,,,,,,,,,,,,,,,,,,,,,,,,,,,,,,39121406,,,,,,,,,,,,,,,,,,,,,,,,,,,,,,,,,,,,,,,,,,,
,,,,,,,Electrical,Wiring Devices,Outlets & Receptacles,,R56-CBR15-00T,R56CBR1500T 15A Outlet LA,-- Unbranded --,-- No Unilog Brand --,Leviton,Leviton Mfg Co (4927),"Leviton Manufacturing Co., Inc.",Leviton®,,R56-CBR15-00T,,Electrical>Wiring Devices>Receptacles,"Leviton, R56-CBR15-00T, Receptacle Outlet, 00T",RCPT OTLT 00T,"Leviton® R56-CBR15-00T Receptacle Outlet, 00 Tooth",The Leviton® Receptacle Outlet (Part Number: R56-CBR15-00T).,Receptacle Outlet,{'Amperage': '15 A'},00 Tooth Configuration,Tooth Count: 00,,,,,,,,,,,,,,,,,,,,,,,,Receptacle Outlet,Model,R56-CBR15-00T,,Number of Teeth,0,,Amperage,15 A,,Tooth Count,0,,,,,,,,,,,,,,,,,,,,,,,,,,,,,,,,,,,,,,,,,,,,,,,,,,,,,,,,,,,,,,,,,,,,,,,,,,,,,,,,,,,,,,,,,,,,,,,,,,,,,,,,,,,,,,,,,,,,,,,,,,,,,,,,,,,,,,,,,,,,,,,39121406,,,,,,,,,,,,,,,,,,,,,,,,,,,,,,,,,,,,,,,,,,,
,,,,,,,Tools & Hardware,Welding & Soldering,Welders,,R20-05378-P00,R2005378P00 6-50R Welder Outet,-- Unbranded --,-- No Unilog Brand --,Leviton,Leviton Mfg Co (4927),"Leviton Manufacturing Co., Inc.",Leviton®,,R20-05378-P00,,Tools & Hardware>Welding Equipment>Arc Welders,"Leviton, R20-05378-P00, Arc Welder",ARC WLDR,Leviton® R20-05378-P00 Arc Welder,The Leviton® Arc Welder (Part Number: R20-05378-P00).,Arc Welder,{},,,,,,,,,,,,,,,,,,,,,,,,,,Arc Welder,Model,R20-05378-P00,,,,,,,,,,,,,,,,,,,,,,,,,,,,,,,,,,,,,,,,,,,,,,,,,,,,,,,,,,,,,,,,,,,,,,,,,,,,,,,,,,,,,,,,,,,,,,,,,,,,,,,,,,,,,,,,,,,,,,,,,,,,,,,,,,,,,,,,,,,,,,,,,,,,,,,,23271400,,,,,,,,,,,,,,,,,,,,,,,,,,,,,,,,,,,,,,,,,,,
,,,,,,,Uncategorized Supplies,General Industrial,Pending Review,,WC1V12W-SG-UPC,WC1V12WSGUPC 1G Cover Wh,-- Unbranded --,-- No Unilog Brand --,Southwire,Southwire/g Turner (6603),Southwire Company LLC,Southwire®,,WC1V12W-SG-UPC,,Uncategorized Supplies>General Industrial>Pending Review,"Southwire Company LLC Southwire, WC1V12W-SG-UPC, Cover Wh, White",CVR WH,"Southwire® WC1V12W-SG-UPC Cover Wh, White","The Southwire® Cover Wh is designed for commercial and industrial applications, finished in White.","Cover Wh, White",{},Finish: White,,,,,,,,,,,,,,,,,,,,,,,,,Cover Wh,Model,WC1V12W-SG-UPC,,Color,White,,,,,,,,,,,,,,,,,,,,,,,,,,,,,,,,,,,,,,,,,,,,,,,,,,,,,,,,,,,,,,,,,,,,,,,,,,,,,,,,,,,,,,,,,,,,,,,,,,,,,,,,,,,,,,,,,,,,,,,,,,,,,,,,,,,,,,,,,,,,,,,,,,,,,,,,,,,,,,,,,,,,,,,,,,,,,,,,,,,,,,,,,,,,,,,,
,,,,,,,Uncategorized Supplies,General Industrial,Pending Review,,R51-GSRA1-THD,R5GSRA1THD 15A GFCI Plug,-- Unbranded --,-- No Unilog Brand --,Leviton,Leviton Mfg Co (4927),"Leviton Manufacturing Co., Inc.",Leviton®,,R51-GSRA1-THD,,Uncategorized Supplies>General Industrial>Pending Review,"Leviton, R51-GSRA1-THD, Gfci Plug",GFCI PLUG,Leviton® R51-GSRA1-THD Gfci Plug,The Leviton® Gfci Plug (Part Number: R51-GSRA1-THD).,Gfci Plug,{'Amperage': '15 A'},,,,,,,,,,,,,,,,,,,,,,,,,,Gfci Plug,Model,R51-GSRA1-THD,,Amperage,15 A,,,,,,,,,,,,,,,,,,,,,,,,,,,,,,,,,,,,,,,,,,,,,,,,,,,,,,,,,,,,,,,,,,,,,,,,,,,,,,,,,,,,,,,,,,,,,,,,,,,,,,,,,,,,,,,,,,,,,,,,,,,,,,,,,,,,,,,,,,,,,,,,,,,,,,,,,,,,,,,,,,,,,,,,,,,,,,,,,,,,,,,,,,,,,,,,
,,,,,,,Electrical,Wiring Devices,Outlets & Receptacles,,R62-CBR15-00W,R62CBR1500W 15A Outlet Wh,-- Unbranded --,-- No Unilog Brand --,Leviton,Leviton Mfg Co (4927),"Leviton Manufacturing Co., Inc.",Leviton®,,R62-CBR15-00W,,Electrical>Wiring Devices>Receptacles,"Leviton, R62-CBR15-00W, Receptacle Outlet, White",RCPT OTLT 15A,"Leviton® R62-CBR15-00W Receptacle Outlet, White","The Leviton® Receptacle Outlet is designed for commercial and industrial applications, drawing 15 A, operating at 00 W, finished in White.","Receptacle Outlet, White",{'Amperage': '15 A'},15 A current rating,Finish: White,,,,,,,,,,,,,,,,,,,,,,,,Receptacle Outlet,Model,R62-CBR15-00W,,Amperage Rating,15,A,Wattage,0,W,Color,White,,Amperage,15 A,,,,,,,,,,,,,,,,,,,,,,,,,,,,,,,,,,,,,,,,,,,,,,,,,,,,,,,,,,,,,,,,,,,,,,,,,,,,,,,,,,,,,,,,,,,,,,,,,,,,,,,,,,,,,,,,,,,,,,,,,,,,,,,,,,,,,,,,,,,,39121406,,,,,,,,,,,,,,,,,,,,,,,,,,,,,,,,,,,,,,,,,,,
,,,,,,,Tools & Hardware,Power Tools,Grinders,,S03-05226-IS,S0305226IS IV Switch / Pilot,-- Unbranded --,-- No Unilog Brand --,Leviton,Leviton Mfg Co (4927),"Leviton Manufacturing Co., Inc.",Leviton®,,S03-05226-IS,,Tools & Hardware>Power Tools>Grinders>Angle Grinders,"Leviton, S03-05226-IS, Angle Grinder",ANGL GRND,Leviton® S03-05226-IS Angle Grinder,The Leviton® Angle Grinder (Part Number: S03-05226-IS).,Angle Grinder,{},,,,,,,,,,,,,,,,,,,,,,,,,,Angle Grinder,Model,S03-05226-IS,,,,,,,,,,,,,,,,,,,,,,,,,,,,,,,,,,,,,,,,,,,,,,,,,,,,,,,,,,,,,,,,,,,,,,,,,,,,,,,,,,,,,,,,,,,,,,,,,,,,,,,,,,,,,,,,,,,,,,,,,,,,,,,,,,,,,,,,,,,,,,,,,,,,,,,,27112704,,,,,,,,,,,,,,,,,,,,,,,,,,,,,,,,,,,,,,,,,,,
,,,,,,,Uncategorized Supplies,General Industrial,Pending Review,,174-0CSB3-15W,174-OCSB3-15A Toggle 3-Way Switch Wh,-- Unbranded --,-- No Unilog Brand --,-- No DIB Brand --,Leviton Mfg Co (4927),"Leviton Manufacturing Co., Inc.",Leviton®,,174-0CSB3-15W,,Uncategorized Supplies>General Industrial>Pending Review,"Leviton, 174-0CSB3-15W, Switch Wh, White",SWTC WH 15A,"Leviton® 174-0CSB3-15W Switch Wh, White","The Leviton® Switch Wh is designed for commercial and industrial applications, drawing 15 A, operating at 15 W, finished in White.","Switch Wh, White",{'Amperage': '15 A'},15 A current rating,Finish: White,,,,,,,,,,,,,,,,,,,,,,,,Switch Wh,Model,174-0CSB3-15W,,Amperage Rating,15,A,Wattage,15,W,Color,White,,Amperage,15 A,,,,,,,,,,,,,,,,,,,,,,,,,,,,,,,,,,,,,,,,,,,,,,,,,,,,,,,,,,,,,,,,,,,,,,,,,,,,,,,,,,,,,,,,,,,,,,,,,,,,,,,,,,,,,,,,,,,,,,,,,,,,,,,,,,,,,,,,,,,,,,,,,,,,,,,,,,,,,,,,,,,,,,,,,,,,,,,,,,,,,,,
,,,,,,,Electrical,Wiring Devices,Wallplates,,R50-0SL13-000,T50-0SL13000 1G Wallplate SS - Blank,-- Unbranded --,-- No Unilog Brand --,Leviton,Leviton Mfg Co (4927),"Leviton Manufacturing Co., Inc.",Leviton®,,R50-0SL13-000,,Electrical>Wiring Devices>Wallplates,"Leviton, R50-0SL13-000, Wallplate / Box Cover, Stainless Steel",WLPL / BOX CVR SST,"Leviton® R50-0SL13-000 Wallplate / Box Cover, Stainless Steel","The Leviton® Wallplate / Box Cover is designed for commercial and industrial applications, constructed from Stainless Steel.","Wallplate / Box Cover, Stainless Steel",{},Finish: Stainless Steel,Material: Stainless Steel,,,,,,,,,,,,,,,,,,,,,,,,Wallplate / Box Cover,Model,R50-0SL13-000,,Material,Stainless Steel,,Color,Stainless Steel,,,,,,,,,,,,,,,,,,,,,,,,,,,,,,,,,,,,,,,,,,,,,,,,,,,,,,,,,,,,,,,,,,,,,,,,,,,,,,,,,,,,,,,,,,,,,,,,,,,,,,,,,,,,,,,,,,,,,,,,,,,,,,,,,,,,,,,,,,,,,,,,,,39121300,,,,,,,,,,,,,,,,,,,,,,,,,,,,,,,,,,,,,,,,,,,
,,,,,,,Electrical,Wiring Devices,Wallplates,,R52-0PJ13-00W,R520PJ1300W 1G Wallplate Wh - Blank,-- Unbranded --,-- No Unilog Brand --,Leviton,Leviton Mfg Co (4927),"Leviton Manufacturing Co., Inc.",Leviton®,,R52-0PJ13-00W,,Electrical>Wiring Devices>Wallplates,"Leviton, R52-0PJ13-00W, Wallplate / Box Cover, White",WLPL / BOX CVR,"Leviton® R52-0PJ13-00W Wallplate / Box Cover, White","The Leviton® Wallplate / Box Cover is designed for commercial and industrial applications, operating at 00 W, finished in White.","Wallplate / Box Cover, White",{},Finish: White,,,,,,,,,,,,,,,,,,,,,,,,,Wallplate / Box Cover,Model,R52-0PJ13-00W,,Wattage,0,W,Color,White,,,,,,,,,,,,,,,,,,,,,,,,,,,,,,,,,,,,,,,,,,,,,,,,,,,,,,,,,,,,,,,,,,,,,,,,,,,,,,,,,,,,,,,,,,,,,,,,,,,,,,,,,,,,,,,,,,,,,,,,,,,,,,,,,,,,,,,,,,,,,,,,,,39121300,,,,,,,,,,,,,,,,,,,,,,,,,,,,,,,,,,,,,,,,,,,
,,,,,,,Appliances,Large Appliances,Refrigerators,,XOU2470BCGS,XOU2470BCGS Tall Beverage Center SS,-- Unbranded --,-- No Unilog Brand --,-- No DIB Brand --,Appliance Dealers Cooperative (APPDE),Appliance Dealers Cooperative,-- Unbranded --,,XOU2470BCGS,,Appliances & Consumer Electronics>Kitchen Appliances>Refrigerators,"Appliance Dealers Cooperative, XOU2470BCGS, Refrigerator, Stainless Steel",RFRG SST,"Appliance Dealers Cooperative XOU2470BCGS Refrigerator, Stainless Steel","The Appliance Dealers Cooperative Refrigerator is designed for commercial and industrial applications, constructed from Stainless Steel.","Refrigerator, Stainless Steel",{},Finish: Stainless Steel,Material: Stainless Steel,,,,,,,,,,,,,,,,,,,,,,,,Refrigerator,Model,XOU2470BCGS,,Material,Stainless Steel,,Color,Stainless Steel,,,,,,,,,,,,,,,,,,,,,,,,,,,,,,,,,,,,,,,,,,,,,,,,,,,,,,,,,,,,,,,,,,,,,,,,,,,,,,,,,,,,,,,,,,,,,,,,,,,,,,,,,,,,,,,,,,,,,,,,,,,,,,,,,,,,,,,,,,,,,,,,,,24131501,,,,,,,,,,,,,,,,,,,,,,,,,,,,,,,,,,,,,,,,,,,
,,,,,,,Appliances,Large Appliances,Refrigerators,,XOU24BCGSR,XOU24BCGSR Beverage Center SS,-- Unbranded --,-- No Unilog Brand --,-- No DIB Brand --,Appliance Dealers Cooperative (APPDE),Appliance Dealers Cooperative,-- Unbranded --,,XOU24BCGSR,,Appliances & Consumer Electronics>Kitchen Appliances>Refrigerators,"Appliance Dealers Cooperative, XOU24BCGSR, Refrigerator, Stainless Steel",RFRG SST,"Appliance Dealers Cooperative XOU24BCGSR Refrigerator, Stainless Steel","The Appliance Dealers Cooperative Refrigerator is designed for commercial and industrial applications, constructed from Stainless Steel.","Refrigerator, Stainless Steel",{},Finish: Stainless Steel,Material: Stainless Steel,,,,,,,,,,,,,,,,,,,,,,,,Refrigerator,Model,XOU24BCGSR,,Material,Stainless Steel,,Color,Stainless Steel,,,,,,,,,,,,,,,,,,,,,,,,,,,,,,,,,,,,,,,,,,,,,,,,,,,,,,,,,,,,,,,,,,,,,,,,,,,,,,,,,,,,,,,,,,,,,,,,,,,,,,,,,,,,,,,,,,,,,,,,,,,,,,,,,,,,,,,,,,,,,,,,,,24131501,,,,,,,,,,,,,,,,,,,,,,,,,,,,,,,,,,,,,,,,,,,
,,,,,,,Appliances,Large Appliances,Refrigerators,,XOU24WDZGBR,XOU24WDZGBR Beverage Center Bk,-- Unbranded --,-- No Unilog Brand --,-- No DIB Brand --,Appliance Dealers Cooperative (APPDE),Appliance Dealers Cooperative,-- Unbranded --,,XOU24WDZGBR,,Appliances & Consumer Electronics>Kitchen Appliances>Refrigerators,"Appliance Dealers Cooperative, XOU24WDZGBR, Refrigerator, Black",RFRG,"Appliance Dealers Cooperative XOU24WDZGBR Refrigerator, Black","The Appliance Dealers Cooperative Refrigerator is designed for commercial and industrial applications, finished in Black.","Refrigerator, Black",{},Finish: Black,,,,,,,,,,,,,,,,,,,,,,,,,Refrigerator,Model,XOU24WDZGBR,,Color,Black,,,,,,,,,,,,,,,,,,,,,,,,,,,,,,,,,,,,,,,,,,,,,,,,,,,,,,,,,,,,,,,,,,,,,,,,,,,,,,,,,,,,,,,,,,,,,,,,,,,,,,,,,,,,,,,,,,,,,,,,,,,,,,,,,,,,,,,,,,,,,,,,,,,,,24131501,,,,,,,,,,,,,,,,,,,,,,,,,,,,,,,,,,,,,,,,,,,
,,,,,,,Appliances,Small Appliances,Coffee Makers,,C7CDAAS3PD3,C7CDAAS3PD3 Café Drip Coffee Maker MB,-- Unbranded --,-- No Unilog Brand --,-- No DIB Brand --,Appliance Dealers Cooperative (APPDE),"GE Appliances, a Haier company",Café™,,C7CDAAS3PD3,,Appliances & Consumer Electronics>Small Appliances>Coffee Makers,"Café, C7CDAAS3PD3, Coffee & Espresso Maker, Matte Black",CF & ESPR MKR,"Café™ C7CDAAS3PD3 Coffee & Espresso Maker, Matte Black","The Café™ Coffee & Espresso Maker is designed for commercial and industrial applications, finished in Matte Black.","Coffee & Espresso Maker, Matte Black",{},Finish: Matte Black,,,,,,,,,,,,,,,,,,,,,,,,,Coffee & Espresso Maker,Model,C7CDAAS3PD3,,Color,Matte Black,,,,,,,,,,,,,,,,,,,,,,,,,,,,,,,,,,,,,,,,,,,,,,,,,,,,,,,,,,,,,,,,,,,,,,,,,,,,,,,,,,,,,,,,,,,,,,,,,,,,,,,,,,,,,,,,,,,,,,,,,,,,,,,,,,,,,,,,,,,,,,,,,,,,,52141526,,,,,,,,,,,,,,,,,,,,,,,,,,,,,,,,,,,,,,,,,,,
,,,,,,,Appliances,Small Appliances,Coffee Makers,,C7CDAAS4PW3,C7CDAAS4PW3 Café Drip Coffee Maker MW,-- Unbranded --,-- No Unilog Brand --,-- No DIB Brand --,Appliance Dealers Cooperative (APPDE),"GE Appliances, a Haier company",Café™,,C7CDAAS4PW3,,Appliances & Consumer Electronics>Small Appliances>Coffee Makers,"Café, C7CDAAS4PW3, Coffee & Espresso Maker, Matte White",CF & ESPR MKR,"Café™ C7CDAAS4PW3 Coffee & Espresso Maker, Matte White","The Café™ Coffee & Espresso Maker is designed for commercial and industrial applications, finished in Matte White.","Coffee & Espresso Maker, Matte White",{},Finish: Matte White,,,,,,,,,,,,,,,,,,,,,,,,,Coffee & Espresso Maker,Model,C7CDAAS4PW3,,Color,Matte White,,,,,,,,,,,,,,,,,,,,,,,,,,,,,,,,,,,,,,,,,,,,,,,,,,,,,,,,,,,,,,,,,,,,,,,,,,,,,,,,,,,,,,,,,,,,,,,,,,,,,,,,,,,,,,,,,,,,,,,,,,,,,,,,,,,,,,,,,,,,,,,,,,,,,52141526,,,,,,,,,,,,,,,,,,,,,,,,,,,,,,,,,,,,,,,,,,,
,,,,,,,Appliances,Small Appliances,Coffee Makers,,C7CDABS2RS3,C7CDABS2RS3 Cafe Coffee Maker,-- Unbranded --,-- No Unilog Brand --,-- No DIB Brand --,Appliance Dealers Cooperative (APPDE),"GE Appliances, a Haier company",Café™,,C7CDABS2RS3,,Appliances & Consumer Electronics>Small Appliances>Coffee Makers,"Café, C7CDABS2RS3, Coffee & Espresso Maker",CF & ESPR MKR,Café™ C7CDABS2RS3 Coffee & Espresso Maker,The Café™ Coffee & Espresso Maker (Part Number: C7CDABS2RS3).,Coffee & Espresso Maker,{},,,,,,,,,,,,,,,,,,,,,,,,,,Coffee & Espresso Maker,Model,C7CDABS2RS3,,,,,,,,,,,,,,,,,,,,,,,,,,,,,,,,,,,,,,,,,,,,,,,,,,,,,,,,,,,,,,,,,,,,,,,,,,,,,,,,,,,,,,,,,,,,,,,,,,,,,,,,,,,,,,,,,,,,,,,,,,,,,,,,,,,,,,,,,,,,,,,,,,,,,,,,52141526,,,,,,,,,,,,,,,,,,,,,,,,,,,,,,,,,,,,,,,,,,,
,,,,,,,Appliances,Small Appliances,Coffee Makers,,C7CDABS3RD3,C7CDABS3RD3 Café Coffee Maker MB,-- Unbranded --,-- No Unilog Brand --,-- No DIB Brand --,Appliance Dealers Cooperative (APPDE),"GE Appliances, a Haier company",Café™,,C7CDABS3RD3,,Appliances & Consumer Electronics>Small Appliances>Coffee Makers,"Café, C7CDABS3RD3, Coffee & Espresso Maker, Matte Black",CF & ESPR MKR,"Café™ C7CDABS3RD3 Coffee & Espresso Maker, Matte Black","The Café™ Coffee & Espresso Maker is designed for commercial and industrial applications, finished in Matte Black.","Coffee & Espresso Maker, Matte Black",{},Finish: Matte Black,,,,,,,,,,,,,,,,,,,,,,,,,Coffee & Espresso Maker,Model,C7CDABS3RD3,,Color,Matte Black,,,,,,,,,,,,,,,,,,,,,,,,,,,,,,,,,,,,,,,,,,,,,,,,,,,,,,,,,,,,,,,,,,,,,,,,,,,,,,,,,,,,,,,,,,,,,,,,,,,,,,,,,,,,,,,,,,,,,,,,,,,,,,,,,,,,,,,,,,,,,,,,,,,,,52141526,,,,,,,,,,,,,,,,,,,,,,,,,,,,,,,,,,,,,,,,,,,
,,,,,,,Appliances,Small Appliances,Coffee Makers,,C7CDABS4RW3,C7CDABS4RW3 Café Coffee Maker MW,-- Unbranded --,-- No Unilog Brand --,-- No DIB Brand --,Appliance Dealers Cooperative (APPDE),"GE Appliances, a Haier company",Café™,,C7CDABS4RW3,,Appliances & Consumer Electronics>Small Appliances>Coffee Makers,"Café, C7CDABS4RW3, Coffee & Espresso Maker, Matte White",CF & ESPR MKR,"Café™ C7CDABS4RW3 Coffee & Espresso Maker, Matte White","The Café™ Coffee & Espresso Maker is designed for commercial and industrial applications, finished in Matte White.","Coffee & Espresso Maker, Matte White",{},Finish: Matte White,,,,,,,,,,,,,,,,,,,,,,,,,Coffee & Espresso Maker,Model,C7CDABS4RW3,,Color,Matte White,,,,,,,,,,,,,,,,,,,,,,,,,,,,,,,,,,,,,,,,,,,,,,,,,,,,,,,,,,,,,,,,,,,,,,,,,,,,,,,,,,,,,,,,,,,,,,,,,,,,,,,,,,,,,,,,,,,,,,,,,,,,,,,,,,,,,,,,,,,,,,,,,,,,,52141526,,,,,,,,,,,,,,,,,,,,,,,,,,,,,,,,,,,,,,,,,,,
,,,,,,,Appliances,Small Appliances,Coffee Makers,,C7CEBBS2RS3,C7CEBBS2RS3 Cafe Auto Espresso Machine SS,-- Unbranded --,-- No Unilog Brand --,-- No DIB Brand --,Appliance Dealers Cooperative (APPDE),"GE Appliances, a Haier company",Café™,,C7CEBBS2RS3,,Appliances & Consumer Electronics>Small Appliances>Coffee Makers,"Café, C7CEBBS2RS3, Coffee & Espresso Maker, Stainless Steel",CF & ESPR MKR SST,"Café™ C7CEBBS2RS3 Coffee & Espresso Maker, Stainless Steel","The Café™ Coffee & Espresso Maker is designed for commercial and industrial applications, constructed from Stainless Steel.","Coffee & Espresso Maker, Stainless Steel",{},Finish: Stainless Steel,Material: Stainless Steel,,,,,,,,,,,,,,,,,,,,,,,,Coffee & Espresso Maker,Model,C7CEBBS2RS3,,Material,Stainless Steel,,Color,Stainless Steel,,,,,,,,,,,,,,,,,,,,,,,,,,,,,,,,,,,,,,,,,,,,,,,,,,,,,,,,,,,,,,,,,,,,,,,,,,,,,,,,,,,,,,,,,,,,,,,,,,,,,,,,,,,,,,,,,,,,,,,,,,,,,,,,,,,,,,,,,,,,,,,,,,52141526,,,,,,,,,,,,,,,,,,,,,,,,,,,,,,,,,,,,,,,,,,,
,,,,,,,Appliances,Small Appliances,Coffee Makers,,C7CEBBS4RW3,C7CEBBS4RW3 Café Auto Espresso Machine Wh,-- Unbranded --,-- No Unilog Brand --,-- No DIB Brand --,Appliance Dealers Cooperative (APPDE),"GE Appliances, a Haier company",Café™,,C7CEBBS4RW3,,Appliances & Consumer Electronics>Small Appliances>Coffee Makers,"Café, C7CEBBS4RW3, Coffee & Espresso Maker, White",CF & ESPR MKR,"Café™ C7CEBBS4RW3 Coffee & Espresso Maker, White","The Café™ Coffee & Espresso Maker is designed for commercial and industrial applications, finished in White.","Coffee & Espresso Maker, White",{},Finish: White,,,,,,,,,,,,,,,,,,,,,,,,,Coffee & Espresso Maker,Model,C7CEBBS4RW3,,Color,White,,,,,,,,,,,,,,,,,,,,,,,,,,,,,,,,,,,,,,,,,,,,,,,,,,,,,,,,,,,,,,,,,,,,,,,,,,,,,,,,,,,,,,,,,,,,,,,,,,,,,,,,,,,,,,,,,,,,,,,,,,,,,,,,,,,,,,,,,,,,,,,,,,,,,52141526,,,,,,,,,,,,,,,,,,,,,,,,,,,,,,,,,,,,,,,,,,,
,,,,,,,Appliances,Small Appliances,Coffee Makers,,C7CESAS2RS3,C7CESAS2RS3 Café Espresso SS,-- Unbranded --,-- No Unilog Brand --,-- No DIB Brand --,Appliance Dealers Cooperative (APPDE),"GE Appliances, a Haier company",Café™,,C7CESAS2RS3,,Appliances & Consumer Electronics>Small Appliances>Coffee Makers,"Café, C7CESAS2RS3, Coffee & Espresso Maker, Stainless Steel",CF & ESPR MKR SST,"Café™ C7CESAS2RS3 Coffee & Espresso Maker, Stainless Steel","The Café™ Coffee & Espresso Maker is designed for commercial and industrial applications, constructed from Stainless Steel.","Coffee & Espresso Maker, Stainless Steel",{},Finish: Stainless Steel,Material: Stainless Steel,,,,,,,,,,,,,,,,,,,,,,,,Coffee & Espresso Maker,Model,C7CESAS2RS3,,Material,Stainless Steel,,Color,Stainless Steel,,,,,,,,,,,,,,,,,,,,,,,,,,,,,,,,,,,,,,,,,,,,,,,,,,,,,,,,,,,,,,,,,,,,,,,,,,,,,,,,,,,,,,,,,,,,,,,,,,,,,,,,,,,,,,,,,,,,,,,,,,,,,,,,,,,,,,,,,,,,,,,,,,52141526,,,,,,,,,,,,,,,,,,,,,,,,,,,,,,,,,,,,,,,,,,,
,,,,,,,Appliances,Small Appliances,Coffee Makers,,C7CESAS3RD3,C7CESAS3RD3 Café Espresso Machine MB,-- Unbranded --,-- No Unilog Brand --,-- No DIB Brand --,Appliance Dealers Cooperative (APPDE),"GE Appliances, a Haier company",Café™,,C7CESAS3RD3,,Appliances & Consumer Electronics>Small Appliances>Coffee Makers,"Café, C7CESAS3RD3, Coffee & Espresso Maker, Matte Black",CF & ESPR MKR,"Café™ C7CESAS3RD3 Coffee & Espresso Maker, Matte Black","The Café™ Coffee & Espresso Maker is designed for commercial and industrial applications, finished in Matte Black.","Coffee & Espresso Maker, Matte Black",{},Finish: Matte Black,,,,,,,,,,,,,,,,,,,,,,,,,Coffee & Espresso Maker,Model,C7CESAS3RD3,,Color,Matte Black,,,,,,,,,,,,,,,,,,,,,,,,,,,,,,,,,,,,,,,,,,,,,,,,,,,,,,,,,,,,,,,,,,,,,,,,,,,,,,,,,,,,,,,,,,,,,,,,,,,,,,,,,,,,,,,,,,,,,,,,,,,,,,,,,,,,,,,,,,,,,,,,,,,,,52141526,,,,,,,,,,,,,,,,,,,,,,,,,,,,,,,,,,,,,,,,,,,
,,,,,,,Appliances,Small Appliances,Coffee Makers,,C7CESAS4RW3,C7CESAS4RW3 Cafe Espresso Wh,-- Unbranded --,-- No Unilog Brand --,-- No DIB Brand --,Appliance Dealers Cooperative (APPDE),"GE Appliances, a Haier company",Café™,,C7CESAS4RW3,,Appliances & Consumer Electronics>Small Appliances>Coffee Makers,"Café, C7CESAS4RW3, Coffee & Espresso Maker, White",CF & ESPR MKR,"Café™ C7CESAS4RW3 Coffee & Espresso Maker, White","The Café™ Coffee & Espresso Maker is designed for commercial and industrial applications, finished in White.","Coffee & Espresso Maker, White",{},Finish: White,,,,,,,,,,,,,,,,,,,,,,,,,Coffee & Espresso Maker,Model,C7CESAS4RW3,,Color,White,,,,,,,,,,,,,,,,,,,,,,,,,,,,,,,,,,,,,,,,,,,,,,,,,,,,,,,,,,,,,,,,,,,,,,,,,,,,,,,,,,,,,,,,,,,,,,,,,,,,,,,,,,,,,,,,,,,,,,,,,,,,,,,,,,,,,,,,,,,,,,,,,,,,,52141526,,,,,,,,,,,,,,,,,,,,,,,,,,,,,,,,,,,,,,,,,,,
,,,,,,,Electrical,Lighting Fixtures,Wall Sconces,,WOSP30100SS,WOSP30100SS Beko Wall Oven SS,-- Unbranded --,-- No Unilog Brand --,-- No DIB Brand --,Appliance Dealers Cooperative (APPDE),"Beko US, Inc.",Beko®,,WOSP30100SS,,Electrical>Lighting Fixtures>Wall Lights,"Beko US, Inc. Beko, WOSP30100SS, Wall Light Fixture, Stainless Steel",WALL LGHT FXTR WALL SST,"Beko® WOSP30100SS Wall Light Fixture, Wall Mounting, Stainless Steel","The Beko® Wall Light Fixture is designed for commercial and industrial applications, constructed from Stainless Steel, featuring Wall mounting.","Wall Light Fixture, Wall Mounting, Stainless Steel",{},Finish: Stainless Steel,Material: Stainless Steel,,,,,,,,,,,,,,,,,,,,,,,,Wall Light Fixture,Model,WOSP30100SS,,Mounting Type,Wall,,Material,Stainless Steel,,Color,Stainless Steel,,,,,,,,,,,,,,,,,,,,,,,,,,,,,,,,,,,,,,,,,,,,,,,,,,,,,,,,,,,,,,,,,,,,,,,,,,,,,,,,,,,,,,,,,,,,,,,,,,,,,,,,,,,,,,,,,,,,,,,,,,,,,,,,,,,,,,,,,,,,,,,39111500,,,,,,,,,,,,,,,,,,,,,,,,,,,,,,,,,,,,,,,,,,,
,,,,,,,Appliances,Cooking Appliances,Microwave Ovens,,MSER2090S,MSER2090S LG Microwave SS,-- Unbranded --,-- No Unilog Brand --,-- No DIB Brand --,Appliance Dealers Cooperative (APPDE),"LG Electronics U.S.A., Inc.",LG®,,MSER2090S,,Appliances & Consumer Electronics>Kitchen Appliances>Microwave Ovens,"LG, MSER2090S, Microwave Oven, Stainless Steel",MCRW OVEN SST,"LG® MSER2090S Microwave Oven, Stainless Steel","The LG® Microwave Oven is designed for commercial and industrial applications, constructed from Stainless Steel.","Microwave Oven, Stainless Steel",{},Finish: Stainless Steel,Material: Stainless Steel,,,,,,,,,,,,,,,,,,,,,,,,Microwave Oven,Model,MSER2090S,,Material,Stainless Steel,,Color,Stainless Steel,,,,,,,,,,,,,,,,,,,,,,,,,,,,,,,,,,,,,,,,,,,,,,,,,,,,,,,,,,,,,,,,,,,,,,,,,,,,,,,,,,,,,,,,,,,,,,,,,,,,,,,,,,,,,,,,,,,,,,,,,,,,,,,,,,,,,,,,,,,,,,,,,,52141511,,,,,,,,,,,,,,,,,,,,,,,,,,,,,,,,,,,,,,,,,,,
,,,,,,,Appliances,Cooking Appliances,Microwave Ovens,,GCST16S1WSS,GCST16S1WSS GE Microwave SS,-- Unbranded --,-- No Unilog Brand --,-- No DIB Brand --,Appliance Dealers Cooperative (APPDE),"GE Appliances, a Haier company",GE®,,GCST16S1WSS,,Appliances & Consumer Electronics>Kitchen Appliances>Microwave Ovens,"GE, GCST16S1WSS, Microwave Oven, Stainless Steel",MCRW OVEN SST,"GE® GCST16S1WSS Microwave Oven, Stainless Steel","The GE® Microwave Oven is designed for commercial and industrial applications, constructed from Stainless Steel.","Microwave Oven, Stainless Steel",{},Finish: Stainless Steel,Material: Stainless Steel,,,,,,,,,,,,,,,,,,,,,,,,Microwave Oven,Model,GCST16S1WSS,,Material,Stainless Steel,,Color,Stainless Steel,,,,,,,,,,,,,,,,,,,,,,,,,,,,,,,,,,,,,,,,,,,,,,,,,,,,,,,,,,,,,,,,,,,,,,,,,,,,,,,,,,,,,,,,,,,,,,,,,,,,,,,,,,,,,,,,,,,,,,,,,,,,,,,,,,,,,,,,,,,,,,,,,,52141511,,,,,,,,,,,,,,,,,,,,,,,,,,,,,,,,,,,,,,,,,,,
,,,,,,,Appliances,Cooking Appliances,Microwave Ovens,,PCWK15C1WSS,PCWK15C1WSS GE Microwave,-- Unbranded --,-- No Unilog Brand --,-- No DIB Brand --,Appliance Dealers Cooperative (APPDE),"GE Appliances, a Haier company",GE®,,PCWK15C1WSS,,Appliances & Consumer Electronics>Kitchen Appliances>Microwave Ovens,"GE, PCWK15C1WSS, Microwave Oven",MCRW OVEN,GE® PCWK15C1WSS Microwave Oven,The GE® Microwave Oven (Part Number: PCWK15C1WSS).,Microwave Oven,{},,,,,,,,,,,,,,,,,,,,,,,,,,Microwave Oven,Model,PCWK15C1WSS,,,,,,,,,,,,,,,,,,,,,,,,,,,,,,,,,,,,,,,,,,,,,,,,,,,,,,,,,,,,,,,,,,,,,,,,,,,,,,,,,,,,,,,,,,,,,,,,,,,,,,,,,,,,,,,,,,,,,,,,,,,,,,,,,,,,,,,,,,,,,,,,,,,,,,,,52141511,,,,,,,,,,,,,,,,,,,,,,,,,,,,,,,,,,,,,,,,,,,
,,,,,,,Appliances,Cooking Appliances,Microwave Ovens,,SMC2266KS,SMC2266KS Microwave SS Display Only,-- Unbranded --,-- No Unilog Brand --,-- No DIB Brand --,Appliance Dealers Cooperative (APPDE),Appliance Dealers Cooperative,-- Unbranded --,,SMC2266KS,,Appliances & Consumer Electronics>Kitchen Appliances>Microwave Ovens,"Appliance Dealers Cooperative, SMC2266KS, Microwave Oven, Stainless Steel",MCRW OVEN SST,"Appliance Dealers Cooperative SMC2266KS Microwave Oven, Stainless Steel","The Appliance Dealers Cooperative Microwave Oven is designed for commercial and industrial applications, constructed from Stainless Steel.","Microwave Oven, Stainless Steel",{},Finish: Stainless Steel,Material: Stainless Steel,,,,,,,,,,,,,,,,,,,,,,,,Microwave Oven,Model,SMC2266KS,,Material,Stainless Steel,,Color,Stainless Steel,,,,,,,,,,,,,,,,,,,,,,,,,,,,,,,,,,,,,,,,,,,,,,,,,,,,,,,,,,,,,,,,,,,,,,,,,,,,,,,,,,,,,,,,,,,,,,,,,,,,,,,,,,,,,,,,,,,,,,,,,,,,,,,,,,,,,,,,,,,,,,,,,,52141511,,,,,,,,,,,,,,,,,,,,,,,,,,,,,,,,,,,,,,,,,,,
,,,,,,,Appliances,Cooking Appliances,Microwave Ovens,,SMD2479JS,SMD2479JS Microwave Drawer SS Display Only,-- Unbranded --,-- No Unilog Brand --,-- No DIB Brand --,Appliance Dealers Cooperative (APPDE),Appliance Dealers Cooperative,-- Unbranded --,,SMD2479JS,,Appliances & Consumer Electronics>Kitchen Appliances>Microwave Ovens,"Appliance Dealers Cooperative, SMD2479JS, Microwave Oven, Stainless Steel",MCRW OVEN SST,"Appliance Dealers Cooperative SMD2479JS Microwave Oven, Stainless Steel","The Appliance Dealers Cooperative Microwave Oven is designed for commercial and industrial applications, constructed from Stainless Steel.","Microwave Oven, Stainless Steel",{},Finish: Stainless Steel,Material: Stainless Steel,,,,,,,,,,,,,,,,,,,,,,,,Microwave Oven,Model,SMD2479JS,,Material,Stainless Steel,,Color,Stainless Steel,,,,,,,,,,,,,,,,,,,,,,,,,,,,,,,,,,,,,,,,,,,,,,,,,,,,,,,,,,,,,,,,,,,,,,,,,,,,,,,,,,,,,,,,,,,,,,,,,,,,,,,,,,,,,,,,,,,,,,,,,,,,,,,,,,,,,,,,,,,,,,,,,,52141511,,,,,,,,,,,,,,,,,,,,,,,,,,,,,,,,,,,,,,,,,,,
,,,,,,,Appliances,Cooking Appliances,Cooktops,,PEP9030DTBB,"PEP9030DTBB 30"" GE Cooktop Bk",-- Unbranded --,-- No Unilog Brand --,-- No DIB Brand --,Appliance Dealers Cooperative (APPDE),"GE Appliances, a Haier company",GE®,,PEP9030DTBB,,Appliances & Consumer Electronics>Kitchen Appliances>Cooktops,"GE, PEP9030DTBB, Cooktop, Black",CKTP,"GE® PEP9030DTBB Cooktop, Black","The GE® Cooktop is designed for commercial and industrial applications, finished in Black.","Cooktop, Black",{},Finish: Black,,,,,,,,,,,,,,,,,,,,,,,,,Cooktop,Model,PEP9030DTBB,,Color,Black,,,,,,,,,,,,,,,,,,,,,,,,,,,,,,,,,,,,,,,,,,,,,,,,,,,,,,,,,,,,,,,,,,,,,,,,,,,,,,,,,,,,,,,,,,,,,,,,,,,,,,,,,,,,,,,,,,,,,,,,,,,,,,,,,,,,,,,,,,,,,,,,,,,,,52141514,,,,,,,,,,,,,,,,,,,,,,,,,,,,,,,,,,,,,,,,,,,
,,,,,,,Appliances,Cooking Appliances,Ranges,,CES700P3MD1,"CES700P3MD1 Cafe 30"" Range Bk - Display Only",-- Unbranded --,-- No Unilog Brand --,-- No DIB Brand --,Appliance Dealers Cooperative (APPDE),"GE Appliances, a Haier company",Café™,,CES700P3MD1,,Appliances & Consumer Electronics>Kitchen Appliances>Ranges,"Café, CES700P3MD1, Range, Black",RNG,"Café™ CES700P3MD1 Range, Black","The Café™ Range is designed for commercial and industrial applications, finished in Black.","Range, Black",{},Finish: Black,,,,,,,,,,,,,,,,,,,,,,,,,Range,Model,CES700P3MD1,,Color,Black,,,,,,,,,,,,,,,,,,,,,,,,,,,,,,,,,,,,,,,,,,,,,,,,,,,,,,,,,,,,,,,,,,,,,,,,,,,,,,,,,,,,,,,,,,,,,,,,,,,,,,,,,,,,,,,,,,,,,,,,,,,,,,,,,,,,,,,,,,,,,,,,,,,,,52141514,,,,,,,,,,,,,,,,,,,,,,,,,,,,,,,,,,,,,,,,,,,
,,,,,,,Appliances,Cooking Appliances,Ranges,,PS960YPFS,"PS960YPFS 30"" GE Electric Range SS - Display Only",-- Unbranded --,-- No Unilog Brand --,-- No DIB Brand --,Appliance Dealers Cooperative (APPDE),"GE Appliances, a Haier company",GE®,,PS960YPFS,,Appliances & Consumer Electronics>Kitchen Appliances>Ranges,"GE, PS960YPFS, Range, Stainless Steel",RNG SST,"GE® PS960YPFS Range, Stainless Steel","The GE® Range is designed for commercial and industrial applications, constructed from Stainless Steel.","Range, Stainless Steel",{},Finish: Stainless Steel,Material: Stainless Steel,,,,,,,,,,,,,,,,,,,,,,,,Range,Model,PS960YPFS,,Material,Stainless Steel,,Color,Stainless Steel,,,,,,,,,,,,,,,,,,,,,,,,,,,,,,,,,,,,,,,,,,,,,,,,,,,,,,,,,,,,,,,,,,,,,,,,,,,,,,,,,,,,,,,,,,,,,,,,,,,,,,,,,,,,,,,,,,,,,,,,,,,,,,,,,,,,,,,,,,,,,,,,,,52141514,,,,,,,,,,,,,,,,,,,,,,,,,,,,,,,,,,,,,,,,,,,
,,,,,,,Appliances,Cooking Appliances,Ranges,,PB900YVFS,"PB900YVFS Elect 30"" Range SS",-- Unbranded --,-- No Unilog Brand --,-- No DIB Brand --,Appliance Dealers Cooperative (APPDE),Appliance Dealers Cooperative,-- Unbranded --,,PB900YVFS,,Appliances & Consumer Electronics>Kitchen Appliances>Ranges,"Appliance Dealers Cooperative, PB900YVFS, Range, Stainless Steel",RNG SST,"Appliance Dealers Cooperative PB900YVFS Range, Stainless Steel","The Appliance Dealers Cooperative Range is designed for commercial and industrial applications, constructed from Stainless Steel.","Range, Stainless Steel",{},Finish: Stainless Steel,Material: Stainless Steel,,,,,,,,,,,,,,,,,,,,,,,,Range,Model,PB900YVFS,,Material,Stainless Steel,,Color,Stainless Steel,,,,,,,,,,,,,,,,,,,,,,,,,,,,,,,,,,,,,,,,,,,,,,,,,,,,,,,,,,,,,,,,,,,,,,,,,,,,,,,,,,,,,,,,,,,,,,,,,,,,,,,,,,,,,,,,,,,,,,,,,,,,,,,,,,,,,,,,,,,,,,,,,,52141514,,,,,,,,,,,,,,,,,,,,,,,,,,,,,,,,,,,,,,,,,,,
,,,,,,,Appliances,Cooking Appliances,Ranges,,PCFE3080AF,"PCFE3080AF 30"" Elect Range SS - Display Only",-- Unbranded --,-- No Unilog Brand --,-- No DIB Brand --,Appliance Dealers Cooperative (APPDE),Appliance Dealers Cooperative,-- Unbranded --,,PCFE3080AF,,Appliances & Consumer Electronics>Kitchen Appliances>Ranges,"Appliance Dealers Cooperative, PCFE3080AF, Range, Stainless Steel",RNG SST,"Appliance Dealers Cooperative PCFE3080AF Range, Stainless Steel","The Appliance Dealers Cooperative Range is designed for commercial and industrial applications, constructed from Stainless Steel.","Range, Stainless Steel",{},Finish: Stainless Steel,Material: Stainless Steel,,,,,,,,,,,,,,,,,,,,,,,,Range,Model,PCFE3080AF,,Material,Stainless Steel,,Color,Stainless Steel,,,,,,,,,,,,,,,,,,,,,,,,,,,,,,,,,,,,,,,,,,,,,,,,,,,,,,,,,,,,,,,,,,,,,,,,,,,,,,,,,,,,,,,,,,,,,,,,,,,,,,,,,,,,,,,,,,,,,,,,,,,,,,,,,,,,,,,,,,,,,,,,,,52141514,,,,,,,,,,,,,,,,,,,,,,,,,,,,,,,,,,,,,,,,,,,
,,,,,,,Appliances,Cooking Appliances,Ranges,,SLER30524SS,"SLER30524SS 30"" Elect Range SS",-- Unbranded --,-- No Unilog Brand --,-- No DIB Brand --,Appliance Dealers Cooperative (APPDE),Appliance Dealers Cooperative,-- Unbranded --,,SLER30524SS,,Appliances & Consumer Electronics>Kitchen Appliances>Ranges,"Appliance Dealers Cooperative, SLER30524SS, Range, Stainless Steel",RNG SST,"Appliance Dealers Cooperative SLER30524SS Range, Stainless Steel","The Appliance Dealers Cooperative Range is designed for commercial and industrial applications, constructed from Stainless Steel.","Range, Stainless Steel",{},Finish: Stainless Steel,Material: Stainless Steel,,,,,,,,,,,,,,,,,,,,,,,,Range,Model,SLER30524SS,,Material,Stainless Steel,,Color,Stainless Steel,,,,,,,,,,,,,,,,,,,,,,,,,,,,,,,,,,,,,,,,,,,,,,,,,,,,,,,,,,,,,,,,,,,,,,,,,,,,,,,,,,,,,,,,,,,,,,,,,,,,,,,,,,,,,,,,,,,,,,,,,,,,,,,,,,,,,,,,,,,,,,,,,,52141514,,,,,,,,,,,,,,,,,,,,,,,,,,,,,,,,,,,,,,,,,,,
,,,,,,,Appliances,Cooking Appliances,Ranges,,LSEL6333ZE,"LSEL6333ZE LG 30"" Elec Range BS - Display Only",-- Unbranded --,-- No Unilog Brand --,-- No DIB Brand --,Appliance Dealers Cooperative (APPDE),"LG Electronics U.S.A., Inc.",LG®,,LSEL6333ZE,,Appliances & Consumer Electronics>Kitchen Appliances>Ranges,"LG, LSEL6333ZE, Range",RNG,LG® LSEL6333ZE Range,The LG® Range (Part Number: LSEL6333ZE).,Range,{},,,,,,,,,,,,,,,,,,,,,,,,,,Range,Model,LSEL6333ZE,,,,,,,,,,,,,,,,,,,,,,,,,,,,,,,,,,,,,,,,,,,,,,,,,,,,,,,,,,,,,,,,,,,,,,,,,,,,,,,,,,,,,,,,,,,,,,,,,,,,,,,,,,,,,,,,,,,,,,,,,,,,,,,,,,,,,,,,,,,,,,,,,,,,,,,,52141514,,,,,,,,,,,,,,,,,,,,,,,,,,,,,,,,,,,,,,,,,,,
,,,,,,,Appliances,Cooking Appliances,Ranges,,KSES530SBE,"KSES530SBE 30"" Elect Range BO Display Only",-- Unbranded --,-- No Unilog Brand --,-- No DIB Brand --,Appliance Dealers Cooperative (APPDE),Appliance Dealers Cooperative,-- Unbranded --,,KSES530SBE,,Appliances & Consumer Electronics>Kitchen Appliances>Ranges,"Appliance Dealers Cooperative, KSES530SBE, Range",RNG,Appliance Dealers Cooperative KSES530SBE Range,The Appliance Dealers Cooperative Range (Part Number: KSES530SBE).,Range,{},,,,,,,,,,,,,,,,,,,,,,,,,,Range,Model,KSES530SBE,,,,,,,,,,,,,,,,,,,,,,,,,,,,,,,,,,,,,,,,,,,,,,,,,,,,,,,,,,,,,,,,,,,,,,,,,,,,,,,,,,,,,,,,,,,,,,,,,,,,,,,,,,,,,,,,,,,,,,,,,,,,,,,,,,,,,,,,,,,,,,,,,,,,,,,,52141514,,,,,,,,,,,,,,,,,,,,,,,,,,,,,,,,,,,,,,,,,,,
,,,,,,,Appliances,Cooking Appliances,Ranges,,GCFG3661AF,"GCFG3661AF 36"" Frigidaire Gas Range SS",-- Unbranded --,-- No Unilog Brand --,-- No DIB Brand --,Appliance Dealers Cooperative (APPDE),Electrolux Home Products / Rheem Manufacturing,FRIGIDAIRE®,,GCFG3661AF,,Appliances & Consumer Electronics>Kitchen Appliances>Ranges,"FRIGIDAIRE, GCFG3661AF, Range, Stainless Steel",RNG SST,"FRIGIDAIRE® GCFG3661AF Range, Stainless Steel","The FRIGIDAIRE® Range is designed for commercial and industrial applications, constructed from Stainless Steel.","Range, Stainless Steel",{},Finish: Stainless Steel,Material: Stainless Steel,,,,,,,,,,,,,,,,,,,,,,,,Range,Model,GCFG3661AF,,Material,Stainless Steel,,Color,Stainless Steel,,,,,,,,,,,,,,,,,,,,,,,,,,,,,,,,,,,,,,,,,,,,,,,,,,,,,,,,,,,,,,,,,,,,,,,,,,,,,,,,,,,,,,,,,,,,,,,,,,,,,,,,,,,,,,,,,,,,,,,,,,,,,,,,,,,,,,,,,,,,,,,,,,52141514,,,,,,,,,,,,,,,,,,,,,,,,,,,,,,,,,,,,,,,,,,,
,,,,,,,Appliances,Cooking Appliances,Ranges,,WSGS7530RZ,"WSGS7530RZ 30"" Gas Range SS - Display Only",-- Unbranded --,-- No Unilog Brand --,-- No DIB Brand --,Appliance Dealers Cooperative (APPDE),Appliance Dealers Cooperative,-- Unbranded --,,WSGS7530RZ,,Appliances & Consumer Electronics>Kitchen Appliances>Ranges,"Appliance Dealers Cooperative, WSGS7530RZ, Range, Stainless Steel",RNG SST,"Appliance Dealers Cooperative WSGS7530RZ Range, Stainless Steel","The Appliance Dealers Cooperative Range is designed for commercial and industrial applications, constructed from Stainless Steel.","Range, Stainless Steel",{},Finish: Stainless Steel,Material: Stainless Steel,,,,,,,,,,,,,,,,,,,,,,,,Range,Model,WSGS7530RZ,,Material,Stainless Steel,,Color,Stainless Steel,,,,,,,,,,,,,,,,,,,,,,,,,,,,,,,,,,,,,,,,,,,,,,,,,,,,,,,,,,,,,,,,,,,,,,,,,,,,,,,,,,,,,,,,,,,,,,,,,,,,,,,,,,,,,,,,,,,,,,,,,,,,,,,,,,,,,,,,,,,,,,,,,,52141514,,,,,,,,,,,,,,,,,,,,,,,,,,,,,,,,,,,,,,,,,,,
,,,,,,,Appliances,Cooking Appliances,Cooktops,,CHP90301TBB,CHP90301TBB Café Cooktop Bk,-- Unbranded --,-- No Unilog Brand --,-- No DIB Brand --,Appliance Dealers Cooperative (APPDE),"GE Appliances, a Haier company",Café™,,CHP90301TBB,,Appliances & Consumer Electronics>Kitchen Appliances>Cooktops,"Café, CHP90301TBB, Cooktop, Black",CKTP,"Café™ CHP90301TBB Cooktop, Black","The Café™ Cooktop is designed for commercial and industrial applications, finished in Black.","Cooktop, Black",{},Finish: Black,,,,,,,,,,,,,,,,,,,,,,,,,Cooktop,Model,CHP90301TBB,,Color,Black,,,,,,,,,,,,,,,,,,,,,,,,,,,,,,,,,,,,,,,,,,,,,,,,,,,,,,,,,,,,,,,,,,,,,,,,,,,,,,,,,,,,,,,,,,,,,,,,,,,,,,,,,,,,,,,,,,,,,,,,,,,,,,,,,,,,,,,,,,,,,,,,,,,,,52141514,,,,,,,,,,,,,,,,,,,,,,,,,,,,,,,,,,,,,,,,,,,
,,,,,,,Appliances,Cooking Appliances,Microwave Ovens,,CVM517P3RD1,CVM517P3RD1 Cafe Microwave Bk - Display Only,-- Unbranded --,-- No Unilog Brand --,-- No DIB Brand --,Appliance Dealers Cooperative (APPDE),"GE Appliances, a Haier company",Café™,,CVM517P3RD1,,Appliances & Consumer Electronics>Kitchen Appliances>Microwave Ovens,"Café, CVM517P3RD1, Microwave Oven, Black",MCRW OVEN,"Café™ CVM517P3RD1 Microwave Oven, Black","The Café™ Microwave Oven is designed for commercial and industrial applications, finished in Black.","Microwave Oven, Black",{},Finish: Black,,,,,,,,,,,,,,,,,,,,,,,,,Microwave Oven,Model,CVM517P3RD1,,Color,Black,,,,,,,,,,,,,,,,,,,,,,,,,,,,,,,,,,,,,,,,,,,,,,,,,,,,,,,,,,,,,,,,,,,,,,,,,,,,,,,,,,,,,,,,,,,,,,,,,,,,,,,,,,,,,,,,,,,,,,,,,,,,,,,,,,,,,,,,,,,,,,,,,,,,,52141511,,,,,,,,,,,,,,,,,,,,,,,,,,,,,,,,,,,,,,,,,,,
,,,,,,,Appliances,Cooking Appliances,Microwave Ovens,,PMOS1980AF,PMOS1980AF OTR Microwave SS - Display Only,-- Unbranded --,-- No Unilog Brand --,-- No DIB Brand --,Appliance Dealers Cooperative (APPDE),Appliance Dealers Cooperative,-- Unbranded --,,PMOS1980AF,,Appliances & Consumer Electronics>Kitchen Appliances>Microwave Ovens,"Appliance Dealers Cooperative, PMOS1980AF, Microwave Oven, Stainless Steel",MCRW OVEN SST,"Appliance Dealers Cooperative PMOS1980AF Microwave Oven, Stainless Steel","The Appliance Dealers Cooperative Microwave Oven is designed for commercial and industrial applications, constructed from Stainless Steel.","Microwave Oven, Stainless Steel",{},Finish: Stainless Steel,Material: Stainless Steel,,,,,,,,,,,,,,,,,,,,,,,,Microwave Oven,Model,PMOS1980AF,,Material,Stainless Steel,,Color,Stainless Steel,,,,,,,,,,,,,,,,,,,,,,,,,,,,,,,,,,,,,,,,,,,,,,,,,,,,,,,,,,,,,,,,,,,,,,,,,,,,,,,,,,,,,,,,,,,,,,,,,,,,,,,,,,,,,,,,,,,,,,,,,,,,,,,,,,,,,,,,,,,,,,,,,,52141511,,,,,,,,,,,,,,,,,,,,,,,,,,,,,,,,,,,,,,,,,,,
,,,,,,,Uncategorized Supplies,General Industrial,Pending Review,,WMMS3330RZ,WMMS3330RZ OTR Mocrowave SS - Display Only,-- Unbranded --,-- No Unilog Brand --,-- No DIB Brand --,Appliance Dealers Cooperative (APPDE),Appliance Dealers Cooperative,-- Unbranded --,,WMMS3330RZ,,Uncategorized Supplies>General Industrial>Pending Review,"Appliance Dealers Cooperative, WMMS3330RZ, Mocrowave Ss, Stainless Steel",MCRW SS SST,"Appliance Dealers Cooperative WMMS3330RZ Mocrowave Ss, Stainless Steel","The Appliance Dealers Cooperative Mocrowave Ss is designed for commercial and industrial applications, constructed from Stainless Steel.","Mocrowave Ss, Stainless Steel",{},Finish: Stainless Steel,Material: Stainless Steel,,,,,,,,,,,,,,,,,,,,,,,,Mocrowave Ss,Model,WMMS3330RZ,,Material,Stainless Steel,,Color,Stainless Steel,,,,,,,,,,,,,,,,,,,,,,,,,,,,,,,,,,,,,,,,,,,,,,,,,,,,,,,,,,,,,,,,,,,,,,,,,,,,,,,,,,,,,,,,,,,,,,,,,,,,,,,,,,,,,,,,,,,,,,,,,,,,,,,,,,,,,,,,,,,,,,,,,,,,,,,,,,,,,,,,,,,,,,,,,,,,,,,,,,,,,,,,,,,,,
,,,,,,,Appliances,Cooking Appliances,Microwave Ovens,,KMMF530PBE,KMMF530PBE OTR Microwave BO Display Only,-- Unbranded --,-- No Unilog Brand --,-- No DIB Brand --,Appliance Dealers Cooperative (APPDE),Appliance Dealers Cooperative,-- Unbranded --,,KMMF530PBE,,Appliances & Consumer Electronics>Kitchen Appliances>Microwave Ovens,"Appliance Dealers Cooperative, KMMF530PBE, Microwave Oven",MCRW OVEN,Appliance Dealers Cooperative KMMF530PBE Microwave Oven,The Appliance Dealers Cooperative Microwave Oven (Part Number: KMMF530PBE).,Microwave Oven,{},,,,,,,,,,,,,,,,,,,,,,,,,,Microwave Oven,Model,KMMF530PBE,,,,,,,,,,,,,,,,,,,,,,,,,,,,,,,,,,,,,,,,,,,,,,,,,,,,,,,,,,,,,,,,,,,,,,,,,,,,,,,,,,,,,,,,,,,,,,,,,,,,,,,,,,,,,,,,,,,,,,,,,,,,,,,,,,,,,,,,,,,,,,,,,,,,,,,,52141511,,,,,,,,,,,,,,,,,,,,,,,,,,,,,,,,,,,,,,,,,,,
,,,,,,,Appliances,Cooking Appliances,Ranges,,JXGRILL1,JXGRILL1 GE Range Grill,-- Unbranded --,-- No Unilog Brand --,-- No DIB Brand --,Appliance Dealers Cooperative (APPDE),"GE Appliances, a Haier company",GE®,,JXGRILL1,,Appliances & Consumer Electronics>Kitchen Appliances>Ranges,"GE, JXGRILL1, Range",RNG,GE® JXGRILL1 Range,The GE® Range (Part Number: JXGRILL1).,Range,{},,,,,,,,,,,,,,,,,,,,,,,,,,Range,Model,JXGRILL1,,,,,,,,,,,,,,,,,,,,,,,,,,,,,,,,,,,,,,,,,,,,,,,,,,,,,,,,,,,,,,,,,,,,,,,,,,,,,,,,,,,,,,,,,,,,,,,,,,,,,,,,,,,,,,,,,,,,,,,,,,,,,,,,,,,,,,,,,,,,,,,,,,,,,,,,52141514,,,,,,,,,,,,,,,,,,,,,,,,,,,,,,,,,,,,,,,,,,,
,,,,,,,Appliances,Small Appliances,Toasters,,C9TMA2S3PD3,C9TMA2S3PD3 Café Toaster MB,-- Unbranded --,-- No Unilog Brand --,-- No DIB Brand --,Appliance Dealers Cooperative (APPDE),"GE Appliances, a Haier company",Café™,,C9TMA2S3PD3,,Appliances & Consumer Electronics>Small Appliances>Toasters,"Café, C9TMA2S3PD3, Toaster, Matte Black",TSTR,"Café™ C9TMA2S3PD3 Toaster, Matte Black","The Café™ Toaster is designed for commercial and industrial applications, finished in Matte Black.","Toaster, Matte Black",{},Finish: Matte Black,,,,,,,,,,,,,,,,,,,,,,,,,Toaster,Model,C9TMA2S3PD3,,Color,Matte Black,,,,,,,,,,,,,,,,,,,,,,,,,,,,,,,,,,,,,,,,,,,,,,,,,,,,,,,,,,,,,,,,,,,,,,,,,,,,,,,,,,,,,,,,,,,,,,,,,,,,,,,,,,,,,,,,,,,,,,,,,,,,,,,,,,,,,,,,,,,,,,,,,,,,,52141527,,,,,,,,,,,,,,,,,,,,,,,,,,,,,,,,,,,,,,,,,,,
,,,,,,,Appliances,Small Appliances,Toasters,,C9TMA2S4PW3,C9TMA2S4PW3 Café Toaster MW,-- Unbranded --,-- No Unilog Brand --,-- No DIB Brand --,Appliance Dealers Cooperative (APPDE),"GE Appliances, a Haier company",Café™,,C9TMA2S4PW3,,Appliances & Consumer Electronics>Small Appliances>Toasters,"Café, C9TMA2S4PW3, Toaster, Matte White",TSTR,"Café™ C9TMA2S4PW3 Toaster, Matte White","The Café™ Toaster is designed for commercial and industrial applications, finished in Matte White.","Toaster, Matte White",{},Finish: Matte White,,,,,,,,,,,,,,,,,,,,,,,,,Toaster,Model,C9TMA2S4PW3,,Color,Matte White,,,,,,,,,,,,,,,,,,,,,,,,,,,,,,,,,,,,,,,,,,,,,,,,,,,,,,,,,,,,,,,,,,,,,,,,,,,,,,,,,,,,,,,,,,,,,,,,,,,,,,,,,,,,,,,,,,,,,,,,,,,,,,,,,,,,,,,,,,,,,,,,,,,,,52141527,,,,,,,,,,,,,,,,,,,,,,,,,,,,,,,,,,,,,,,,,,,
,,,,,,,Appliances,Small Appliances,Toasters,,C90AAAS2RS3,C90AAAS2RS3 Cafe Toast Oven SS,-- Unbranded --,-- No Unilog Brand --,-- No DIB Brand --,Appliance Dealers Cooperative (APPDE),"GE Appliances, a Haier company",Café™,,C90AAAS2RS3,,Appliances & Consumer Electronics>Small Appliances>Toasters,"Café, C90AAAS2RS3, Toaster, Stainless Steel",TSTR SST,"Café™ C90AAAS2RS3 Toaster, Stainless Steel","The Café™ Toaster is designed for commercial and industrial applications, constructed from Stainless Steel.","Toaster, Stainless Steel",{},Finish: Stainless Steel,Material: Stainless Steel,,,,,,,,,,,,,,,,,,,,,,,,Toaster,Model,C90AAAS2RS3,,Material,Stainless Steel,,Color,Stainless Steel,,,,,,,,,,,,,,,,,,,,,,,,,,,,,,,,,,,,,,,,,,,,,,,,,,,,,,,,,,,,,,,,,,,,,,,,,,,,,,,,,,,,,,,,,,,,,,,,,,,,,,,,,,,,,,,,,,,,,,,,,,,,,,,,,,,,,,,,,,,,,,,,,,52141527,,,,,,,,,,,,,,,,,,,,,,,,,,,,,,,,,,,,,,,,,,,
,,,,,,,Appliances,Small Appliances,Toasters,,C9TMA2SP2PS3,C9TMA2S2PS3 Cafe Toaster SS,-- Unbranded --,-- No Unilog Brand --,-- No DIB Brand --,Appliance Dealers Cooperative (APPDE),"GE Appliances, a Haier company",Café™,,C9TMA2SP2PS3,,Appliances & Consumer Electronics>Small Appliances>Toasters,"Café, C9TMA2SP2PS3, Toaster, Stainless Steel",TSTR SST,"Café™ C9TMA2SP2PS3 Toaster, Stainless Steel","The Café™ Toaster is designed for commercial and industrial applications, constructed from Stainless Steel.","Toaster, Stainless Steel",{},Finish: Stainless Steel,Material: Stainless Steel,,,,,,,,,,,,,,,,,,,,,,,,Toaster,Model,C9TMA2SP2PS3,,Material,Stainless Steel,,Color,Stainless Steel,,,,,,,,,,,,,,,,,,,,,,,,,,,,,,,,,,,,,,,,,,,,,,,,,,,,,,,,,,,,,,,,,,,,,,,,,,,,,,,,,,,,,,,,,,,,,,,,,,,,,,,,,,,,,,,,,,,,,,,,,,,,,,,,,,,,,,,,,,,,,,,,,,52141527,,,,,,,,,,,,,,,,,,,,,,,,,,,,,,,,,,,,,,,,,,,
,,,,,,,Appliances,Large Appliances,Refrigerators,,GDE21EMKES,GDE21EMKES GE 21CF Fridge SL Display Only,-- Unbranded --,-- No Unilog Brand --,-- No DIB Brand --,Appliance Dealers Cooperative (APPDE),"GE Appliances, a Haier company",GE®,,GDE21EMKES,,Appliances & Consumer Electronics>Kitchen Appliances>Refrigerators,"GE, GDE21EMKES, Refrigerator",RFRG,GE® GDE21EMKES Refrigerator,The GE® Refrigerator (Part Number: GDE21EMKES).,Refrigerator,{},,,,,,,,,,,,,,,,,,,,,,,,,,Refrigerator,Model,GDE21EMKES,,,,,,,,,,,,,,,,,,,,,,,,,,,,,,,,,,,,,,,,,,,,,,,,,,,,,,,,,,,,,,,,,,,,,,,,,,,,,,,,,,,,,,,,,,,,,,,,,,,,,,,,,,,,,,,,,,,,,,,,,,,,,,,,,,,,,,,,,,,,,,,,,,,,,,,,24131501,,,,,,,,,,,,,,,,,,,,,,,,,,,,,,,,,,,,,,,,,,,
,,,,,,,Appliances,Large Appliances,Freezers,,FCM16SLWW,FCM16SLWW 16CF GE Freezer Chest MH,-- Unbranded --,-- No Unilog Brand --,-- No DIB Brand --,Appliance Dealers Cooperative (APPDE),"GE Appliances, a Haier company",GE®,,FCM16SLWW,,Appliances & Consumer Electronics>Kitchen Appliances>Freezers,"GE, FCM16SLWW, Freezer",FRZR,GE® FCM16SLWW Freezer,The GE® Freezer (Part Number: FCM16SLWW).,Freezer,{},,,,,,,,,,,,,,,,,,,,,,,,,,Freezer,Model,FCM16SLWW,,,,,,,,,,,,,,,,,,,,,,,,,,,,,,,,,,,,,,,,,,,,,,,,,,,,,,,,,,,,,,,,,,,,,,,,,,,,,,,,,,,,,,,,,,,,,,,,,,,,,,,,,,,,,,,,,,,,,,,,,,,,,,,,,,,,,,,,,,,,,,,,,,,,,,,,24131502,,,,,,,,,,,,,,,,,,,,,,,,,,,,,,,,,,,,,,,,,,,
,,,,,,,Appliances,Large Appliances,Refrigerators,,GNE27JYMFS,GNE27JYMFS GE Fridge SS,-- Unbranded --,-- No Unilog Brand --,-- No DIB Brand --,Appliance Dealers Cooperative (APPDE),"GE Appliances, a Haier company",GE®,,GNE27JYMFS,,Appliances & Consumer Electronics>Kitchen Appliances>Refrigerators,"GE, GNE27JYMFS, Refrigerator, Stainless Steel",RFRG SST,"GE® GNE27JYMFS Refrigerator, Stainless Steel","The GE® Refrigerator is designed for commercial and industrial applications, constructed from Stainless Steel.","Refrigerator, Stainless Steel",{},Finish: Stainless Steel,Material: Stainless Steel,,,,,,,,,,,,,,,,,,,,,,,,Refrigerator,Model,GNE27JYMFS,,Material,Stainless Steel,,Color,Stainless Steel,,,,,,,,,,,,,,,,,,,,,,,,,,,,,,,,,,,,,,,,,,,,,,,,,,,,,,,,,,,,,,,,,,,,,,,,,,,,,,,,,,,,,,,,,,,,,,,,,,,,,,,,,,,,,,,,,,,,,,,,,,,,,,,,,,,,,,,,,,,,,,,,,,24131501,,,,,,,,,,,,,,,,,,,,,,,,,,,,,,,,,,,,,,,,,,,
,,,,,,,Appliances,Large Appliances,Refrigerators,,CVE28DP3ND1,CVE28DP3ND1 Cafe Fridge Bk,-- Unbranded --,-- No Unilog Brand --,-- No DIB Brand --,Appliance Dealers Cooperative (APPDE),"GE Appliances, a Haier company",Café™,,CVE28DP3ND1,,Appliances & Consumer Electronics>Kitchen Appliances>Refrigerators,"Café, CVE28DP3ND1, Refrigerator, Black",RFRG,"Café™ CVE28DP3ND1 Refrigerator, Black","The Café™ Refrigerator is designed for commercial and industrial applications, finished in Black.","Refrigerator, Black",{},Finish: Black,,,,,,,,,,,,,,,,,,,,,,,,,Refrigerator,Model,CVE28DP3ND1,,Color,Black,,,,,,,,,,,,,,,,,,,,,,,,,,,,,,,,,,,,,,,,,,,,,,,,,,,,,,,,,,,,,,,,,,,,,,,,,,,,,,,,,,,,,,,,,,,,,,,,,,,,,,,,,,,,,,,,,,,,,,,,,,,,,,,,,,,,,,,,,,,,,,,,,,,,,24131501,,,,,,,,,,,,,,,,,,,,,,,,,,,,,,,,,,,,,,,,,,,
,,,,,,,Appliances,Large Appliances,Refrigerators,,GNE25JMKES,GNE25JMKES GE Fridge Slate - Display Only,-- Unbranded --,-- No Unilog Brand --,-- No DIB Brand --,Appliance Dealers Cooperative (APPDE),"GE Appliances, a Haier company",GE®,,GNE25JMKES,,Appliances & Consumer Electronics>Kitchen Appliances>Refrigerators,"GE, GNE25JMKES, Refrigerator",RFRG,GE® GNE25JMKES Refrigerator,The GE® Refrigerator (Part Number: GNE25JMKES).,Refrigerator,{},,,,,,,,,,,,,,,,,,,,,,,,,,Refrigerator,Model,GNE25JMKES,,,,,,,,,,,,,,,,,,,,,,,,,,,,,,,,,,,,,,,,,,,,,,,,,,,,,,,,,,,,,,,,,,,,,,,,,,,,,,,,,,,,,,,,,,,,,,,,,,,,,,,,,,,,,,,,,,,,,,,,,,,,,,,,,,,,,,,,,,,,,,,,,,,,,,,,24131501,,,,,,,,,,,,,,,,,,,,,,,,,,,,,,,,,,,,,,,,,,,
,,,,,,,Appliances,Large Appliances,Refrigerators,,PRFS2883AF,"PRFS2883AF 36"" Fridge SS - Display Only",-- Unbranded --,-- No Unilog Brand --,-- No DIB Brand --,Appliance Dealers Cooperative (APPDE),Appliance Dealers Cooperative,-- Unbranded --,,PRFS2883AF,,Appliances & Consumer Electronics>Kitchen Appliances>Refrigerators,"Appliance Dealers Cooperative, PRFS2883AF, Refrigerator, Stainless Steel",RFRG SST,"Appliance Dealers Cooperative PRFS2883AF Refrigerator, Stainless Steel","The Appliance Dealers Cooperative Refrigerator is designed for commercial and industrial applications, constructed from Stainless Steel.","Refrigerator, Stainless Steel",{},Finish: Stainless Steel,Material: Stainless Steel,,,,,,,,,,,,,,,,,,,,,,,,Refrigerator,Model,PRFS2883AF,,Material,Stainless Steel,,Color,Stainless Steel,,,,,,,,,,,,,,,,,,,,,,,,,,,,,,,,,,,,,,,,,,,,,,,,,,,,,,,,,,,,,,,,,,,,,,,,,,,,,,,,,,,,,,,,,,,,,,,,,,,,,,,,,,,,,,,,,,,,,,,,,,,,,,,,,,,,,,,,,,,,,,,,,,24131501,,,,,,,,,,,,,,,,,,,,,,,,,,,,,,,,,,,,,,,,,,,
,,,,,,,Appliances,Large Appliances,Refrigerators,,PAD28BYTFS,PAD28BYTFS GE Fridge SS,-- Unbranded --,-- No Unilog Brand --,-- No DIB Brand --,Appliance Dealers Cooperative (APPDE),"GE Appliances, a Haier company",GE®,,PAD28BYTFS,,Appliances & Consumer Electronics>Kitchen Appliances>Refrigerators,"GE, PAD28BYTFS, Refrigerator, Stainless Steel",RFRG SST,"GE® PAD28BYTFS Refrigerator, Stainless Steel","The GE® Refrigerator is designed for commercial and industrial applications, constructed from Stainless Steel.","Refrigerator, Stainless Steel",{},Finish: Stainless Steel,Material: Stainless Steel,,,,,,,,,,,,,,,,,,,,,,,,Refrigerator,Model,PAD28BYTFS,,Material,Stainless Steel,,Color,Stainless Steel,,,,,,,,,,,,,,,,,,,,,,,,,,,,,,,,,,,,,,,,,,,,,,,,,,,,,,,,,,,,,,,,,,,,,,,,,,,,,,,,,,,,,,,,,,,,,,,,,,,,,,,,,,,,,,,,,,,,,,,,,,,,,,,,,,,,,,,,,,,,,,,,,,24131501,,,,,,,,,,,,,,,,,,,,,,,,,,,,,,,,,,,,,,,,,,,
,,,,,,,Appliances,Large Appliances,Refrigerators,,PGE29BYTFS,PGE29BYTFS GE Fridge SS,-- Unbranded --,-- No Unilog Brand --,-- No DIB Brand --,Appliance Dealers Cooperative (APPDE),"GE Appliances, a Haier company",GE®,,PGE29BYTFS,,Appliances & Consumer Electronics>Kitchen Appliances>Refrigerators,"GE, PGE29BYTFS, Refrigerator, Stainless Steel",RFRG SST,"GE® PGE29BYTFS Refrigerator, Stainless Steel","The GE® Refrigerator is designed for commercial and industrial applications, constructed from Stainless Steel.","Refrigerator, Stainless Steel",{},Finish: Stainless Steel,Material: Stainless Steel,,,,,,,,,,,,,,,,,,,,,,,,Refrigerator,Model,PGE29BYTFS,,Material,Stainless Steel,,Color,Stainless Steel,,,,,,,,,,,,,,,,,,,,,,,,,,,,,,,,,,,,,,,,,,,,,,,,,,,,,,,,,,,,,,,,,,,,,,,,,,,,,,,,,,,,,,,,,,,,,,,,,,,,,,,,,,,,,,,,,,,,,,,,,,,,,,,,,,,,,,,,,,,,,,,,,,24131501,,,,,,,,,,,,,,,,,,,,,,,,,,,,,,,,,,,,,,,,,,,
,,,,,,,Appliances,Large Appliances,Refrigerators,,ERFD19CGCS,ERFD19CGCS Element Fridge SS,-- Unbranded --,-- No Unilog Brand --,-- No DIB Brand --,Appliance Dealers Cooperative (APPDE),Element Appliances,Element®,,ERFD19CGCS,,Appliances & Consumer Electronics>Kitchen Appliances>Refrigerators,"Element Appliances Element, ERFD19CGCS, Refrigerator, Stainless Steel",RFRG SST,"Element® ERFD19CGCS Refrigerator, Stainless Steel","The Element® Refrigerator is designed for commercial and industrial applications, constructed from Stainless Steel.","Refrigerator, Stainless Steel",{},Finish: Stainless Steel,Material: Stainless Steel,,,,,,,,,,,,,,,,,,,,,,,,Refrigerator,Model,ERFD19CGCS,,Material,Stainless Steel,,Color,Stainless Steel,,,,,,,,,,,,,,,,,,,,,,,,,,,,,,,,,,,,,,,,,,,,,,,,,,,,,,,,,,,,,,,,,,,,,,,,,,,,,,,,,,,,,,,,,,,,,,,,,,,,,,,,,,,,,,,,,,,,,,,,,,,,,,,,,,,,,,,,,,,,,,,,,,24131501,,,,,,,,,,,,,,,,,,,,,,,,,,,,,,,,,,,,,,,,,,,
,,,,,,,Appliances,Large Appliances,Refrigerators,,LT18S2100W,LT18S2100W LG Fridge Wh,-- Unbranded --,-- No Unilog Brand --,-- No DIB Brand --,Appliance Dealers Cooperative (APPDE),"LG Electronics U.S.A., Inc.",LG®,,LT18S2100W,,Appliances & Consumer Electronics>Kitchen Appliances>Refrigerators,"LG, LT18S2100W, Refrigerator, White",RFRG,"LG® LT18S2100W Refrigerator, White","The LG® Refrigerator is designed for commercial and industrial applications, finished in White.","Refrigerator, White",{},Finish: White,,,,,,,,,,,,,,,,,,,,,,,,,Refrigerator,Model,LT18S2100W,,Color,White,,,,,,,,,,,,,,,,,,,,,,,,,,,,,,,,,,,,,,,,,,,,,,,,,,,,,,,,,,,,,,,,,,,,,,,,,,,,,,,,,,,,,,,,,,,,,,,,,,,,,,,,,,,,,,,,,,,,,,,,,,,,,,,,,,,,,,,,,,,,,,,,,,,,,24131501,,,,,,,,,,,,,,,,,,,,,,,,,,,,,,,,,,,,,,,,,,,
,,,,,,,Appliances,Large Appliances,Refrigerators,,LT18S2100SS,LT18S2100S 18CF LG Fridge SS,-- Unbranded --,-- No Unilog Brand --,-- No DIB Brand --,Appliance Dealers Cooperative (APPDE),"LG Electronics U.S.A., Inc.",LG®,,LT18S2100SS,,Appliances & Consumer Electronics>Kitchen Appliances>Refrigerators,"LG, LT18S2100SS, Refrigerator, Stainless Steel",RFRG SST,"LG® LT18S2100SS Refrigerator, Stainless Steel","The LG® Refrigerator is designed for commercial and industrial applications, constructed from Stainless Steel.","Refrigerator, Stainless Steel",{},Finish: Stainless Steel,Material: Stainless Steel,,,,,,,,,,,,,,,,,,,,,,,,Refrigerator,Model,LT18S2100SS,,Material,Stainless Steel,,Color,Stainless Steel,,,,,,,,,,,,,,,,,,,,,,,,,,,,,,,,,,,,,,,,,,,,,,,,,,,,,,,,,,,,,,,,,,,,,,,,,,,,,,,,,,,,,,,,,,,,,,,,,,,,,,,,,,,,,,,,,,,,,,,,,,,,,,,,,,,,,,,,,,,,,,,,,,24131501,,,,,,,,,,,,,,,,,,,,,,,,,,,,,,,,,,,,,,,,,,,
,,,,,,,Appliances,Large Appliances,Freezers,,EUF17CDBW,EUF17CDBW Element 17CF Freezer - Upright,-- Unbranded --,-- No Unilog Brand --,-- No DIB Brand --,Appliance Dealers Cooperative (APPDE),Element Appliances,Element®,,EUF17CDBW,,Appliances & Consumer Electronics>Kitchen Appliances>Freezers,"Element Appliances Element, EUF17CDBW, Freezer",FRZR,Element® EUF17CDBW Freezer,The Element® Freezer (Part Number: EUF17CDBW).,Freezer,{},,,,,,,,,,,,,,,,,,,,,,,,,,Freezer,Model,EUF17CDBW,,,,,,,,,,,,,,,,,,,,,,,,,,,,,,,,,,,,,,,,,,,,,,,,,,,,,,,,,,,,,,,,,,,,,,,,,,,,,,,,,,,,,,,,,,,,,,,,,,,,,,,,,,,,,,,,,,,,,,,,,,,,,,,,,,,,,,,,,,,,,,,,,,,,,,,,24131502,,,,,,,,,,,,,,,,,,,,,,,,,,,,,,,,,,,,,,,,,,,
,,,,,,,Appliances,Large Appliances,Freezers,,EUF21CDBW,EUF21CDBW Element 21CF Freezer - Upright,-- Unbranded --,-- No Unilog Brand --,-- No DIB Brand --,Appliance Dealers Cooperative (APPDE),Element Appliances,Element®,,EUF21CDBW,,Appliances & Consumer Electronics>Kitchen Appliances>Freezers,"Element Appliances Element, EUF21CDBW, Freezer",FRZR,Element® EUF21CDBW Freezer,The Element® Freezer (Part Number: EUF21CDBW).,Freezer,{},,,,,,,,,,,,,,,,,,,,,,,,,,Freezer,Model,EUF21CDBW,,,,,,,,,,,,,,,,,,,,,,,,,,,,,,,,,,,,,,,,,,,,,,,,,,,,,,,,,,,,,,,,,,,,,,,,,,,,,,,,,,,,,,,,,,,,,,,,,,,,,,,,,,,,,,,,,,,,,,,,,,,,,,,,,,,,,,,,,,,,,,,,,,,,,,,,24131502,,,,,,,,,,,,,,,,,,,,,,,,,,,,,,,,,,,,,,,,,,,
,,,,,,,Uncategorized Supplies,General Industrial,Pending Review,,TP-1935,TP-1935 Hole Drilling System,-- Unbranded --,-- No Unilog Brand --,-- No DIB Brand --,Unbranded,Unbranded,-- Unbranded --,,TP-1935,,Uncategorized Supplies>General Industrial>Pending Review,"Unbranded, TP-1935, Drilling System",DRLN SYST,Unbranded TP-1935 Drilling System,The Unbranded Drilling System (Part Number: TP-1935).,Drilling System,{},,,,,,,,,,,,,,,,,,,,,,,,,,Drilling System,Model,TP-1935,,,,,,,,,,,,,,,,,,,,,,,,,,,,,,,,,,,,,,,,,,,,,,,,,,,,,,,,,,,,,,,,,,,,,,,,,,,,,,,,,,,,,,,,,,,,,,,,,,,,,,,,,,,,,,,,,,,,,,,,,,,,,,,,,,,,,,,,,,,,,,,,,,,,,,,,,,,,,,,,,,,,,,,,,,,,,,,,,,,,,,,,,,,,,,,,,,,
,,,,,,,Uncategorized Supplies,General Industrial,Pending Review,,K527APBXR,"K527APBXR Senco .131x3"" SM BB - 500CT",-- Unbranded --,-- No Unilog Brand --,-- No DIB Brand --,Senco Products Inc (4650),"Kyocera Senco Industrial Tools, Inc.",Senco®,,K527APBXR,,Uncategorized Supplies>General Industrial>Pending Review,"Senco, K527APBXR, Sm Bb, 131 x 3, 500 Pack",SM BB 500PK,"Senco® K527APBXR Sm Bb, 131 x 3, 500 Pack","The Senco® Sm Bb is designed for commercial and industrial applications, measuring 131 x 3.",Sm Bb,{'Dimensions': '131x3'},Size: 131 x 3,500 Count Package,Size / Dimensions: 131x3 in,,,,,,,,,,,,,,,,,,,,,,,Sm Bb,Model,K527APBXR,,Size,131 x 3,,Package Quantity,500,pk,Dimensions,131x3,,Size / Dimensions,131x3,in,,,,,,,,,,,,,,,,,,,,,,,,,,,,,,,,,,,,,,,,,,,,,,,,,,,,,,,,,,,,,,,,,,,,,,,,,,,,,,,,,,,,,,,,,,,,,,,,,,,,,,,,,,,,,,,,,,,,,,,,,,,,,,,,,,,,,,,,,,,,,,,,,,,,,,,,,,,,,,,,,,,,,,,,,,,,,,,,,,,,,,
,,,,,,,Fasteners & Hardware,Collated Fasteners,Nails,,603150,"603150 2-1/2"" Finish Nail 15GA - 4M",-- Unbranded --,-- No Unilog Brand --,-- No DIB Brand --,National Nail Corp (7439),National Nail Corp.,CAMO®,,603150,,Fasteners>Nails>Collated Nails,"National Nail Corp. CAMO, 603150, Collated Nails",CLTD NLS,CAMO® 603150 Collated Nails,The CAMO® Collated Nails (Part Number: 603150).,Collated Nails,{},,,,,,,,,,,,,,,,,,,,,,,,,,Collated Nails,Model,603150,,,,,,,,,,,,,,,,,,,,,,,,,,,,,,,,,,,,,,,,,,,,,,,,,,,,,,,,,,,,,,,,,,,,,,,,,,,,,,,,,,,,,,,,,,,,,,,,,,,,,,,,,,,,,,,,,,,,,,,,,,,,,,,,,,,,,,,,,,,,,,,,,,,,,,,,31162000,,,,,,,,,,,,,,,,,,,,,,,,,,,,,,,,,,,,,,,,,,,
,,,,,,,Fasteners & Hardware,Collated Fasteners,Staples,,d10cnk,"D10CNK Prebena 1/2""x3/8"" - Staple",-- Unbranded --,-- No Unilog Brand --,-- No DIB Brand --,Prebena (PREBE),Prebena Fastening Technology,Prebena®,,d10cnk,,Fasteners>Staples>Heavy Duty Staples,"Prebena, d10cnk, Staples, 1/2 x 3/8",STPL,"Prebena® d10cnk Staples, 1/2 x 3/8","The Prebena® Staples is designed for commercial and industrial applications, measuring 1/2 x 3/8.",Staples,"{'Dimensions': '1/2""x3/8'}",Size: 1/2 x 3/8,Size / Dimensions: 1/2 inx3/8 in,,,,,,,,,,,,,,,,,,,,,,,,Staples,Model,d10cnk,,Size,1/2 x 3/8,,Dimensions,1/2x3/8,,Size / Dimensions,1/2 inx3/8,in,,,,,,,,,,,,,,,,,,,,,,,,,,,,,,,,,,,,,,,,,,,,,,,,,,,,,,,,,,,,,,,,,,,,,,,,,,,,,,,,,,,,,,,,,,,,,,,,,,,,,,,,,,,,,,,,,,,,,,,,,,,,,,,,,,,,,,,,,,,,,,31162000,,,,,,,,,,,,,,,,,,,,,,,,,,,,,,,,,,,,,,,,,,,
,,,,,,,Fasteners & Hardware,Collated Fasteners,Staples,,e28cnkha,"E28CNKHA Prebena 2/4""x1 1/8"" - Staple",-- Unbranded --,-- No Unilog Brand --,-- No DIB Brand --,Prebena (PREBE),Prebena Fastening Technology,Prebena®,,e28cnkha,,Fasteners>Staples>Heavy Duty Staples,"Prebena, e28cnkha, Staples, 2/4 x 1",STPL,"Prebena® e28cnkha Staples, 2/4 x 1","The Prebena® Staples is designed for commercial and industrial applications, measuring 2/4 x 1.",Staples,"{'Dimensions': '2/4""x1'}",Size: 2/4 x 1,Size / Dimensions: 2/4 inx1,,,,,,,,,,,,,,,,,,,,,,,,Staples,Model,e28cnkha,,Size,2/4 x 1,,Dimensions,2/4x1,,Size / Dimensions,2/4 inx1,,,,,,,,,,,,,,,,,,,,,,,,,,,,,,,,,,,,,,,,,,,,,,,,,,,,,,,,,,,,,,,,,,,,,,,,,,,,,,,,,,,,,,,,,,,,,,,,,,,,,,,,,,,,,,,,,,,,,,,,,,,,,,,,,,,,,,,,,,,,,,,31162000,,,,,,,,,,,,,,,,,,,,,,,,,,,,,,,,,,,,,,,,,,,
,,,,,,,Uncategorized Supplies,General Industrial,Pending Review,,51334,"51334 44"" Wh Gilmour Fan",-- Unbranded --,-- No Unilog Brand --,-- No DIB Brand --,Hunter Fan Co (4381),Hunter Fan Company,Hunter®,,51334,,Uncategorized Supplies>General Industrial>Pending Review,"Hunter Fan Company Hunter, 51334, Gilmour Fan, White",GLMR FAN,"Hunter® 51334 Gilmour Fan, White","The Hunter® Gilmour Fan is designed for commercial and industrial applications, finished in White.","Gilmour Fan, White",{},Finish: White,,,,,,,,,,,,,,,,,,,,,,,,,Gilmour Fan,Model,51334,,Color,White,,,,,,,,,,,,,,,,,,,,,,,,,,,,,,,,,,,,,,,,,,,,,,,,,,,,,,,,,,,,,,,,,,,,,,,,,,,,,,,,,,,,,,,,,,,,,,,,,,,,,,,,,,,,,,,,,,,,,,,,,,,,,,,,,,,,,,,,,,,,,,,,,,,,,,,,,,,,,,,,,,,,,,,,,,,,,,,,,,,,,,,,,,,,,,,,
,,,,,,,Uncategorized Supplies,General Industrial,Pending Review,,59210,"59210 52"" BZ Sent Hunter Fan",-- Unbranded --,-- No Unilog Brand --,Hunter,Hunter Fan Co (4381),Hunter Fan Company,Hunter®,,59210,,Uncategorized Supplies>General Industrial>Pending Review,"Hunter Fan Company Hunter, 59210, Hunter Fan, Bronze",HNTR FAN,"Hunter® 59210 Hunter Fan, Bronze","The Hunter® Hunter Fan is designed for commercial and industrial applications, finished in Bronze.","Hunter Fan, Bronze",{},Finish: Bronze,,,,,,,,,,,,,,,,,,,,,,,,,Hunter Fan,Model,59210,,Color,Bronze,,,,,,,,,,,,,,,,,,,,,,,,,,,,,,,,,,,,,,,,,,,,,,,,,,,,,,,,,,,,,,,,,,,,,,,,,,,,,,,,,,,,,,,,,,,,,,,,,,,,,,,,,,,,,,,,,,,,,,,,,,,,,,,,,,,,,,,,,,,,,,,,,,,,,,,,,,,,,,,,,,,,,,,,,,,,,,,,,,,,,,,,,,,,,,,,
,,,,,,,Uncategorized Supplies,General Industrial,Pending Review,,52485,"52485 52"" MB Anisten Fan",-- Unbranded --,-- No Unilog Brand --,-- No DIB Brand --,Hunter Fan Co (4381),Hunter Fan Company,Hunter®,,52485,,Uncategorized Supplies>General Industrial>Pending Review,"Hunter Fan Company Hunter, 52485, Anisten Fan, Matte Black",ANST FAN,"Hunter® 52485 Anisten Fan, Matte Black","The Hunter® Anisten Fan is designed for commercial and industrial applications, finished in Matte Black.","Anisten Fan, Matte Black",{},Finish: Matte Black,,,,,,,,,,,,,,,,,,,,,,,,,Anisten Fan,Model,52485,,Color,Matte Black,,,,,,,,,,,,,,,,,,,,,,,,,,,,,,,,,,,,,,,,,,,,,,,,,,,,,,,,,,,,,,,,,,,,,,,,,,,,,,,,,,,,,,,,,,,,,,,,,,,,,,,,,,,,,,,,,,,,,,,,,,,,,,,,,,,,,,,,,,,,,,,,,,,,,,,,,,,,,,,,,,,,,,,,,,,,,,,,,,,,,,,,,,,,,,,,
,,,,,,,Uncategorized Supplies,General Industrial,Pending Review,,52486,"52486 44"" MB Anisten Fan",-- Unbranded --,-- No Unilog Brand --,-- No DIB Brand --,Hunter Fan Co (4381),Hunter Fan Company,Hunter®,,52486,,Uncategorized Supplies>General Industrial>Pending Review,"Hunter Fan Company Hunter, 52486, Anisten Fan, Matte Black",ANST FAN,"Hunter® 52486 Anisten Fan, Matte Black","The Hunter® Anisten Fan is designed for commercial and industrial applications, finished in Matte Black.","Anisten Fan, Matte Black",{},Finish: Matte Black,,,,,,,,,,,,,,,,,,,,,,,,,Anisten Fan,Model,52486,,Color,Matte Black,,,,,,,,,,,,,,,,,,,,,,,,,,,,,,,,,,,,,,,,,,,,,,,,,,,,,,,,,,,,,,,,,,,,,,,,,,,,,,,,,,,,,,,,,,,,,,,,,,,,,,,,,,,,,,,,,,,,,,,,,,,,,,,,,,,,,,,,,,,,,,,,,,,,,,,,,,,,,,,,,,,,,,,,,,,,,,,,,,,,,,,,,,,,,,,,
,,,,,,,Uncategorized Supplies,General Industrial,Pending Review,,52487,"52487 52"" WH Anisten Fan",-- Unbranded --,-- No Unilog Brand --,-- No DIB Brand --,Hunter Fan Co (4381),Hunter Fan Company,Hunter®,,52487,,Uncategorized Supplies>General Industrial>Pending Review,"Hunter Fan Company Hunter, 52487, Anisten Fan, White",ANST FAN,"Hunter® 52487 Anisten Fan, White","The Hunter® Anisten Fan is designed for commercial and industrial applications, finished in White.","Anisten Fan, White",{},Finish: White,,,,,,,,,,,,,,,,,,,,,,,,,Anisten Fan,Model,52487,,Color,White,,,,,,,,,,,,,,,,,,,,,,,,,,,,,,,,,,,,,,,,,,,,,,,,,,,,,,,,,,,,,,,,,,,,,,,,,,,,,,,,,,,,,,,,,,,,,,,,,,,,,,,,,,,,,,,,,,,,,,,,,,,,,,,,,,,,,,,,,,,,,,,,,,,,,,,,,,,,,,,,,,,,,,,,,,,,,,,,,,,,,,,,,,,,,,,,
,,,,,,,Uncategorized Supplies,General Industrial,Pending Review,,52488,"52488 44"" WH Anisten Fan",-- Unbranded --,-- No Unilog Brand --,-- No DIB Brand --,Hunter Fan Co (4381),Hunter Fan Company,Hunter®,,52488,,Uncategorized Supplies>General Industrial>Pending Review,"Hunter Fan Company Hunter, 52488, Anisten Fan, White",ANST FAN,"Hunter® 52488 Anisten Fan, White","The Hunter® Anisten Fan is designed for commercial and industrial applications, finished in White.","Anisten Fan, White",{},Finish: White,,,,,,,,,,,,,,,,,,,,,,,,,Anisten Fan,Model,52488,,Color,White,,,,,,,,,,,,,,,,,,,,,,,,,,,,,,,,,,,,,,,,,,,,,,,,,,,,,,,,,,,,,,,,,,,,,,,,,,,,,,,,,,,,,,,,,,,,,,,,,,,,,,,,,,,,,,,,,,,,,,,,,,,,,,,,,,,,,,,,,,,,,,,,,,,,,,,,,,,,,,,,,,,,,,,,,,,,,,,,,,,,,,,,,,,,,,,,
,,,,,,,Uncategorized Supplies,General Industrial,Pending Review,,52655,"52655 52"" MB Xidane Hunter Fan",-- Unbranded --,-- No Unilog Brand --,-- No DIB Brand --,Hunter Fan Co (4381),Hunter Fan Company,Hunter®,,52655,,Uncategorized Supplies>General Industrial>Pending Review,"Hunter Fan Company Hunter, 52655, Hunter Fan, Matte Black",HNTR FAN,"Hunter® 52655 Hunter Fan, Matte Black","The Hunter® Hunter Fan is designed for commercial and industrial applications, finished in Matte Black.","Hunter Fan, Matte Black",{},Finish: Matte Black,,,,,,,,,,,,,,,,,,,,,,,,,Hunter Fan,Model,52655,,Color,Matte Black,,,,,,,,,,,,,,,,,,,,,,,,,,,,,,,,,,,,,,,,,,,,,,,,,,,,,,,,,,,,,,,,,,,,,,,,,,,,,,,,,,,,,,,,,,,,,,,,,,,,,,,,,,,,,,,,,,,,,,,,,,,,,,,,,,,,,,,,,,,,,,,,,,,,,,,,,,,,,,,,,,,,,,,,,,,,,,,,,,,,,,,,,,,,,,,,
,,,,,,,Uncategorized Supplies,General Industrial,Pending Review,,59261,"59261 52"" PB Cassius Fan",-- Unbranded --,-- No Unilog Brand --,-- No DIB Brand --,Hunter Fan Co (4381),Hunter Fan Company,Hunter®,,59261,,Uncategorized Supplies>General Industrial>Pending Review,"Hunter Fan Company Hunter, 59261, Cassius Fan",CS FAN,Hunter® 59261 Cassius Fan,The Hunter® Cassius Fan (Part Number: 59261).,Cassius Fan,{},,,,,,,,,,,,,,,,,,,,,,,,,,Cassius Fan,Model,59261,,,,,,,,,,,,,,,,,,,,,,,,,,,,,,,,,,,,,,,,,,,,,,,,,,,,,,,,,,,,,,,,,,,,,,,,,,,,,,,,,,,,,,,,,,,,,,,,,,,,,,,,,,,,,,,,,,,,,,,,,,,,,,,,,,,,,,,,,,,,,,,,,,,,,,,,,,,,,,,,,,,,,,,,,,,,,,,,,,,,,,,,,,,,,,,,,,,
,,,,,,,Uncategorized Supplies,General Industrial,Pending Review,,51731,"51731 52"" MB Jetty Hunter Fan",-- Unbranded --,-- No Unilog Brand --,-- No DIB Brand --,Hunter Fan Co (4381),Hunter Fan Company,Hunter®,,51731,,Uncategorized Supplies>General Industrial>Pending Review,"Hunter Fan Company Hunter, 51731, Hunter Fan, Matte Black",HNTR FAN,"Hunter® 51731 Hunter Fan, Matte Black","The Hunter® Hunter Fan is designed for commercial and industrial applications, finished in Matte Black.","Hunter Fan, Matte Black",{},Finish: Matte Black,,,,,,,,,,,,,,,,,,,,,,,,,Hunter Fan,Model,51731,,Color,Matte Black,,,,,,,,,,,,,,,,,,,,,,,,,,,,,,,,,,,,,,,,,,,,,,,,,,,,,,,,,,,,,,,,,,,,,,,,,,,,,,,,,,,,,,,,,,,,,,,,,,,,,,,,,,,,,,,,,,,,,,,,,,,,,,,,,,,,,,,,,,,,,,,,,,,,,,,,,,,,,,,,,,,,,,,,,,,,,,,,,,,,,,,,,,,,,,,,
,,,,,,,Uncategorized Supplies,General Industrial,Pending Review,,XLC10ZW,XLC10ZW Makita 18V Cordless Vacuum (Bare),-- Unbranded --,-- No Unilog Brand --,-- No DIB Brand --,Makita Usa Inc (5142),"Makita U.S.A., Inc.",Makita®,,XLC10ZW,,Uncategorized Supplies>General Industrial>Pending Review,"Makita U.S.A., Inc. Makita, XLC10ZW, Vacuum Bare, 18 V",VCM BARE 18V,Makita® XLC10ZW Vacuum Bare,"The Makita® Vacuum Bare is designed for commercial and industrial applications, rated at 18 V.",Vacuum Bare,{'Voltage': '18 V'},18 V electrical rating,,,,,,,,,,,,,,,,,,,,,,,,,Vacuum Bare,Model,XLC10ZW,,Voltage Rating,18,V,Voltage,18 V,,,,,,,,,,,,,,,,,,,,,,,,,,,,,,,,,,,,,,,,,,,,,,,,,,,,,,,,,,,,,,,,,,,,,,,,,,,,,,,,,,,,,,,,,,,,,,,,,,,,,,,,,,,,,,,,,,,,,,,,,,,,,,,,,,,,,,,,,,,,,,,,,,,,,,,,,,,,,,,,,,,,,,,,,,,,,,,,,,,,,,,,,,,,,
,,,,,,,Uncategorized Supplies,General Industrial,Pending Review,,HS-DA,HS-DA Motion Driveway Alert,-- Unbranded --,-- No Unilog Brand --,-- No DIB Brand --,Sabre (9195),Security Equipment Corporation,SABRE®,,HS-DA,,Uncategorized Supplies>General Industrial>Pending Review,"SABRE, HS-DA, Driveway Alert",DRVW ALRT,SABRE® HS-DA Driveway Alert,The SABRE® Driveway Alert (Part Number: HS-DA).,Driveway Alert,{},,,,,,,,,,,,,,,,,,,,,,,,,,Driveway Alert,Model,HS-DA,,,,,,,,,,,,,,,,,,,,,,,,,,,,,,,,,,,,,,,,,,,,,,,,,,,,,,,,,,,,,,,,,,,,,,,,,,,,,,,,,,,,,,,,,,,,,,,,,,,,,,,,,,,,,,,,,,,,,,,,,,,,,,,,,,,,,,,,,,,,,,,,,,,,,,,,,,,,,,,,,,,,,,,,,,,,,,,,,,,,,,,,,,,,,,,,,,,
,,,,,,,Uncategorized Supplies,General Industrial,Pending Review,,73002252,Black Gate Gravity Latch RDI,-- Unbranded --,-- No Unilog Brand --,-- No DIB Brand --,Unbranded,Unbranded,-- Unbranded --,,73002252,,Uncategorized Supplies>General Industrial>Pending Review,"Unbranded, 73002252, Latch Rdi, Black",LTCH RDI,"Unbranded 73002252 Latch Rdi, Black","The Unbranded Latch Rdi is designed for commercial and industrial applications, finished in Black.","Latch Rdi, Black",{},Finish: Black,,,,,,,,,,,,,,,,,,,,,,,,,Latch Rdi,Model,73002252,,Color,Black,,,,,,,,,,,,,,,,,,,,,,,,,,,,,,,,,,,,,,,,,,,,,,,,,,,,,,,,,,,,,,,,,,,,,,,,,,,,,,,,,,,,,,,,,,,,,,,,,,,,,,,,,,,,,,,,,,,,,,,,,,,,,,,,,,,,,,,,,,,,,,,,,,,,,,,,,,,,,,,,,,,,,,,,,,,,,,,,,,,,,,,,,,,,,,,,
,,,,,,,Uncategorized Supplies,General Industrial,Pending Review,,48-22-8396R,48-22-8396R Milw 24oz Bottle - Insulated,-- Unbranded --,-- No Unilog Brand --,-- No DIB Brand --,Milwaukee Accessory (4031),Milwaukee Electric Tool Corporation,Milwaukee®,,48-22-8396R,,Uncategorized Supplies>General Industrial>Pending Review,"Milwaukee, 48-22-8396R, Bottle Insulated",BTL INSL,Milwaukee® 48-22-8396R Bottle Insulated,The Milwaukee® Bottle Insulated (Part Number: 48-22-8396R).,Bottle Insulated,{},,,,,,,,,,,,,,,,,,,,,,,,,,Bottle Insulated,Model,48-22-8396R,,,,,,,,,,,,,,,,,,,,,,,,,,,,,,,,,,,,,,,,,,,,,,,,,,,,,,,,,,,,,,,,,,,,,,,,,,,,,,,,,,,,,,,,,,,,,,,,,,,,,,,,,,,,,,,,,,,,,,,,,,,,,,,,,,,,,,,,,,,,,,,,,,,,,,,,,,,,,,,,,,,,,,,,,,,,,,,,,,,,,,,,,,,,,,,,,,,
,,,,,,,Uncategorized Supplies,General Industrial,Pending Review,,48-22-8397R,48-22-8397R Milw 36oz Bottle - Insulated,-- Unbranded --,-- No Unilog Brand --,-- No DIB Brand --,Milwaukee Accessory (4031),Milwaukee Electric Tool Corporation,Milwaukee®,,48-22-8397R,,Uncategorized Supplies>General Industrial>Pending Review,"Milwaukee, 48-22-8397R, Bottle Insulated",BTL INSL,Milwaukee® 48-22-8397R Bottle Insulated,The Milwaukee® Bottle Insulated (Part Number: 48-22-8397R).,Bottle Insulated,{},,,,,,,,,,,,,,,,,,,,,,,,,,Bottle Insulated,Model,48-22-8397R,,,,,,,,,,,,,,,,,,,,,,,,,,,,,,,,,,,,,,,,,,,,,,,,,,,,,,,,,,,,,,,,,,,,,,,,,,,,,,,,,,,,,,,,,,,,,,,,,,,,,,,,,,,,,,,,,,,,,,,,,,,,,,,,,,,,,,,,,,,,,,,,,,,,,,,,,,,,,,,,,,,,,,,,,,,,,,,,,,,,,,,,,,,,,,,,,,,
,,,,,,,Uncategorized Supplies,General Industrial,Pending Review,,DCGG581B,DCGG581B Dewalt 20V Grease Gun 2-Speed,-- Unbranded --,-- No Unilog Brand --,-- No DIB Brand --,Black & Decker/dewlt (2585),Black & Decker / DEWALT,DEWALT®,,DCGG581B,,Uncategorized Supplies>General Industrial>Pending Review,"Black & Decker / DEWALT DEWALT, DCGG581B, Gun Speed, 20 V",GUN SPD 20V,DEWALT® DCGG581B Gun Speed,"The DEWALT® Gun Speed is designed for commercial and industrial applications, rated at 20 V.",Gun Speed,{'Voltage': '20 V'},20 V electrical rating,,,,,,,,,,,,,,,,,,,,,,,,,Gun Speed,Model,DCGG581B,,Voltage Rating,20,V,Voltage,20 V,,,,,,,,,,,,,,,,,,,,,,,,,,,,,,,,,,,,,,,,,,,,,,,,,,,,,,,,,,,,,,,,,,,,,,,,,,,,,,,,,,,,,,,,,,,,,,,,,,,,,,,,,,,,,,,,,,,,,,,,,,,,,,,,,,,,,,,,,,,,,,,,,,,,,,,,,,,,,,,,,,,,,,,,,,,,,,,,,,,,,,,,,,,,,
,,,,,,,Building Materials,Decking & Railing,Railing Kits,,DCGG581GD1,DCGG581GD1 Dewalt 20V Grease Gun 2-Speed Kit,-- Unbranded --,-- No Unilog Brand --,-- No DIB Brand --,Black & Decker/dewlt (2585),Black & Decker / DEWALT,DEWALT®,,DCGG581GD1,,Building Materials>Decking & Railing>Railing Kits,"Black & Decker / DEWALT DEWALT, DCGG581GD1, Railing Kit, 20 V",RLNG KIT 20V,DEWALT® DCGG581GD1 Railing Kit,"The DEWALT® Railing Kit is designed for commercial and industrial applications, rated at 20 V.",Railing Kit,{'Voltage': '20 V'},20 V electrical rating,,,,,,,,,,,,,,,,,,,,,,,,,Railing Kit,Model,DCGG581GD1,,Voltage Rating,20,V,Voltage,20 V,,,,,,,,,,,,,,,,,,,,,,,,,,,,,,,,,,,,,,,,,,,,,,,,,,,,,,,,,,,,,,,,,,,,,,,,,,,,,,,,,,,,,,,,,,,,,,,,,,,,,,,,,,,,,,,,,,,,,,,,,,,,,,,,,,,,,,,,,,,,,,,,,,30103601,,,,,,,,,,,,,,,,,,,,,,,,,,,,,,,,,,,,,,,,,,,
,,,,,,,Uncategorized Supplies,General Industrial,Pending Review,,DWST41092,"DWST41092 Dewalt Tool Chest 41"" Bottom",-- Unbranded --,-- No Unilog Brand --,-- No DIB Brand --,Black & Decker/dewlt (2585),Black & Decker / DEWALT,DEWALT®,,DWST41092,,Uncategorized Supplies>General Industrial>Pending Review,"Black & Decker / DEWALT DEWALT, DWST41092, Chest Bottom",CHST BTM,DEWALT® DWST41092 Chest Bottom,The DEWALT® Chest Bottom (Part Number: DWST41092).,Chest Bottom,{},,,,,,,,,,,,,,,,,,,,,,,,,,Chest Bottom,Model,DWST41092,,,,,,,,,,,,,,,,,,,,,,,,,,,,,,,,,,,,,,,,,,,,,,,,,,,,,,,,,,,,,,,,,,,,,,,,,,,,,,,,,,,,,,,,,,,,,,,,,,,,,,,,,,,,,,,,,,,,,,,,,,,,,,,,,,,,,,,,,,,,,,,,,,,,,,,,,,,,,,,,,,,,,,,,,,,,,,,,,,,,,,,,,,,,,,,,,,,
,,,,,,,Building Materials,Decking & Railing,Post Wraps,,156436WHT,156436 Wh 4x4x120 Post Wrap,DSI Westbury,-- No Unilog Brand --,-- No DIB Brand --,Palmer Donavin Mfg Company (PALDO),Digger Specialties Inc.,Westbury®,,156436WHT,,Building Materials>Decking & Railing>Post Wraps,"Digger Specialties Inc. Westbury, 156436WHT, Post Wrap, 4 x 4 x 120, White",POST WRAP,"Westbury® 156436WHT Post Wrap, 4 x 4 x 120, White","The Westbury® Post Wrap is designed for commercial and industrial applications, measuring 4 x 4 x 120, finished in White.","Post Wrap, White",{'Dimensions': '4x4x120'},Size: 4 x 4 x 120,Finish: White,Size / Dimensions: 4x4x120,,,,,,,,,,,,,,,,,,,,,,,Post Wrap,Model,156436WHT,,Size,4 x 4 x 120,,Color,White,,Dimensions,4x4x120,,Size / Dimensions,4x4x120,,,,,,,,,,,,,,,,,,,,,,,,,,,,,,,,,,,,,,,,,,,,,,,,,,,,,,,,,,,,,,,,,,,,,,,,,,,,,,,,,,,,,,,,,,,,,,,,,,,,,,,,,,,,,,,,,,,,,,,,,,,,,,,,,,,,,,,,,,,,30103601,,,,,,,,,,,,,,,,,,,,,,,,,,,,,,,,,,,,,,,,,,,
,,,,,,,Building Materials,Decking & Railing,Post Wraps,,173950TBK,"4""x8'-6"" DSI SQ Black Alum Post Wrap",-- Unbranded --,-- No Unilog Brand --,-- No DIB Brand --,Palmer Donavin Mfg Company (PALDO),Palmer-Donavin Mfg. Co.,Palmer-Donavin®,,173950TBK,,Building Materials>Decking & Railing>Post Wraps,"Palmer-Donavin Mfg. Co. Palmer-Donavin, 173950TBK, Post Wrap, 4 x 8', Black",POST WRAP,"Palmer-Donavin® 173950TBK Post Wrap, 4 x 8', Black","The Palmer-Donavin® Post Wrap is designed for commercial and industrial applications, measuring 4 x 8', finished in Black.","Post Wrap, Black","{'Dimensions': '4""x8'}",Size: 4 x 8',Finish: Black,Size / Dimensions: 4 inx8',,,,,,,,,,,,,,,,,,,,,,,Post Wrap,Model,173950TBK,,Size,4 x 8',,Color,Black,,Dimensions,4x8,,Size / Dimensions,4 inx8',,,,,,,,,,,,,,,,,,,,,,,,,,,,,,,,,,,,,,,,,,,,,,,,,,,,,,,,,,,,,,,,,,,,,,,,,,,,,,,,,,,,,,,,,,,,,,,,,,,,,,,,,,,,,,,,,,,,,,,,,,,,,,,,,,,,,,,,,,,,30103601,,,,,,,,,,,,,,,,,,,,,,,,,,,,,,,,,,,,,,,,,,,
,,,,,,,Building Materials,Decking & Railing,Post Wraps,,173951TBK,"6""x8'-6"" DSI SQ Black Alum Post Wrap",-- Unbranded --,-- No Unilog Brand --,-- No DIB Brand --,Palmer Donavin Mfg Company (PALDO),Palmer-Donavin Mfg. Co.,Palmer-Donavin®,,173951TBK,,Building Materials>Decking & Railing>Post Wraps,"Palmer-Donavin Mfg. Co. Palmer-Donavin, 173951TBK, Post Wrap, 6 x 8', Black",POST WRAP,"Palmer-Donavin® 173951TBK Post Wrap, 6 x 8', Black","The Palmer-Donavin® Post Wrap is designed for commercial and industrial applications, measuring 6 x 8', finished in Black.","Post Wrap, Black","{'Dimensions': '6""x8'}",Size: 6 x 8',Finish: Black,Size / Dimensions: 6 inx8',,,,,,,,,,,,,,,,,,,,,,,Post Wrap,Model,173951TBK,,Size,6 x 8',,Color,Black,,Dimensions,6x8,,Size / Dimensions,6 inx8',,,,,,,,,,,,,,,,,,,,,,,,,,,,,,,,,,,,,,,,,,,,,,,,,,,,,,,,,,,,,,,,,,,,,,,,,,,,,,,,,,,,,,,,,,,,,,,,,,,,,,,,,,,,,,,,,,,,,,,,,,,,,,,,,,,,,,,,,,,,30103601,,,,,,,,,,,,,,,,,,,,,,,,,,,,,,,,,,,,,,,,,,,
,,,,,,,Building Materials,Decking & Railing,Post Wraps,,173952TBK,"6""x10' DSI SQ Black Alum Post Wrap",-- Unbranded --,-- No Unilog Brand --,-- No DIB Brand --,Palmer Donavin Mfg Company (PALDO),Palmer-Donavin Mfg. Co.,Palmer-Donavin®,,173952TBK,,Building Materials>Decking & Railing>Post Wraps,"Palmer-Donavin Mfg. Co. Palmer-Donavin, 173952TBK, Post Wrap, 6 x 10', Black",POST WRAP,"Palmer-Donavin® 173952TBK Post Wrap, 6 x 10', Black","The Palmer-Donavin® Post Wrap is designed for commercial and industrial applications, measuring 6 x 10', finished in Black.","Post Wrap, Black","{'Dimensions': '6""x10'}",Size: 6 x 10',Finish: Black,Size / Dimensions: 6 inx10',,,,,,,,,,,,,,,,,,,,,,,Post Wrap,Model,173952TBK,,Size,6 x 10',,Color,Black,,Dimensions,6x10,,Size / Dimensions,6 inx10',,,,,,,,,,,,,,,,,,,,,,,,,,,,,,,,,,,,,,,,,,,,,,,,,,,,,,,,,,,,,,,,,,,,,,,,,,,,,,,,,,,,,,,,,,,,,,,,,,,,,,,,,,,,,,,,,,,,,,,,,,,,,,,,,,,,,,,,,,,,30103601,,,,,,,,,,,,,,,,,,,,,,,,,,,,,,,,,,,,,,,,,,,
,,,,,,,Uncategorized Supplies,General Industrial,Pending Review,,1624157,TW52 WH INSIDE CAS VIN WRAPPED,ANDERSEN,-- No Unilog Brand --,-- No DIB Brand --,Andersen Corporation,Andersen Corporation,Andersen®,,1624157,,Uncategorized Supplies>General Industrial>Pending Review,"Andersen Corporation Andersen, 1624157, Vin Wrapped, White",VIN WRPD,"Andersen® 1624157 Vin Wrapped, White","The Andersen® Vin Wrapped is designed for commercial and industrial applications, finished in White.","Vin Wrapped, White",{},Finish: White,,,,,,,,,,,,,,,,,,,,,,,,,Vin Wrapped,Model,1624157,,Color,White,,,,,,,,,,,,,,,,,,,,,,,,,,,,,,,,,,,,,,,,,,,,,,,,,,,,,,,,,,,,,,,,,,,,,,,,,,,,,,,,,,,,,,,,,,,,,,,,,,,,,,,,,,,,,,,,,,,,,,,,,,,,,,,,,,,,,,,,,,,,,,,,,,,,,,,,,,,,,,,,,,,,,,,,,,,,,,,,,,,,,,,,,,,,,,,,
,,,,,,,Tools & Hardware,Hand & Measuring Tools,Squares,,40025,40025 TS-54 Wal-Board T-Square 009-008,-- Unbranded --,-- No Unilog Brand --,-- No DIB Brand --,Marshalltown Trowel (5155),Marshalltown Company,Marshalltown®,,40025,,Tools & Hardware>Measuring & Layout Tools>Squares,"Marshalltown Company Marshalltown, 40025, Rafter Square",RFTR SQR,Marshalltown® 40025 Rafter Square,The Marshalltown® Rafter Square (Part Number: 40025).,Rafter Square,{},,,,,,,,,,,,,,,,,,,,,,,,,,Rafter Square,Model,40025,,,,,,,,,,,,,,,,,,,,,,,,,,,,,,,,,,,,,,,,,,,,,,,,,,,,,,,,,,,,,,,,,,,,,,,,,,,,,,,,,,,,,,,,,,,,,,,,,,,,,,,,,,,,,,,,,,,,,,,,,,,,,,,,,,,,,,,,,,,,,,,,,,,,,,,,27111800,,,,,,,,,,,,,,,,,,,,,,,,,,,,,,,,,,,,,,,,,,,
,,,,,,,Uncategorized Supplies,General Industrial,Pending Review,,48-22-3301,48-22-3301 Milw Mechanical Pencil w/ Lead Pack,-- Unbranded --,-- No Unilog Brand --,-- No DIB Brand --,Milwaukee Accessory (4031),Milwaukee Electric Tool Corporation,Milwaukee®,,48-22-3301,,Uncategorized Supplies>General Industrial>Pending Review,"Milwaukee, 48-22-3301, Pencil Lead",PNCL LEAD,Milwaukee® 48-22-3301 Pencil Lead,The Milwaukee® Pencil Lead (Part Number: 48-22-3301).,Pencil Lead,{},,,,,,,,,,,,,,,,,,,,,,,,,,Pencil Lead,Model,48-22-3301,,,,,,,,,,,,,,,,,,,,,,,,,,,,,,,,,,,,,,,,,,,,,,,,,,,,,,,,,,,,,,,,,,,,,,,,,,,,,,,,,,,,,,,,,,,,,,,,,,,,,,,,,,,,,,,,,,,,,,,,,,,,,,,,,,,,,,,,,,,,,,,,,,,,,,,,,,,,,,,,,,,,,,,,,,,,,,,,,,,,,,,,,,,,,,,,,,,
,,,,,,,Uncategorized Supplies,General Industrial,Pending Review,,48-22-3302,48-22-3302 Milw Mechanical Pencil Replacement Lead,-- Unbranded --,-- No Unilog Brand --,-- No DIB Brand --,Milwaukee Accessory (4031),Milwaukee Electric Tool Corporation,Milwaukee®,,48-22-3302,,Uncategorized Supplies>General Industrial>Pending Review,"Milwaukee, 48-22-3302, Replacement Lead",RPLC LEAD,Milwaukee® 48-22-3302 Replacement Lead,The Milwaukee® Replacement Lead (Part Number: 48-22-3302).,Replacement Lead,{},,,,,,,,,,,,,,,,,,,,,,,,,,Replacement Lead,Model,48-22-3302,,,,,,,,,,,,,,,,,,,,,,,,,,,,,,,,,,,,,,,,,,,,,,,,,,,,,,,,,,,,,,,,,,,,,,,,,,,,,,,,,,,,,,,,,,,,,,,,,,,,,,,,,,,,,,,,,,,,,,,,,,,,,,,,,,,,,,,,,,,,,,,,,,,,,,,,,,,,,,,,,,,,,,,,,,,,,,,,,,,,,,,,,,,,,,,,,,,
,,,,,,,Uncategorized Supplies,General Industrial,Pending Review,,48-22-3303,48-22-3303 Milw Mechanical Pencil Replacement Lead-Color,-- Unbranded --,-- No Unilog Brand --,-- No DIB Brand --,Milwaukee Accessory (4031),Milwaukee Electric Tool Corporation,Milwaukee®,,48-22-3303,,Uncategorized Supplies>General Industrial>Pending Review,"Milwaukee, 48-22-3303, Lead Color",LEAD CLR,Milwaukee® 48-22-3303 Lead Color,The Milwaukee® Lead Color (Part Number: 48-22-3303).,Lead Color,{},,,,,,,,,,,,,,,,,,,,,,,,,,Lead Color,Model,48-22-3303,,,,,,,,,,,,,,,,,,,,,,,,,,,,,,,,,,,,,,,,,,,,,,,,,,,,,,,,,,,,,,,,,,,,,,,,,,,,,,,,,,,,,,,,,,,,,,,,,,,,,,,,,,,,,,,,,,,,,,,,,,,,,,,,,,,,,,,,,,,,,,,,,,,,,,,,,,,,,,,,,,,,,,,,,,,,,,,,,,,,,,,,,,,,,,,,,,,
,,,,,,,Safety & Security,Personal Protective Equipment,Eye Protection,,TSDKAP218-G2,TSDKAP218-G2 Edge Safety - Khor Black Frame Polarized,-- Unbranded --,-- No Unilog Brand --,-- No DIB Brand --,Edge Eyewear Inc (EDGSA),Edge Eyewear Inc.,Edge Eyewear®,,TSDKAP218-G2,,Safety & Security>Personal Protective Equipment>Safety Glasses,"Edge Eyewear Inc. Edge Eyewear, TSDKAP218-G2, Safety Glasses, Black",SFTY GLS,"Edge Eyewear® TSDKAP218-G2 Safety Glasses, Black","The Edge Eyewear® Safety Glasses is designed for commercial and industrial applications, finished in Black.","Safety Glasses, Black",{},Finish: Black,,,,,,,,,,,,,,,,,,,,,,,,,Safety Glasses,Model,TSDKAP218-G2,,Color,Black,,,,,,,,,,,,,,,,,,,,,,,,,,,,,,,,,,,,,,,,,,,,,,,,,,,,,,,,,,,,,,,,,,,,,,,,,,,,,,,,,,,,,,,,,,,,,,,,,,,,,,,,,,,,,,,,,,,,,,,,,,,,,,,,,,,,,,,,,,,,,,,,,,,,,46181802,,,,,,,,,,,,,,,,,,,,,,,,,,,,,,,,,,,,,,,,,,,
,,,,,,,Safety & Security,Personal Protective Equipment,Eye Protection,,XPAP418,XPAP418 Edge Safety Glasses - Pumori Black Frame,-- Unbranded --,-- No Unilog Brand --,-- No DIB Brand --,Edge Eyewear Inc (EDGSA),Edge Eyewear Inc.,Edge Eyewear®,,XPAP418,,Safety & Security>Personal Protective Equipment>Safety Glasses,"Edge Eyewear Inc. Edge Eyewear, XPAP418, Safety Glasses, Black",SFTY GLS,"Edge Eyewear® XPAP418 Safety Glasses, Black","The Edge Eyewear® Safety Glasses is designed for commercial and industrial applications, finished in Black.","Safety Glasses, Black",{},Finish: Black,,,,,,,,,,,,,,,,,,,,,,,,,Safety Glasses,Model,XPAP418,,Color,Black,,,,,,,,,,,,,,,,,,,,,,,,,,,,,,,,,,,,,,,,,,,,,,,,,,,,,,,,,,,,,,,,,,,,,,,,,,,,,,,,,,,,,,,,,,,,,,,,,,,,,,,,,,,,,,,,,,,,,,,,,,,,,,,,,,,,,,,,,,,,,,,,,,,,,46181802,,,,,,,,,,,,,,,,,,,,,,,,,,,,,,,,,,,,,,,,,,,
,,,,,,,Safety & Security,Personal Protective Equipment,Eye Protection,,XDAP419,XDAP419 Edge Safety Glasses - Dawson Black Frame Red Lenses,-- Unbranded --,-- No Unilog Brand --,-- No DIB Brand --,Edge Eyewear Inc (EDGSA),Edge Eyewear Inc.,Edge Eyewear®,,XDAP419,,Safety & Security>Personal Protective Equipment>Safety Glasses,"Edge Eyewear Inc. Edge Eyewear, XDAP419, Safety Glasses, Black",SFTY GLS,"Edge Eyewear® XDAP419 Safety Glasses, Black","The Edge Eyewear® Safety Glasses is designed for commercial and industrial applications, finished in Black.","Safety Glasses, Black",{},Finish: Black,,,,,,,,,,,,,,,,,,,,,,,,,Safety Glasses,Model,XDAP419,,Color,Black,,,,,,,,,,,,,,,,,,,,,,,,,,,,,,,,,,,,,,,,,,,,,,,,,,,,,,,,,,,,,,,,,,,,,,,,,,,,,,,,,,,,,,,,,,,,,,,,,,,,,,,,,,,,,,,,,,,,,,,,,,,,,,,,,,,,,,,,,,,,,,,,,,,,,46181802,,,,,,,,,,,,,,,,,,,,,,,,,,,,,,,,,,,,,,,,,,,
,,,,,,,Safety & Security,Personal Protective Equipment,Eye Protection,,XB11PCVS,XB11PCVS Edge Safety Glasses - Photochromic Lense,-- Unbranded --,-- No Unilog Brand --,-- No DIB Brand --,Edge Eyewear Inc (EDGSA),Edge Eyewear Inc.,Edge Eyewear®,,XB11PCVS,,Safety & Security>Personal Protective Equipment>Safety Glasses,"Edge Eyewear Inc. Edge Eyewear, XB11PCVS, Safety Glasses",SFTY GLS,Edge Eyewear® XB11PCVS Safety Glasses,The Edge Eyewear® Safety Glasses (Part Number: XB11PCVS).,Safety Glasses,{},,,,,,,,,,,,,,,,,,,,,,,,,,Safety Glasses,Model,XB11PCVS,,,,,,,,,,,,,,,,,,,,,,,,,,,,,,,,,,,,,,,,,,,,,,,,,,,,,,,,,,,,,,,,,,,,,,,,,,,,,,,,,,,,,,,,,,,,,,,,,,,,,,,,,,,,,,,,,,,,,,,,,,,,,,,,,,,,,,,,,,,,,,,,,,,,,,,,46181802,,,,,,,,,,,,,,,,,,,,,,,,,,,,,,,,,,,,,,,,,,,
,,,,,,,Safety & Security,Personal Protective Equipment,Eye Protection,,KB121VS,KB121VS Edge Safety Glasses - Kabru Black Frame,-- Unbranded --,-- No Unilog Brand --,-- No DIB Brand --,Edge Eyewear Inc (EDGSA),Edge Eyewear Inc.,Edge Eyewear®,,KB121VS,,Safety & Security>Personal Protective Equipment>Safety Glasses,"Edge Eyewear Inc. Edge Eyewear, KB121VS, Safety Glasses, Black",SFTY GLS,"Edge Eyewear® KB121VS Safety Glasses, Black","The Edge Eyewear® Safety Glasses is designed for commercial and industrial applications, finished in Black.","Safety Glasses, Black",{},Finish: Black,,,,,,,,,,,,,,,,,,,,,,,,,Safety Glasses,Model,KB121VS,,Color,Black,,,,,,,,,,,,,,,,,,,,,,,,,,,,,,,,,,,,,,,,,,,,,,,,,,,,,,,,,,,,,,,,,,,,,,,,,,,,,,,,,,,,,,,,,,,,,,,,,,,,,,,,,,,,,,,,,,,,,,,,,,,,,,,,,,,,,,,,,,,,,,,,,,,,,46181802,,,,,,,,,,,,,,,,,,,,,,,,,,,,,,,,,,,,,,,,,,,
,,,,,,,Safety & Security,Personal Protective Equipment,Eye Protection,,KB126VS,KB126VS Edge Safety Glasses - Kabru Black Frame,-- Unbranded --,-- No Unilog Brand --,-- No DIB Brand --,Edge Eyewear Inc (EDGSA),Edge Eyewear Inc.,Edge Eyewear®,,KB126VS,,Safety & Security>Personal Protective Equipment>Safety Glasses,"Edge Eyewear Inc. Edge Eyewear, KB126VS, Safety Glasses, Black",SFTY GLS,"Edge Eyewear® KB126VS Safety Glasses, Black","The Edge Eyewear® Safety Glasses is designed for commercial and industrial applications, finished in Black.","Safety Glasses, Black",{},Finish: Black,,,,,,,,,,,,,,,,,,,,,,,,,Safety Glasses,Model,KB126VS,,Color,Black,,,,,,,,,,,,,,,,,,,,,,,,,,,,,,,,,,,,,,,,,,,,,,,,,,,,,,,,,,,,,,,,,,,,,,,,,,,,,,,,,,,,,,,,,,,,,,,,,,,,,,,,,,,,,,,,,,,,,,,,,,,,,,,,,,,,,,,,,,,,,,,,,,,,,46181802,,,,,,,,,,,,,,,,,,,,,,,,,,,,,,,,,,,,,,,,,,,
,,,,,,,Safety & Security,Personal Protective Equipment,Eye Protection,,TC121VS,TC121VS Edge Safety Glasses - Tacana Black Frame,-- Unbranded --,-- No Unilog Brand --,-- No DIB Brand --,Edge Eyewear Inc (EDGSA),Edge Eyewear Inc.,Edge Eyewear®,,TC121VS,,Safety & Security>Personal Protective Equipment>Safety Glasses,"Edge Eyewear Inc. Edge Eyewear, TC121VS, Safety Glasses, Black",SFTY GLS,"Edge Eyewear® TC121VS Safety Glasses, Black","The Edge Eyewear® Safety Glasses is designed for commercial and industrial applications, finished in Black.","Safety Glasses, Black",{},Finish: Black,,,,,,,,,,,,,,,,,,,,,,,,,Safety Glasses,Model,TC121VS,,Color,Black,,,,,,,,,,,,,,,,,,,,,,,,,,,,,,,,,,,,,,,,,,,,,,,,,,,,,,,,,,,,,,,,,,,,,,,,,,,,,,,,,,,,,,,,,,,,,,,,,,,,,,,,,,,,,,,,,,,,,,,,,,,,,,,,,,,,,,,,,,,,,,,,,,,,,46181802,,,,,,,,,,,,,,,,,,,,,,,,,,,,,,,,,,,,,,,,,,,
,,,,,,,Safety & Security,Personal Protective Equipment,Eye Protection,,TC126VS,TC126VS Edge Safety Glasses - Tacana Black Frame,-- Unbranded --,-- No Unilog Brand --,-- No DIB Brand --,Edge Eyewear Inc (EDGSA),Edge Eyewear Inc.,Edge Eyewear®,,TC126VS,,Safety & Security>Personal Protective Equipment>Safety Glasses,"Edge Eyewear Inc. Edge Eyewear, TC126VS, Safety Glasses, Black",SFTY GLS,"Edge Eyewear® TC126VS Safety Glasses, Black","The Edge Eyewear® Safety Glasses is designed for commercial and industrial applications, finished in Black.","Safety Glasses, Black",{},Finish: Black,,,,,,,,,,,,,,,,,,,,,,,,,Safety Glasses,Model,TC126VS,,Color,Black,,,,,,,,,,,,,,,,,,,,,,,,,,,,,,,,,,,,,,,,,,,,,,,,,,,,,,,,,,,,,,,,,,,,,,,,,,,,,,,,,,,,,,,,,,,,,,,,,,,,,,,,,,,,,,,,,,,,,,,,,,,,,,,,,,,,,,,,,,,,,,,,,,,,,46181802,,,,,,,,,,,,,,,,,,,,,,,,,,,,,,,,,,,,,,,,,,,
,,,,,,,Safety & Security,Personal Protective Equipment,Eye Protection,,MK113MPAP,MK113MPAP Edge Safety Glasses - Makalu Black Frame Polarized,-- Unbranded --,-- No Unilog Brand --,-- No DIB Brand --,Edge Eyewear Inc (EDGSA),Edge Eyewear Inc.,Edge Eyewear®,,MK113MPAP,,Safety & Security>Personal Protective Equipment>Safety Glasses,"Edge Eyewear Inc. Edge Eyewear, MK113MPAP, Safety Glasses, Black",SFTY GLS,"Edge Eyewear® MK113MPAP Safety Glasses, Black","The Edge Eyewear® Safety Glasses is designed for commercial and industrial applications, finished in Black.","Safety Glasses, Black",{},Finish: Black,,,,,,,,,,,,,,,,,,,,,,,,,Safety Glasses,Model,MK113MPAP,,Color,Black,,,,,,,,,,,,,,,,,,,,,,,,,,,,,,,,,,,,,,,,,,,,,,,,,,,,,,,,,,,,,,,,,,,,,,,,,,,,,,,,,,,,,,,,,,,,,,,,,,,,,,,,,,,,,,,,,,,,,,,,,,,,,,,,,,,,,,,,,,,,,,,,,,,,,46181802,,,,,,,,,,,,,,,,,,,,,,,,,,,,,,,,,,,,,,,,,,,
,,,,,,,Safety & Security,Personal Protective Equipment,Eye Protection,,LS117MPAP,LS117MPAP Edge Safety Glasses - Lassen Black Frame Polarized,-- Unbranded --,-- No Unilog Brand --,-- No DIB Brand --,Edge Eyewear Inc (EDGSA),Edge Eyewear Inc.,Edge Eyewear®,,LS117MPAP,,Safety & Security>Personal Protective Equipment>Safety Glasses,"Edge Eyewear Inc. Edge Eyewear, LS117MPAP, Safety Glasses, Black",SFTY GLS,"Edge Eyewear® LS117MPAP Safety Glasses, Black","The Edge Eyewear® Safety Glasses is designed for commercial and industrial applications, finished in Black.","Safety Glasses, Black",{},Finish: Black,,,,,,,,,,,,,,,,,,,,,,,,,Safety Glasses,Model,LS117MPAP,,Color,Black,,,,,,,,,,,,,,,,,,,,,,,,,,,,,,,,,,,,,,,,,,,,,,,,,,,,,,,,,,,,,,,,,,,,,,,,,,,,,,,,,,,,,,,,,,,,,,,,,,,,,,,,,,,,,,,,,,,,,,,,,,,,,,,,,,,,,,,,,,,,,,,,,,,,,46181802,,,,,,,,,,,,,,,,,,,,,,,,,,,,,,,,,,,,,,,,,,,
,,,,,,,Safety & Security,Fire Protection,Extinguishers,,FE-EFX-6L,FEEFX6L Lith Fire Extinguisher,-- Unbranded --,-- No Unilog Brand --,-- No DIB Brand --,Ohio Firewatch Protection Inc (HOLFS),Ohio Firewatch Protection Inc.,Firewatch®,,FE-EFX-6L,,Safety & Security>Fire Protection>Fire Extinguishers,"Firewatch, FE-EFX-6L, Fire Extinguisher",FIRE EXTN,Firewatch® FE-EFX-6L Fire Extinguisher,The Firewatch® Fire Extinguisher (Part Number: FE-EFX-6L).,Fire Extinguisher,{},,,,,,,,,,,,,,,,,,,,,,,,,,Fire Extinguisher,Model,FE-EFX-6L,,,,,,,,,,,,,,,,,,,,,,,,,,,,,,,,,,,,,,,,,,,,,,,,,,,,,,,,,,,,,,,,,,,,,,,,,,,,,,,,,,,,,,,,,,,,,,,,,,,,,,,,,,,,,,,,,,,,,,,,,,,,,,,,,,,,,,,,,,,,,,,,,,,,,,,,46191601,,,,,,,,,,,,,,,,,,,,,,,,,,,,,,,,,,,,,,,,,,,
,,,,,,,Safety & Security,Fire Protection,Extinguishers,,FE-EFX-9L,FEEFX9L Lith Fire Extinguisher,-- Unbranded --,-- No Unilog Brand --,-- No DIB Brand --,Ohio Firewatch Protection Inc (HOLFS),Ohio Firewatch Protection Inc.,Firewatch®,,FE-EFX-9L,,Safety & Security>Fire Protection>Fire Extinguishers,"Firewatch, FE-EFX-9L, Fire Extinguisher",FIRE EXTN,Firewatch® FE-EFX-9L Fire Extinguisher,The Firewatch® Fire Extinguisher (Part Number: FE-EFX-9L).,Fire Extinguisher,{},,,,,,,,,,,,,,,,,,,,,,,,,,Fire Extinguisher,Model,FE-EFX-9L,,,,,,,,,,,,,,,,,,,,,,,,,,,,,,,,,,,,,,,,,,,,,,,,,,,,,,,,,,,,,,,,,,,,,,,,,,,,,,,,,,,,,,,,,,,,,,,,,,,,,,,,,,,,,,,,,,,,,,,,,,,,,,,,,,,,,,,,,,,,,,,,,,,,,,,,46191601,,,,,,,,,,,,,,,,,,,,,,,,,,,,,,,,,,,,,,,,,,,
,,,,,,,Safety & Security,Alarms & Detectors,Smoke Alarms,,1046793,1046793 Smoke & CO Alarm,-- Unbranded --,-- No Unilog Brand --,First Alert,First Alert - B R K Brands (2754),"Resideo Technologies, Inc.",First Alert®,,1046793,,Safety & Security>Alarms & Warnings>Smoke Detectors,"First Alert, 1046793, Smoke & CO Alarm",SMK & CO ALRM,First Alert® 1046793 Smoke & CO Alarm,The First Alert® Smoke & CO Alarm (Part Number: 1046793).,Smoke & CO Alarm,{},,,,,,,,,,,,,,,,,,,,,,,,,,Smoke & CO Alarm,Model,1046793,,,,,,,,,,,,,,,,,,,,,,,,,,,,,,,,,,,,,,,,,,,,,,,,,,,,,,,,,,,,,,,,,,,,,,,,,,,,,,,,,,,,,,,,,,,,,,,,,,,,,,,,,,,,,,,,,,,,,,,,,,,,,,,,,,,,,,,,,,,,,,,,,,,,,,,,46191500,,,,,,,,,,,,,,,,,,,,,,,,,,,,,,,,,,,,,,,,,,,
,,,,,,,Safety & Security,Alarms & Detectors,Smoke Alarms,,1046870,1046870 Smoke & CO Alarm,-- Unbranded --,-- No Unilog Brand --,BRK,First Alert - B R K Brands (2754),"Resideo Technologies, Inc. / BRK Brands",BRK®,,1046870,,Safety & Security>Alarms & Warnings>Smoke Detectors,"BRK, 1046870, Smoke & CO Alarm",SMK & CO ALRM,BRK® 1046870 Smoke & CO Alarm,The BRK® Smoke & CO Alarm (Part Number: 1046870).,Smoke & CO Alarm,{},,,,,,,,,,,,,,,,,,,,,,,,,,Smoke & CO Alarm,Model,1046870,,,,,,,,,,,,,,,,,,,,,,,,,,,,,,,,,,,,,,,,,,,,,,,,,,,,,,,,,,,,,,,,,,,,,,,,,,,,,,,,,,,,,,,,,,,,,,,,,,,,,,,,,,,,,,,,,,,,,,,,,,,,,,,,,,,,,,,,,,,,,,,,,,,,,,,,46191500,,,,,,,,,,,,,,,,,,,,,,,,,,,,,,,,,,,,,,,,,,,
,,,,,,,Electrical,Portable Lighting,Flashlights,,M701B-21L,M701B-21L Milw L Black Heated Work Glove Liners,-- Unbranded --,-- No Unilog Brand --,-- No DIB Brand --,Milwaukee Accessory (4031),Milwaukee Electric Tool Corporation,Milwaukee®,,M701B-21L,,Electrical>Portable Lighting>Work Lights,"Milwaukee, M701B-21L, Work Flashlight, Black",WORK FLSH,"Milwaukee® M701B-21L Work Flashlight, Black","The Milwaukee® Work Flashlight is designed for commercial and industrial applications, finished in Black.","Work Flashlight, Black",{},Finish: Black,,,,,,,,,,,,,,,,,,,,,,,,,Work Flashlight,Model,M701B-21L,,Color,Black,,,,,,,,,,,,,,,,,,,,,,,,,,,,,,,,,,,,,,,,,,,,,,,,,,,,,,,,,,,,,,,,,,,,,,,,,,,,,,,,,,,,,,,,,,,,,,,,,,,,,,,,,,,,,,,,,,,,,,,,,,,,,,,,,,,,,,,,,,,,,,,,,,,,,39111610,,,,,,,,,,,,,,,,,,,,,,,,,,,,,,,,,,,,,,,,,,,
,,,,,,,Electrical,Portable Lighting,Flashlights,,M701B-21M,M701B-21M Milw M Black Heated Work Glove Liners,-- Unbranded --,-- No Unilog Brand --,-- No DIB Brand --,Milwaukee Accessory (4031),Milwaukee Electric Tool Corporation,Milwaukee®,,M701B-21M,,Electrical>Portable Lighting>Work Lights,"Milwaukee, M701B-21M, Work Flashlight, Black",WORK FLSH,"Milwaukee® M701B-21M Work Flashlight, Black","The Milwaukee® Work Flashlight is designed for commercial and industrial applications, finished in Black.","Work Flashlight, Black",{},Finish: Black,,,,,,,,,,,,,,,,,,,,,,,,,Work Flashlight,Model,M701B-21M,,Color,Black,,,,,,,,,,,,,,,,,,,,,,,,,,,,,,,,,,,,,,,,,,,,,,,,,,,,,,,,,,,,,,,,,,,,,,,,,,,,,,,,,,,,,,,,,,,,,,,,,,,,,,,,,,,,,,,,,,,,,,,,,,,,,,,,,,,,,,,,,,,,,,,,,,,,,39111610,,,,,,,,,,,,,,,,,,,,,,,,,,,,,,,,,,,,,,,,,,,
,,,,,,,Electrical,Portable Lighting,Flashlights,,M701B-21S,M701B-21S Milw S Black Heated Work Glove Liners,-- Unbranded --,-- No Unilog Brand --,-- No DIB Brand --,Milwaukee Accessory (4031),Milwaukee Electric Tool Corporation,Milwaukee®,,M701B-21S,,Electrical>Portable Lighting>Work Lights,"Milwaukee, M701B-21S, Work Flashlight, Black",WORK FLSH,"Milwaukee® M701B-21S Work Flashlight, Black","The Milwaukee® Work Flashlight is designed for commercial and industrial applications, finished in Black.","Work Flashlight, Black",{},Finish: Black,,,,,,,,,,,,,,,,,,,,,,,,,Work Flashlight,Model,M701B-21S,,Color,Black,,,,,,,,,,,,,,,,,,,,,,,,,,,,,,,,,,,,,,,,,,,,,,,,,,,,,,,,,,,,,,,,,,,,,,,,,,,,,,,,,,,,,,,,,,,,,,,,,,,,,,,,,,,,,,,,,,,,,,,,,,,,,,,,,,,,,,,,,,,,,,,,,,,,,39111610,,,,,,,,,,,,,,,,,,,,,,,,,,,,,,,,,,,,,,,,,,,
,,,,,,,Electrical,Portable Lighting,Flashlights,,M701B-21XL,M701B-21XL Milw XL Black Heated Work Glove Liners,-- Unbranded --,-- No Unilog Brand --,-- No DIB Brand --,Milwaukee Accessory (4031),Milwaukee Electric Tool Corporation,Milwaukee®,,M701B-21XL,,Electrical>Portable Lighting>Work Lights,"Milwaukee, M701B-21XL, Work Flashlight, Black",WORK FLSH,"Milwaukee® M701B-21XL Work Flashlight, Black","The Milwaukee® Work Flashlight is designed for commercial and industrial applications, finished in Black.","Work Flashlight, Black",{},Finish: Black,,,,,,,,,,,,,,,,,,,,,,,,,Work Flashlight,Model,M701B-21XL,,Color,Black,,,,,,,,,,,,,,,,,,,,,,,,,,,,,,,,,,,,,,,,,,,,,,,,,,,,,,,,,,,,,,,,,,,,,,,,,,,,,,,,,,,,,,,,,,,,,,,,,,,,,,,,,,,,,,,,,,,,,,,,,,,,,,,,,,,,,,,,,,,,,,,,,,,,,39111610,,,,,,,,,,,,,,,,,,,,,,,,,,,,,,,,,,,,,,,,,,,
,,,,,,,Safety & Security,Personal Protective Equipment,Hand Protection,,MWUG42010124,UTW Pro Heated Glove Blk XS,-- Unbranded --,-- No Unilog Brand --,-- No DIB Brand --,Tech Gear 5.7 Inc (TECGE),Tech Gear 5.7 Inc.,UTW Pro®,,MWUG42010124,,Safety & Security>Personal Protective Equipment>Work Gloves,"Tech Gear 5.7 Inc. UTW Pro, MWUG42010124, Heated Work Gloves, Black",HTD WORK GLVS,"UTW Pro® MWUG42010124 Heated Work Gloves, Black","The UTW Pro® Heated Work Gloves is designed for commercial and industrial applications, finished in Black.","Heated Work Gloves, Black",{},Finish: Black,,,,,,,,,,,,,,,,,,,,,,,,,Heated Work Gloves,Model,MWUG42010124,,Color,Black,,,,,,,,,,,,,,,,,,,,,,,,,,,,,,,,,,,,,,,,,,,,,,,,,,,,,,,,,,,,,,,,,,,,,,,,,,,,,,,,,,,,,,,,,,,,,,,,,,,,,,,,,,,,,,,,,,,,,,,,,,,,,,,,,,,,,,,,,,,,,,,,,,,,,46181504,,,,,,,,,,,,,,,,,,,,,,,,,,,,,,,,,,,,,,,,,,,
,,,,,,,Safety & Security,Personal Protective Equipment,Hand Protection,,MWUG42010224,UTW Pro Heated Glove Blk SM,-- Unbranded --,-- No Unilog Brand --,-- No DIB Brand --,Tech Gear 5.7 Inc (TECGE),Tech Gear 5.7 Inc.,UTW Pro®,,MWUG42010224,,Safety & Security>Personal Protective Equipment>Work Gloves,"Tech Gear 5.7 Inc. UTW Pro, MWUG42010224, Heated Work Gloves, Black",HTD WORK GLVS,"UTW Pro® MWUG42010224 Heated Work Gloves, Black","The UTW Pro® Heated Work Gloves is designed for commercial and industrial applications, finished in Black.","Heated Work Gloves, Black",{},Finish: Black,,,,,,,,,,,,,,,,,,,,,,,,,Heated Work Gloves,Model,MWUG42010224,,Color,Black,,,,,,,,,,,,,,,,,,,,,,,,,,,,,,,,,,,,,,,,,,,,,,,,,,,,,,,,,,,,,,,,,,,,,,,,,,,,,,,,,,,,,,,,,,,,,,,,,,,,,,,,,,,,,,,,,,,,,,,,,,,,,,,,,,,,,,,,,,,,,,,,,,,,,46181504,,,,,,,,,,,,,,,,,,,,,,,,,,,,,,,,,,,,,,,,,,,
,,,,,,,Safety & Security,Personal Protective Equipment,Hand Protection,,MWUG42010324,UTW Pro Heated Glove Blk MD,-- Unbranded --,-- No Unilog Brand --,-- No DIB Brand --,Tech Gear 5.7 Inc (TECGE),Tech Gear 5.7 Inc.,UTW Pro®,,MWUG42010324,,Safety & Security>Personal Protective Equipment>Work Gloves,"Tech Gear 5.7 Inc. UTW Pro, MWUG42010324, Heated Work Gloves, Black",HTD WORK GLVS,"UTW Pro® MWUG42010324 Heated Work Gloves, Black","The UTW Pro® Heated Work Gloves is designed for commercial and industrial applications, finished in Black.","Heated Work Gloves, Black",{},Finish: Black,,,,,,,,,,,,,,,,,,,,,,,,,Heated Work Gloves,Model,MWUG42010324,,Color,Black,,,,,,,,,,,,,,,,,,,,,,,,,,,,,,,,,,,,,,,,,,,,,,,,,,,,,,,,,,,,,,,,,,,,,,,,,,,,,,,,,,,,,,,,,,,,,,,,,,,,,,,,,,,,,,,,,,,,,,,,,,,,,,,,,,,,,,,,,,,,,,,,,,,,,46181504,,,,,,,,,,,,,,,,,,,,,,,,,,,,,,,,,,,,,,,,,,,
,,,,,,,Safety & Security,Personal Protective Equipment,Hand Protection,,MWUG42010424,UTW Pro Heated Glove Blk LG,-- Unbranded --,-- No Unilog Brand --,-- No DIB Brand --,Tech Gear 5.7 Inc (TECGE),Tech Gear 5.7 Inc.,UTW Pro®,,MWUG42010424,,Safety & Security>Personal Protective Equipment>Work Gloves,"Tech Gear 5.7 Inc. UTW Pro, MWUG42010424, Heated Work Gloves, Black",HTD WORK GLVS,"UTW Pro® MWUG42010424 Heated Work Gloves, Black","The UTW Pro® Heated Work Gloves is designed for commercial and industrial applications, finished in Black.","Heated Work Gloves, Black",{},Finish: Black,,,,,,,,,,,,,,,,,,,,,,,,,Heated Work Gloves,Model,MWUG42010424,,Color,Black,,,,,,,,,,,,,,,,,,,,,,,,,,,,,,,,,,,,,,,,,,,,,,,,,,,,,,,,,,,,,,,,,,,,,,,,,,,,,,,,,,,,,,,,,,,,,,,,,,,,,,,,,,,,,,,,,,,,,,,,,,,,,,,,,,,,,,,,,,,,,,,,,,,,,46181504,,,,,,,,,,,,,,,,,,,,,,,,,,,,,,,,,,,,,,,,,,,
,,,,,,,Safety & Security,Personal Protective Equipment,Hand Protection,,MWUG42010524,UTW Pro Heated Glove Blk XL,-- Unbranded --,-- No Unilog Brand --,-- No DIB Brand --,Tech Gear 5.7 Inc (TECGE),Tech Gear 5.7 Inc.,UTW Pro®,,MWUG42010524,,Safety & Security>Personal Protective Equipment>Work Gloves,"Tech Gear 5.7 Inc. UTW Pro, MWUG42010524, Heated Work Gloves, Black",HTD WORK GLVS,"UTW Pro® MWUG42010524 Heated Work Gloves, Black","The UTW Pro® Heated Work Gloves is designed for commercial and industrial applications, finished in Black.","Heated Work Gloves, Black",{},Finish: Black,,,,,,,,,,,,,,,,,,,,,,,,,Heated Work Gloves,Model,MWUG42010524,,Color,Black,,,,,,,,,,,,,,,,,,,,,,,,,,,,,,,,,,,,,,,,,,,,,,,,,,,,,,,,,,,,,,,,,,,,,,,,,,,,,,,,,,,,,,,,,,,,,,,,,,,,,,,,,,,,,,,,,,,,,,,,,,,,,,,,,,,,,,,,,,,,,,,,,,,,,46181504,,,,,,,,,,,,,,,,,,,,,,,,,,,,,,,,,,,,,,,,,,,
,,,,,,,Safety & Security,Personal Protective Equipment,Hand Protection,,MWUG42010624,UTW Pro Heated Glove Blk 2X,-- Unbranded --,-- No Unilog Brand --,-- No DIB Brand --,Tech Gear 5.7 Inc (TECGE),Tech Gear 5.7 Inc.,UTW Pro®,,MWUG42010624,,Safety & Security>Personal Protective Equipment>Work Gloves,"Tech Gear 5.7 Inc. UTW Pro, MWUG42010624, Heated Work Gloves, Black",HTD WORK GLVS,"UTW Pro® MWUG42010624 Heated Work Gloves, Black","The UTW Pro® Heated Work Gloves is designed for commercial and industrial applications, finished in Black.","Heated Work Gloves, Black",{},Finish: Black,,,,,,,,,,,,,,,,,,,,,,,,,Heated Work Gloves,Model,MWUG42010624,,Color,Black,,,,,,,,,,,,,,,,,,,,,,,,,,,,,,,,,,,,,,,,,,,,,,,,,,,,,,,,,,,,,,,,,,,,,,,,,,,,,,,,,,,,,,,,,,,,,,,,,,,,,,,,,,,,,,,,,,,,,,,,,,,,,,,,,,,,,,,,,,,,,,,,,,,,,46181504,,,,,,,,,,,,,,,,,,,,,,,,,,,,,,,,,,,,,,,,,,,
,,,,,,,Safety & Security,Personal Protective Equipment,Hand Protection,,MWUG36010225,MWUG36010225 BLK SM Aerial Snow Heated Glove,-- Unbranded --,-- No Unilog Brand --,-- No DIB Brand --,Tech Gear 5.7 Inc (TECGE),Tech Gear 5.7 Inc.,UTW Pro®,,MWUG36010225,,Safety & Security>Personal Protective Equipment>Work Gloves,"Tech Gear 5.7 Inc. UTW Pro, MWUG36010225, Heated Work Gloves, Black",HTD WORK GLVS,"UTW Pro® MWUG36010225 Heated Work Gloves, Black","The UTW Pro® Heated Work Gloves is designed for commercial and industrial applications, finished in Black.","Heated Work Gloves, Black",{},Finish: Black,,,,,,,,,,,,,,,,,,,,,,,,,Heated Work Gloves,Model,MWUG36010225,,Color,Black,,,,,,,,,,,,,,,,,,,,,,,,,,,,,,,,,,,,,,,,,,,,,,,,,,,,,,,,,,,,,,,,,,,,,,,,,,,,,,,,,,,,,,,,,,,,,,,,,,,,,,,,,,,,,,,,,,,,,,,,,,,,,,,,,,,,,,,,,,,,,,,,,,,,,46181504,,,,,,,,,,,,,,,,,,,,,,,,,,,,,,,,,,,,,,,,,,,
,,,,,,,Safety & Security,Personal Protective Equipment,Hand Protection,,MWUG36010325,MWUG36010325 BLK MD Aerial Snow Heated Glove,-- Unbranded --,-- No Unilog Brand --,-- No DIB Brand --,Tech Gear 5.7 Inc (TECGE),Tech Gear 5.7 Inc.,UTW Pro®,,MWUG36010325,,Safety & Security>Personal Protective Equipment>Work Gloves,"Tech Gear 5.7 Inc. UTW Pro, MWUG36010325, Heated Work Gloves, Black",HTD WORK GLVS,"UTW Pro® MWUG36010325 Heated Work Gloves, Black","The UTW Pro® Heated Work Gloves is designed for commercial and industrial applications, finished in Black.","Heated Work Gloves, Black",{},Finish: Black,,,,,,,,,,,,,,,,,,,,,,,,,Heated Work Gloves,Model,MWUG36010325,,Color,Black,,,,,,,,,,,,,,,,,,,,,,,,,,,,,,,,,,,,,,,,,,,,,,,,,,,,,,,,,,,,,,,,,,,,,,,,,,,,,,,,,,,,,,,,,,,,,,,,,,,,,,,,,,,,,,,,,,,,,,,,,,,,,,,,,,,,,,,,,,,,,,,,,,,,,46181504,,,,,,,,,,,,,,,,,,,,,,,,,,,,,,,,,,,,,,,,,,,
,,,,,,,Safety & Security,Personal Protective Equipment,Hand Protection,,MWUG36010425,MWUG36010425 BLK LG Aerial Snow Heated Glove,-- Unbranded --,-- No Unilog Brand --,-- No DIB Brand --,Tech Gear 5.7 Inc (TECGE),Tech Gear 5.7 Inc.,UTW Pro®,,MWUG36010425,,Safety & Security>Personal Protective Equipment>Work Gloves,"Tech Gear 5.7 Inc. UTW Pro, MWUG36010425, Heated Work Gloves, Black",HTD WORK GLVS,"UTW Pro® MWUG36010425 Heated Work Gloves, Black","The UTW Pro® Heated Work Gloves is designed for commercial and industrial applications, finished in Black.","Heated Work Gloves, Black",{},Finish: Black,,,,,,,,,,,,,,,,,,,,,,,,,Heated Work Gloves,Model,MWUG36010425,,Color,Black,,,,,,,,,,,,,,,,,,,,,,,,,,,,,,,,,,,,,,,,,,,,,,,,,,,,,,,,,,,,,,,,,,,,,,,,,,,,,,,,,,,,,,,,,,,,,,,,,,,,,,,,,,,,,,,,,,,,,,,,,,,,,,,,,,,,,,,,,,,,,,,,,,,,,46181504,,,,,,,,,,,,,,,,,,,,,,,,,,,,,,,,,,,,,,,,,,,
,,,,,,,Safety & Security,Personal Protective Equipment,Hand Protection,,MWUG36010525,MWUG36010525 BLK XL Aerial Snow Heated Glove,-- Unbranded --,-- No Unilog Brand --,-- No DIB Brand --,Tech Gear 5.7 Inc (TECGE),Tech Gear 5.7 Inc.,UTW Pro®,,MWUG36010525,,Safety & Security>Personal Protective Equipment>Work Gloves,"Tech Gear 5.7 Inc. UTW Pro, MWUG36010525, Heated Work Gloves, Black",HTD WORK GLVS,"UTW Pro® MWUG36010525 Heated Work Gloves, Black","The UTW Pro® Heated Work Gloves is designed for commercial and industrial applications, finished in Black.","Heated Work Gloves, Black",{},Finish: Black,,,,,,,,,,,,,,,,,,,,,,,,,Heated Work Gloves,Model,MWUG36010525,,Color,Black,,,,,,,,,,,,,,,,,,,,,,,,,,,,,,,,,,,,,,,,,,,,,,,,,,,,,,,,,,,,,,,,,,,,,,,,,,,,,,,,,,,,,,,,,,,,,,,,,,,,,,,,,,,,,,,,,,,,,,,,,,,,,,,,,,,,,,,,,,,,,,,,,,,,,46181504,,,,,,,,,,,,,,,,,,,,,,,,,,,,,,,,,,,,,,,,,,,
,,,,,,,Safety & Security,Personal Protective Equipment,Hand Protection,,MWUG36010625,MWUG36010625 BLK 2X Aerial Snow Heated Glove,-- Unbranded --,-- No Unilog Brand --,-- No DIB Brand --,Tech Gear 5.7 Inc (TECGE),Tech Gear 5.7 Inc.,UTW Pro®,,MWUG36010625,,Safety & Security>Personal Protective Equipment>Work Gloves,"Tech Gear 5.7 Inc. UTW Pro, MWUG36010625, Heated Work Gloves, Black",HTD WORK GLVS,"UTW Pro® MWUG36010625 Heated Work Gloves, Black","The UTW Pro® Heated Work Gloves is designed for commercial and industrial applications, finished in Black.","Heated Work Gloves, Black",{},Finish: Black,,,,,,,,,,,,,,,,,,,,,,,,,Heated Work Gloves,Model,MWUG36010625,,Color,Black,,,,,,,,,,,,,,,,,,,,,,,,,,,,,,,,,,,,,,,,,,,,,,,,,,,,,,,,,,,,,,,,,,,,,,,,,,,,,,,,,,,,,,,,,,,,,,,,,,,,,,,,,,,,,,,,,,,,,,,,,,,,,,,,,,,,,,,,,,,,,,,,,,,,,46181504,,,,,,,,,,,,,,,,,,,,,,,,,,,,,,,,,,,,,,,,,,,
,,,,,,,Safety & Security,Personal Protective Equipment,Hearing Protection,,DPG15,DPG15 Dewalt AM/FM Hearing Protector,-- Unbranded --,-- No Unilog Brand --,-- No DIB Brand --,Radians (7363),Black & Decker / DEWALT,DEWALT®,,DPG15,,Safety & Security>Personal Protective Equipment>Hearing Protectors,"Black & Decker / DEWALT DEWALT, DPG15, Hearing Protection Earmuffs",HRNG PRTC ERMF,DEWALT® DPG15 Hearing Protection Earmuffs,The DEWALT® Hearing Protection Earmuffs (Part Number: DPG15).,Hearing Protection Earmuffs,{},,,,,,,,,,,,,,,,,,,,,,,,,,Hearing Protection Earmuffs,Model,DPG15,,,,,,,,,,,,,,,,,,,,,,,,,,,,,,,,,,,,,,,,,,,,,,,,,,,,,,,,,,,,,,,,,,,,,,,,,,,,,,,,,,,,,,,,,,,,,,,,,,,,,,,,,,,,,,,,,,,,,,,,,,,,,,,,,,,,,,,,,,,,,,,,,,,,,,,,46181900,,,,,,,,,,,,,,,,,,,,,,,,,,,,,,,,,,,,,,,,,,,
,,,,,,,Safety & Security,Workwear & Apparel,Heated Gear,,F200B-21L,F200B-21L Milw M12 Womens - BLK Heated Hoodie Kit L,-- Unbranded --,-- No Unilog Brand --,-- No DIB Brand --,Milwaukee Accessory (4031),Milwaukee Electric Tool Corporation,Milwaukee®,,F200B-21L,,Safety & Security>Workwear>Heated Apparel,"Milwaukee, M12, F200B-21L, Heated Hoodie, Black",HTD HD,"Milwaukee® M12 F200B-21L Heated Hoodie, Black","The Milwaukee® M12 Heated Hoodie is designed for commercial and industrial applications, finished in Black.","M12 Heated Hoodie, Black",{},Finish: Black,,,,,,,,,,,,,,,,,,,,,,,,,Heated Hoodie,Series,M12,,Model,F200B-21L,,Color,Black,,,,,,,,,,,,,,,,,,,,,,,,,,,,,,,,,,,,,,,,,,,,,,,,,,,,,,,,,,,,,,,,,,,,,,,,,,,,,,,,,,,,,,,,,,,,,,,,,,,,,,,,,,,,,,,,,,,,,,,,,,,,,,,,,,,,,,,,,,,,,,,,,,46181500,,,,,,,,,,,,,,,,,,,,,,,,,,,,,,,,,,,,,,,,,,,
,,,,,,,Safety & Security,Workwear & Apparel,Heated Gear,,F200B-21M,F200B-21M Milw M12 Womens - BLK Heated Hoodie Kit M,-- Unbranded --,-- No Unilog Brand --,-- No DIB Brand --,Milwaukee Accessory (4031),Milwaukee Electric Tool Corporation,Milwaukee®,,F200B-21M,,Safety & Security>Workwear>Heated Apparel,"Milwaukee, M12, F200B-21M, Heated Hoodie, Black",HTD HD,"Milwaukee® M12 F200B-21M Heated Hoodie, Black","The Milwaukee® M12 Heated Hoodie is designed for commercial and industrial applications, finished in Black.","M12 Heated Hoodie, Black",{},Finish: Black,,,,,,,,,,,,,,,,,,,,,,,,,Heated Hoodie,Series,M12,,Model,F200B-21M,,Color,Black,,,,,,,,,,,,,,,,,,,,,,,,,,,,,,,,,,,,,,,,,,,,,,,,,,,,,,,,,,,,,,,,,,,,,,,,,,,,,,,,,,,,,,,,,,,,,,,,,,,,,,,,,,,,,,,,,,,,,,,,,,,,,,,,,,,,,,,,,,,,,,,,,,46181500,,,,,,,,,,,,,,,,,,,,,,,,,,,,,,,,,,,,,,,,,,,
,,,,,,,Safety & Security,Workwear & Apparel,Heated Gear,,M200B-21L,M200B-21L Milw M12 BLK - Heated Hoodie Kit L,-- Unbranded --,-- No Unilog Brand --,-- No DIB Brand --,Milwaukee Accessory (4031),Milwaukee Electric Tool Corporation,Milwaukee®,,M200B-21L,,Safety & Security>Workwear>Heated Apparel,"Milwaukee, M12, M200B-21L, Heated Hoodie, Black",HTD HD,"Milwaukee® M12 M200B-21L Heated Hoodie, Black","The Milwaukee® M12 Heated Hoodie is designed for commercial and industrial applications, finished in Black.","M12 Heated Hoodie, Black",{},Finish: Black,,,,,,,,,,,,,,,,,,,,,,,,,Heated Hoodie,Series,M12,,Model,M200B-21L,,Color,Black,,,,,,,,,,,,,,,,,,,,,,,,,,,,,,,,,,,,,,,,,,,,,,,,,,,,,,,,,,,,,,,,,,,,,,,,,,,,,,,,,,,,,,,,,,,,,,,,,,,,,,,,,,,,,,,,,,,,,,,,,,,,,,,,,,,,,,,,,,,,,,,,,,46181500,,,,,,,,,,,,,,,,,,,,,,,,,,,,,,,,,,,,,,,,,,,
,,,,,,,Safety & Security,Workwear & Apparel,Heated Gear,,M200B-21M,M200B-21M Milw M12 BLK - Heated Hoodie Kit M,-- Unbranded --,-- No Unilog Brand --,-- No DIB Brand --,Milwaukee Accessory (4031),Milwaukee Electric Tool Corporation,Milwaukee®,,M200B-21M,,Safety & Security>Workwear>Heated Apparel,"Milwaukee, M12, M200B-21M, Heated Hoodie, Black",HTD HD,"Milwaukee® M12 M200B-21M Heated Hoodie, Black","The Milwaukee® M12 Heated Hoodie is designed for commercial and industrial applications, finished in Black.","M12 Heated Hoodie, Black",{},Finish: Black,,,,,,,,,,,,,,,,,,,,,,,,,Heated Hoodie,Series,M12,,Model,M200B-21M,,Color,Black,,,,,,,,,,,,,,,,,,,,,,,,,,,,,,,,,,,,,,,,,,,,,,,,,,,,,,,,,,,,,,,,,,,,,,,,,,,,,,,,,,,,,,,,,,,,,,,,,,,,,,,,,,,,,,,,,,,,,,,,,,,,,,,,,,,,,,,,,,,,,,,,,,46181500,,,,,,,,,,,,,,,,,,,,,,,,,,,,,,,,,,,,,,,,,,,
,,,,,,,Safety & Security,Workwear & Apparel,Heated Gear,,M200B-21XL,M200B-21XL Milw M12 BLK - Heated Hoodie Kit XL,-- Unbranded --,-- No Unilog Brand --,-- No DIB Brand --,Milwaukee Accessory (4031),Milwaukee Electric Tool Corporation,Milwaukee®,,M200B-21XL,,Safety & Security>Workwear>Heated Apparel,"Milwaukee, M12, M200B-21XL, Heated Hoodie, Black",HTD HD,"Milwaukee® M12 M200B-21XL Heated Hoodie, Black","The Milwaukee® M12 Heated Hoodie is designed for commercial and industrial applications, finished in Black.","M12 Heated Hoodie, Black",{},Finish: Black,,,,,,,,,,,,,,,,,,,,,,,,,Heated Hoodie,Series,M12,,Model,M200B-21XL,,Color,Black,,,,,,,,,,,,,,,,,,,,,,,,,,,,,,,,,,,,,,,,,,,,,,,,,,,,,,,,,,,,,,,,,,,,,,,,,,,,,,,,,,,,,,,,,,,,,,,,,,,,,,,,,,,,,,,,,,,,,,,,,,,,,,,,,,,,,,,,,,,,,,,,,,46181500,,,,,,,,,,,,,,,,,,,,,,,,,,,,,,,,,,,,,,,,,,,
,,,,,,,Safety & Security,Workwear & Apparel,Heated Gear,,M200G-21L,M200G-21L Milw M12 Gray - Heated Hoodie Kit L,-- Unbranded --,-- No Unilog Brand --,-- No DIB Brand --,Milwaukee Accessory (4031),Milwaukee Electric Tool Corporation,Milwaukee®,,M200G-21L,,Safety & Security>Workwear>Heated Apparel,"Milwaukee, M12, M200G-21L, Heated Hoodie",HTD HD,Milwaukee® M12 M200G-21L Heated Hoodie,The Milwaukee® M12 Heated Hoodie (Part Number: M200G-21L).,M12 Heated Hoodie,{},,,,,,,,,,,,,,,,,,,,,,,,,,Heated Hoodie,Series,M12,,Model,M200G-21L,,,,,,,,,,,,,,,,,,,,,,,,,,,,,,,,,,,,,,,,,,,,,,,,,,,,,,,,,,,,,,,,,,,,,,,,,,,,,,,,,,,,,,,,,,,,,,,,,,,,,,,,,,,,,,,,,,,,,,,,,,,,,,,,,,,,,,,,,,,,,,,,,,,,,46181500,,,,,,,,,,,,,,,,,,,,,,,,,,,,,,,,,,,,,,,,,,,
,,,,,,,Safety & Security,Workwear & Apparel,Heated Gear,,M200G-21M,M200G-21M Milw M12 Gray - Heated Hoodie Kit M,-- Unbranded --,-- No Unilog Brand --,-- No DIB Brand --,Milwaukee Accessory (4031),Milwaukee Electric Tool Corporation,Milwaukee®,,M200G-21M,,Safety & Security>Workwear>Heated Apparel,"Milwaukee, M12, M200G-21M, Heated Hoodie",HTD HD,Milwaukee® M12 M200G-21M Heated Hoodie,The Milwaukee® M12 Heated Hoodie (Part Number: M200G-21M).,M12 Heated Hoodie,{},,,,,,,,,,,,,,,,,,,,,,,,,,Heated Hoodie,Series,M12,,Model,M200G-21M,,,,,,,,,,,,,,,,,,,,,,,,,,,,,,,,,,,,,,,,,,,,,,,,,,,,,,,,,,,,,,,,,,,,,,,,,,,,,,,,,,,,,,,,,,,,,,,,,,,,,,,,,,,,,,,,,,,,,,,,,,,,,,,,,,,,,,,,,,,,,,,,,,,,,46181500,,,,,,,,,,,,,,,,,,,,,,,,,,,,,,,,,,,,,,,,,,,
,,,,,,,Safety & Security,Workwear & Apparel,Heated Gear,,M200G-21XL,M200G-21XL Milw M12 Gray - Heated Hoodie Kit XL,-- Unbranded --,-- No Unilog Brand --,-- No DIB Brand --,Milwaukee Accessory (4031),Milwaukee Electric Tool Corporation,Milwaukee®,,M200G-21XL,,Safety & Security>Workwear>Heated Apparel,"Milwaukee, M12, M200G-21XL, Heated Hoodie",HTD HD,Milwaukee® M12 M200G-21XL Heated Hoodie,The Milwaukee® M12 Heated Hoodie (Part Number: M200G-21XL).,M12 Heated Hoodie,{},,,,,,,,,,,,,,,,,,,,,,,,,,Heated Hoodie,Series,M12,,Model,M200G-21XL,,,,,,,,,,,,,,,,,,,,,,,,,,,,,,,,,,,,,,,,,,,,,,,,,,,,,,,,,,,,,,,,,,,,,,,,,,,,,,,,,,,,,,,,,,,,,,,,,,,,,,,,,,,,,,,,,,,,,,,,,,,,,,,,,,,,,,,,,,,,,,,,,,,,,46181500,,,,,,,,,,,,,,,,,,,,,,,,,,,,,,,,,,,,,,,,,,,
,,,,,,,Uncategorized Supplies,General Industrial,Pending Review,,48-11-2330,48-11-2330 Milw Heated Gear Power Source,-- Unbranded --,-- No Unilog Brand --,-- No DIB Brand --,Milwaukee Accessory (4031),Milwaukee Electric Tool Corporation,Milwaukee®,,48-11-2330,,Uncategorized Supplies>General Industrial>Pending Review,"Milwaukee, 48-11-2330, Power Source",PWR SRC,Milwaukee® 48-11-2330 Power Source,The Milwaukee® Power Source (Part Number: 48-11-2330).,Power Source,{},,,,,,,,,,,,,,,,,,,,,,,,,,Power Source,Model,48-11-2330,,,,,,,,,,,,,,,,,,,,,,,,,,,,,,,,,,,,,,,,,,,,,,,,,,,,,,,,,,,,,,,,,,,,,,,,,,,,,,,,,,,,,,,,,,,,,,,,,,,,,,,,,,,,,,,,,,,,,,,,,,,,,,,,,,,,,,,,,,,,,,,,,,,,,,,,,,,,,,,,,,,,,,,,,,,,,,,,,,,,,,,,,,,,,,,,,,,
,,,,,,,Tools & Hardware,Power Tool Accessories,Batteries,,DCBP250C,DCBP520C Dewalt Starter Kit,-- Unbranded --,-- No Unilog Brand --,DEWALT,Black & Decker/dewlt (2585),Black & Decker / DEWALT,DEWALT®,,DCBP250C,,Tools & Hardware>Power Tool Accessories>Batteries,"Black & Decker / DEWALT DEWALT, DCBP250C, Battery Pack",BTRY PACK,DEWALT® DCBP250C Battery Pack,The DEWALT® Battery Pack (Part Number: DCBP250C).,Battery Pack,{},,,,,,,,,,,,,,,,,,,,,,,,,,Battery Pack,Model,DCBP250C,,,,,,,,,,,,,,,,,,,,,,,,,,,,,,,,,,,,,,,,,,,,,,,,,,,,,,,,,,,,,,,,,,,,,,,,,,,,,,,,,,,,,,,,,,,,,,,,,,,,,,,,,,,,,,,,,,,,,,,,,,,,,,,,,,,,,,,,,,,,,,,,,,,,,,,,26111700,,,,,,,,,,,,,,,,,,,,,,,,,,,,,,,,,,,,,,,,,,,
,,,,,,,Uncategorized Supplies,General Industrial,Pending Review,,5328,5328 Lg. Leather Phone Holster - Clip-on,-- Unbranded --,-- No Unilog Brand --,-- No DIB Brand --,"LG Electronics U.S.A., Inc.","LG Electronics U.S.A., Inc.",LG®,,5328,,Uncategorized Supplies>General Industrial>Pending Review,"LG, 5328, Clip On",CLIP ON,LG® 5328 Clip On,The LG® Clip On (Part Number: 5328).,Clip On,{},,,,,,,,,,,,,,,,,,,,,,,,,,Clip On,Model,5328,,,,,,,,,,,,,,,,,,,,,,,,,,,,,,,,,,,,,,,,,,,,,,,,,,,,,,,,,,,,,,,,,,,,,,,,,,,,,,,,,,,,,,,,,,,,,,,,,,,,,,,,,,,,,,,,,,,,,,,,,,,,,,,,,,,,,,,,,,,,,,,,,,,,,,,,,,,,,,,,,,,,,,,,,,,,,,,,,,,,,,,,,,,,,,,,,,,
,,,,,,,Uncategorized Supplies,General Industrial,Pending Review,,3200-20,3200-20 Milw Voltage Detector,-- Unbranded --,-- No Unilog Brand --,-- No DIB Brand --,Milwaukee Accessory (4031),Milwaukee Electric Tool Corporation,Milwaukee®,,3200-20,,Uncategorized Supplies>General Industrial>Pending Review,"Milwaukee, 3200-20, Voltage Detector",VLTG DTCT,Milwaukee® 3200-20 Voltage Detector,The Milwaukee® Voltage Detector (Part Number: 3200-20).,Voltage Detector,{},,,,,,,,,,,,,,,,,,,,,,,,,,Voltage Detector,Model,3200-20,,,,,,,,,,,,,,,,,,,,,,,,,,,,,,,,,,,,,,,,,,,,,,,,,,,,,,,,,,,,,,,,,,,,,,,,,,,,,,,,,,,,,,,,,,,,,,,,,,,,,,,,,,,,,,,,,,,,,,,,,,,,,,,,,,,,,,,,,,,,,,,,,,,,,,,,,,,,,,,,,,,,,,,,,,,,,,,,,,,,,,,,,,,,,,,,,,,
,,,,,,,Uncategorized Supplies,General Industrial,Pending Review,,3202-20,3202-20 Milw Voltage Detector w/ LED,-- Unbranded --,-- No Unilog Brand --,-- No DIB Brand --,Milwaukee Accessory (4031),Milwaukee Electric Tool Corporation,Milwaukee®,,3202-20,,Uncategorized Supplies>General Industrial>Pending Review,"Milwaukee, 3202-20, Detector Led",DTCT LED,Milwaukee® 3202-20 Detector Led,The Milwaukee® Detector Led (Part Number: 3202-20).,Detector Led,{},,,,,,,,,,,,,,,,,,,,,,,,,,Detector Led,Model,3202-20,,,,,,,,,,,,,,,,,,,,,,,,,,,,,,,,,,,,,,,,,,,,,,,,,,,,,,,,,,,,,,,,,,,,,,,,,,,,,,,,,,,,,,,,,,,,,,,,,,,,,,,,,,,,,,,,,,,,,,,,,,,,,,,,,,,,,,,,,,,,,,,,,,,,,,,,,,,,,,,,,,,,,,,,,,,,,,,,,,,,,,,,,,,,,,,,,,,
,,,,,,,Appliances,Cooking Appliances,Ranges,,3203-20,3203-20 Milw Dual Range Voltage Detector w/ LED,-- Unbranded --,-- No Unilog Brand --,-- No DIB Brand --,Milwaukee Accessory (4031),Milwaukee Electric Tool Corporation,Milwaukee®,,3203-20,,Appliances & Consumer Electronics>Kitchen Appliances>Ranges,"Milwaukee, 3203-20, Range",RNG,Milwaukee® 3203-20 Range,The Milwaukee® Range (Part Number: 3203-20).,Range,{},,,,,,,,,,,,,,,,,,,,,,,,,,Range,Model,3203-20,,,,,,,,,,,,,,,,,,,,,,,,,,,,,,,,,,,,,,,,,,,,,,,,,,,,,,,,,,,,,,,,,,,,,,,,,,,,,,,,,,,,,,,,,,,,,,,,,,,,,,,,,,,,,,,,,,,,,,,,,,,,,,,,,,,,,,,,,,,,,,,,,,,,,,,,52141514,,,,,,,,,,,,,,,,,,,,,,,,,,,,,,,,,,,,,,,,,,,
,,,,,,,Tools & Hardware,Hand & Measuring Tools,Precision Measurement,,BC-12300,"BC-12300 BigCal 12""/300mm",-- Unbranded --,-- No Unilog Brand --,-- No DIB Brand --,Woodpeckers Inc (WOODP),Woodpeckers LLC,Woodpeckers®,,BC-12300,,Tools & Hardware>Measuring & Layout Tools>Calipers,"Woodpeckers LLC Woodpeckers, BC-12300, Caliper Measuring Tool",CLPR MSRN TOOL,Woodpeckers® BC-12300 Caliper Measuring Tool,The Woodpeckers® Caliper Measuring Tool (Part Number: BC-12300).,Caliper Measuring Tool,{},,,,,,,,,,,,,,,,,,,,,,,,,,Caliper Measuring Tool,Model,BC-12300,,,,,,,,,,,,,,,,,,,,,,,,,,,,,,,,,,,,,,,,,,,,,,,,,,,,,,,,,,,,,,,,,,,,,,,,,,,,,,,,,,,,,,,,,,,,,,,,,,,,,,,,,,,,,,,,,,,,,,,,,,,,,,,,,,,,,,,,,,,,,,,,,,,,,,,,27111800,,,,,,,,,,,,,,,,,,,,,,,,,,,,,,,,,,,,,,,,,,,
,,,,,,,Tools & Hardware,Hand & Measuring Tools,Precision Measurement,,BC-24600,"BC-24600 BigCal 24""/600mm",-- Unbranded --,-- No Unilog Brand --,-- No DIB Brand --,Woodpeckers Inc (WOODP),Woodpeckers LLC,Woodpeckers®,,BC-24600,,Tools & Hardware>Measuring & Layout Tools>Calipers,"Woodpeckers LLC Woodpeckers, BC-24600, Caliper Measuring Tool",CLPR MSRN TOOL,Woodpeckers® BC-24600 Caliper Measuring Tool,The Woodpeckers® Caliper Measuring Tool (Part Number: BC-24600).,Caliper Measuring Tool,{},,,,,,,,,,,,,,,,,,,,,,,,,,Caliper Measuring Tool,Model,BC-24600,,,,,,,,,,,,,,,,,,,,,,,,,,,,,,,,,,,,,,,,,,,,,,,,,,,,,,,,,,,,,,,,,,,,,,,,,,,,,,,,,,,,,,,,,,,,,,,,,,,,,,,,,,,,,,,,,,,,,,,,,,,,,,,,,,,,,,,,,,,,,,,,,,,,,,,,27111800,,,,,,,,,,,,,,,,,,,,,,,,,,,,,,,,,,,,,,,,,,,
,,,,,,,Tools & Hardware,Hand & Measuring Tools,Lasers & Levels,,DW08302CG,DW08302CG Dewalt Laser - Green 3 Spot,-- Unbranded --,-- No Unilog Brand --,DEWALT,Black & Decker/dewlt (2585),Black & Decker / DEWALT,DEWALT®,,DW08302CG,,Tools & Hardware>Measuring & Layout Tools>Laser Levels,"Black & Decker / DEWALT DEWALT, DW08302CG, Cross Line Laser",CRS LINE LSR,DEWALT® DW08302CG Cross Line Laser,The DEWALT® Cross Line Laser (Part Number: DW08302CG).,Cross Line Laser,{},,,,,,,,,,,,,,,,,,,,,,,,,,Cross Line Laser,Model,DW08302CG,,,,,,,,,,,,,,,,,,,,,,,,,,,,,,,,,,,,,,,,,,,,,,,,,,,,,,,,,,,,,,,,,,,,,,,,,,,,,,,,,,,,,,,,,,,,,,,,,,,,,,,,,,,,,,,,,,,,,,,,,,,,,,,,,,,,,,,,,,,,,,,,,,,,,,,,27111802,,,,,,,,,,,,,,,,,,,,,,,,,,,,,,,,,,,,,,,,,,,
,,,,,,,Tools & Hardware,Hand & Measuring Tools,Lasers & Levels,,GCL165-42GL,GCL165--42GL Cross Line Laser,-- Unbranded --,-- No Unilog Brand --,-- No DIB Brand --,Robt Bosch Tool Corp (6564),Robert Bosch Tool Corporation,Bosch®,,GCL165-42GL,,Tools & Hardware>Measuring & Layout Tools>Laser Levels,"Bosch, GCL165-42GL, Cross Line Laser",CRS LINE LSR,Bosch® GCL165-42GL Cross Line Laser,The Bosch® Cross Line Laser (Part Number: GCL165-42GL).,Cross Line Laser,{},,,,,,,,,,,,,,,,,,,,,,,,,,Cross Line Laser,Model,GCL165-42GL,,,,,,,,,,,,,,,,,,,,,,,,,,,,,,,,,,,,,,,,,,,,,,,,,,,,,,,,,,,,,,,,,,,,,,,,,,,,,,,,,,,,,,,,,,,,,,,,,,,,,,,,,,,,,,,,,,,,,,,,,,,,,,,,,,,,,,,,,,,,,,,,,,,,,,,,27111802,,,,,,,,,,,,,,,,,,,,,,,,,,,,,,,,,,,,,,,,,,,
https://www.dewalt.com/product/dw08802cg/cross-line-laser,https://www.dewalt.com/product/dw08802cg/spec-sheet.pdf,,,,,,Tools & Hardware,Hand & Measuring Tools,Lasers & Levels,,DW08802CG,DW08802CG Dewalt Laser Green - Self-Level Cross Line,-- Unbranded --,-- No Unilog Brand --,DEWALT,Black & Decker/dewlt (2585),Black & Decker / DEWALT,DEWALT®,,DW08802CG,,Tools & Hardware>Measuring & Layout Tools>Laser Levels,"Black & Decker / DEWALT DEWALT, DW08802CG, Cross Line Laser",CRS LINE LSR,DEWALT® DW08802CG Cross Line Laser,The DEWALT® Cross Line Laser (Part Number: DW08802CG).,Cross Line Laser,"{'Beam Color': 'Green', 'Accuracy': '1/8 in at 30 ft', 'Mounting': 'Magnetic Pivot Base'}",,,,,,,,,,,,,,,,,,,,,,,,,,Cross Line Laser,Model,DW08802CG,,Beam Color,Green,,Accuracy,1/8 in at 30 ft,,Mounting,Magnetic Pivot Base,,,,,,,,,,,,,,,,,,,,,,,,,,,,,,,,,,,,,,,,,,,,,,,,,,,,,,,,,,,,,,,,,,,,,,,,,,,,,,,,,,,,,,,,,,,,,,,,,,,,,,,,,,,,,,,,,,,,,,,,,,,,,,,,,,,,,,,,,,,,,,,27111802,,,,,,,,,,,,,,,,,,,,,,,,,,,,,,,,,,,,,,,,,,,
https://www.dewalt.com/product/dw088cg/cross-line-laser,https://www.dewalt.com/product/dw088cg/spec-sheet.pdf,,,,,,Tools & Hardware,Hand & Measuring Tools,Lasers & Levels,,DW088CG,DW088CG Dewalt Laser - Green Cross Line,-- Unbranded --,-- No Unilog Brand --,DEWALT,Black & Decker/dewlt (2585),Black & Decker / DEWALT,DEWALT®,,DW088CG,,Tools & Hardware>Measuring & Layout Tools>Laser Levels,"Black & Decker / DEWALT DEWALT, DW088CG, Cross Line Laser",CRS LINE LSR,DEWALT® DW088CG Cross Line Laser,The DEWALT® Cross Line Laser (Part Number: DW088CG).,Cross Line Laser,"{'Beam Color': 'Green', 'Accuracy': '1/8 in at 30 ft', 'Mounting': 'Magnetic Pivot Base'}",,,,,,,,,,,,,,,,,,,,,,,,,,Cross Line Laser,Model,DW088CG,,Beam Color,Green,,Accuracy,1/8 in at 30 ft,,Mounting,Magnetic Pivot Base,,,,,,,,,,,,,,,,,,,,,,,,,,,,,,,,,,,,,,,,,,,,,,,,,,,,,,,,,,,,,,,,,,,,,,,,,,,,,,,,,,,,,,,,,,,,,,,,,,,,,,,,,,,,,,,,,,,,,,,,,,,,,,,,,,,,,,,,,,,,,,,27111802,,,,,,,,,,,,,,,,,,,,,,,,,,,,,,,,,,,,,,,,,,,
,,,,,,,Tools & Hardware,Hand & Measuring Tools,Lasers & Levels,,DW089CG,DW089CG Dewalt Laser Level - 3 Line 30ft Range,-- Unbranded --,-- No Unilog Brand --,DEWALT,Black & Decker/dewlt (2585),Black & Decker / DEWALT,DEWALT®,,DW089CG,,Tools & Hardware>Measuring & Layout Tools>Laser Levels,"Black & Decker / DEWALT DEWALT, DW089CG, Cross Line Laser",CRS LINE LSR,DEWALT® DW089CG Cross Line Laser,The DEWALT® Cross Line Laser (Part Number: DW089CG).,Cross Line Laser,{},,,,,,,,,,,,,,,,,,,,,,,,,,Cross Line Laser,Model,DW089CG,,,,,,,,,,,,,,,,,,,,,,,,,,,,,,,,,,,,,,,,,,,,,,,,,,,,,,,,,,,,,,,,,,,,,,,,,,,,,,,,,,,,,,,,,,,,,,,,,,,,,,,,,,,,,,,,,,,,,,,,,,,,,,,,,,,,,,,,,,,,,,,,,,,,,,,,27111802,,,,,,,,,,,,,,,,,,,,,,,,,,,,,,,,,,,,,,,,,,,
,,,,,,,Tools & Hardware,Hand & Measuring Tools,Lasers & Levels,,DCLE34520GB,DCLE34520GB Dewalt Laser 20V - Cross Line 5 Spot (Bare),-- Unbranded --,-- No Unilog Brand --,DEWALT,Black & Decker/dewlt (2585),Black & Decker / DEWALT,DEWALT®,,DCLE34520GB,,Tools & Hardware>Measuring & Layout Tools>Laser Levels,"Black & Decker / DEWALT DEWALT, DCLE34520GB, Cross Line Laser, 20 V",CRS LINE LSR 20V,DEWALT® DCLE34520GB Cross Line Laser,"The DEWALT® Cross Line Laser is designed for commercial and industrial applications, rated at 20 V.",Cross Line Laser,{'Voltage': '20 V'},20 V electrical rating,,,,,,,,,,,,,,,,,,,,,,,,,Cross Line Laser,Model,DCLE34520GB,,Voltage Rating,20,V,Voltage,20 V,,,,,,,,,,,,,,,,,,,,,,,,,,,,,,,,,,,,,,,,,,,,,,,,,,,,,,,,,,,,,,,,,,,,,,,,,,,,,,,,,,,,,,,,,,,,,,,,,,,,,,,,,,,,,,,,,,,,,,,,,,,,,,,,,,,,,,,,,,,,,,,,,,27111802,,,,,,,,,,,,,,,,,,,,,,,,,,,,,,,,,,,,,,,,,,,
,,,,,,,Tools & Hardware,Hand & Measuring Tools,Lasers & Levels,,DCLE34031B,DCLE34031B Dewalt Line Laser - 20V Self-Leveling (Bare),-- Unbranded --,-- No Unilog Brand --,DEWALT,Black & Decker/dewlt (2585),Black & Decker / DEWALT,DEWALT®,,DCLE34031B,,Tools & Hardware>Measuring & Layout Tools>Laser Levels,"Black & Decker / DEWALT DEWALT, DCLE34031B, Cross Line Laser, 20 V",CRS LINE LSR 20V,DEWALT® DCLE34031B Cross Line Laser,"The DEWALT® Cross Line Laser is designed for commercial and industrial applications, rated at 20 V.",Cross Line Laser,{'Voltage': '20 V'},20 V electrical rating,,,,,,,,,,,,,,,,,,,,,,,,,Cross Line Laser,Model,DCLE34031B,,Voltage Rating,20,V,Voltage,20 V,,,,,,,,,,,,,,,,,,,,,,,,,,,,,,,,,,,,,,,,,,,,,,,,,,,,,,,,,,,,,,,,,,,,,,,,,,,,,,,,,,,,,,,,,,,,,,,,,,,,,,,,,,,,,,,,,,,,,,,,,,,,,,,,,,,,,,,,,,,,,,,,,,27111802,,,,,,,,,,,,,,,,,,,,,,,,,,,,,,,,,,,,,,,,,,,
,,,,,,,Tools & Hardware,Hand & Measuring Tools,Lasers & Levels,,DW0822CG,DW0822CG Dewalt Cross Line - Plumb Spots Laser-Green,-- Unbranded --,-- No Unilog Brand --,DEWALT,Black & Decker/dewlt (2585),Black & Decker / DEWALT,DEWALT®,,DW0822CG,,Tools & Hardware>Measuring & Layout Tools>Laser Levels,"Black & Decker / DEWALT DEWALT, DW0822CG, Cross Line Laser",CRS LINE LSR,DEWALT® DW0822CG Cross Line Laser,The DEWALT® Cross Line Laser (Part Number: DW0822CG).,Cross Line Laser,{},,,,,,,,,,,,,,,,,,,,,,,,,,Cross Line Laser,Model,DW0822CG,,,,,,,,,,,,,,,,,,,,,,,,,,,,,,,,,,,,,,,,,,,,,,,,,,,,,,,,,,,,,,,,,,,,,,,,,,,,,,,,,,,,,,,,,,,,,,,,,,,,,,,,,,,,,,,,,,,,,,,,,,,,,,,,,,,,,,,,,,,,,,,,,,,,,,,,27111802,,,,,,,,,,,,,,,,,,,,,,,,,,,,,,,,,,,,,,,,,,,
,,,,,,,Tools & Hardware,Hand & Measuring Tools,Marking & Layout Tools,,25459,25459 Mason Line Brd Orange - 500',-- Unbranded --,-- No Unilog Brand --,-- No DIB Brand --,U S Tape Company (6694),U.S. Tape Company,U.S. Tape®,,25459,,Tools & Hardware>Measuring & Layout Tools>Chalk & Mason Lines,"U.S. Tape Company U.S. Tape, 25459, Mason Line & Chalk Reel",MSN LINE & CHLK RE,U.S. Tape® 25459 Mason Line & Chalk Reel,The U.S. Tape® Mason Line & Chalk Reel (Part Number: 25459).,Mason Line & Chalk Reel,{},,,,,,,,,,,,,,,,,,,,,,,,,,Mason Line & Chalk Reel,Model,25459,,,,,,,,,,,,,,,,,,,,,,,,,,,,,,,,,,,,,,,,,,,,,,,,,,,,,,,,,,,,,,,,,,,,,,,,,,,,,,,,,,,,,,,,,,,,,,,,,,,,,,,,,,,,,,,,,,,,,,,,,,,,,,,,,,,,,,,,,,,,,,,,,,,,,,,,27111800,,,,,,,,,,,,,,,,,,,,,,,,,,,,,,,,,,,,,,,,,,,
,,,,,,,Tools & Hardware,Hand & Measuring Tools,Marking & Layout Tools,,35459,35459 Mason Line Brd Orange - 500' Replacement,-- Unbranded --,-- No Unilog Brand --,-- No DIB Brand --,U S Tape Company (6694),U.S. Tape Company,U.S. Tape®,,35459,,Tools & Hardware>Measuring & Layout Tools>Chalk & Mason Lines,"U.S. Tape Company U.S. Tape, 35459, Mason Line & Chalk Reel",MSN LINE & CHLK RE,U.S. Tape® 35459 Mason Line & Chalk Reel,The U.S. Tape® Mason Line & Chalk Reel (Part Number: 35459).,Mason Line & Chalk Reel,{},,,,,,,,,,,,,,,,,,,,,,,,,,Mason Line & Chalk Reel,Model,35459,,,,,,,,,,,,,,,,,,,,,,,,,,,,,,,,,,,,,,,,,,,,,,,,,,,,,,,,,,,,,,,,,,,,,,,,,,,,,,,,,,,,,,,,,,,,,,,,,,,,,,,,,,,,,,,,,,,,,,,,,,,,,,,,,,,,,,,,,,,,,,,,,,,,,,,,27111800,,,,,,,,,,,,,,,,,,,,,,,,,,,,,,,,,,,,,,,,,,,
,,,,,,,Tools & Hardware,Hand & Measuring Tools,Marking & Layout Tools,,25759,25759 Mason Line Brd Orange - 1000',-- Unbranded --,-- No Unilog Brand --,-- No DIB Brand --,U S Tape Company (6694),U.S. Tape Company,U.S. Tape®,,25759,,Tools & Hardware>Measuring & Layout Tools>Chalk & Mason Lines,"U.S. Tape Company U.S. Tape, 25759, Mason Line & Chalk Reel",MSN LINE & CHLK RE,U.S. Tape® 25759 Mason Line & Chalk Reel,The U.S. Tape® Mason Line & Chalk Reel (Part Number: 25759).,Mason Line & Chalk Reel,{},,,,,,,,,,,,,,,,,,,,,,,,,,Mason Line & Chalk Reel,Model,25759,,,,,,,,,,,,,,,,,,,,,,,,,,,,,,,,,,,,,,,,,,,,,,,,,,,,,,,,,,,,,,,,,,,,,,,,,,,,,,,,,,,,,,,,,,,,,,,,,,,,,,,,,,,,,,,,,,,,,,,,,,,,,,,,,,,,,,,,,,,,,,,,,,,,,,,,27111800,,,,,,,,,,,,,,,,,,,,,,,,,,,,,,,,,,,,,,,,,,,
,,,,,,,Tools & Hardware,Hand & Measuring Tools,Marking & Layout Tools,,35112,35112 Mason Line Twist Yellow - 270',-- Unbranded --,-- No Unilog Brand --,-- No DIB Brand --,U S Tape Company (6694),U.S. Tape Company,U.S. Tape®,,35112,,Tools & Hardware>Measuring & Layout Tools>Chalk & Mason Lines,"U.S. Tape Company U.S. Tape, 35112, Mason Line & Chalk Reel",MSN LINE & CHLK RE,U.S. Tape® 35112 Mason Line & Chalk Reel,The U.S. Tape® Mason Line & Chalk Reel (Part Number: 35112).,Mason Line & Chalk Reel,{},,,,,,,,,,,,,,,,,,,,,,,,,,Mason Line & Chalk Reel,Model,35112,,,,,,,,,,,,,,,,,,,,,,,,,,,,,,,,,,,,,,,,,,,,,,,,,,,,,,,,,,,,,,,,,,,,,,,,,,,,,,,,,,,,,,,,,,,,,,,,,,,,,,,,,,,,,,,,,,,,,,,,,,,,,,,,,,,,,,,,,,,,,,,,,,,,,,,,27111800,,,,,,,,,,,,,,,,,,,,,,,,,,,,,,,,,,,,,,,,,,,
,,,,,,,Tools & Hardware,Hand & Measuring Tools,Marking & Layout Tools,,35115,35115 Mason Line Twist Green - 270',-- Unbranded --,-- No Unilog Brand --,-- No DIB Brand --,U S Tape Company (6694),U.S. Tape Company,U.S. Tape®,,35115,,Tools & Hardware>Measuring & Layout Tools>Chalk & Mason Lines,"U.S. Tape Company U.S. Tape, 35115, Mason Line & Chalk Reel",MSN LINE & CHLK RE,U.S. Tape® 35115 Mason Line & Chalk Reel,The U.S. Tape® Mason Line & Chalk Reel (Part Number: 35115).,Mason Line & Chalk Reel,{},,,,,,,,,,,,,,,,,,,,,,,,,,Mason Line & Chalk Reel,Model,35115,,,,,,,,,,,,,,,,,,,,,,,,,,,,,,,,,,,,,,,,,,,,,,,,,,,,,,,,,,,,,,,,,,,,,,,,,,,,,,,,,,,,,,,,,,,,,,,,,,,,,,,,,,,,,,,,,,,,,,,,,,,,,,,,,,,,,,,,,,,,,,,,,,,,,,,,27111800,,,,,,,,,,,,,,,,,,,,,,,,,,,,,,,,,,,,,,,,,,,
,,,,,,,Tools & Hardware,Hand & Measuring Tools,Marking & Layout Tools,,25168,25168 Mason Line Brd Green - 250',CENTURY COMPONENTS,-- No Unilog Brand --,-- No DIB Brand --,U S Tape Company (6694),U.S. Tape Company,U.S. Tape®,,25168,,Tools & Hardware>Measuring & Layout Tools>Chalk & Mason Lines,"U.S. Tape Company U.S. Tape, 25168, Mason Line & Chalk Reel",MSN LINE & CHLK RE,U.S. Tape® 25168 Mason Line & Chalk Reel,The U.S. Tape® Mason Line & Chalk Reel (Part Number: 25168).,Mason Line & Chalk Reel,{},,,,,,,,,,,,,,,,,,,,,,,,,,Mason Line & Chalk Reel,Model,25168,,,,,,,,,,,,,,,,,,,,,,,,,,,,,,,,,,,,,,,,,,,,,,,,,,,,,,,,,,,,,,,,,,,,,,,,,,,,,,,,,,,,,,,,,,,,,,,,,,,,,,,,,,,,,,,,,,,,,,,,,,,,,,,,,,,,,,,,,,,,,,,,,,,,,,,,27111800,,,,,,,,,,,,,,,,,,,,,,,,,,,,,,,,,,,,,,,,,,,
,,,,,,,Tools & Hardware,Hand & Measuring Tools,Marking & Layout Tools,,35468,35468 Mason Line Brd Green - 500' Replacement,-- Unbranded --,-- No Unilog Brand --,-- No DIB Brand --,U S Tape Company (6694),U.S. Tape Company,U.S. Tape®,,35468,,Tools & Hardware>Measuring & Layout Tools>Chalk & Mason Lines,"U.S. Tape Company U.S. Tape, 35468, Mason Line & Chalk Reel",MSN LINE & CHLK RE,U.S. Tape® 35468 Mason Line & Chalk Reel,The U.S. Tape® Mason Line & Chalk Reel (Part Number: 35468).,Mason Line & Chalk Reel,{},,,,,,,,,,,,,,,,,,,,,,,,,,Mason Line & Chalk Reel,Model,35468,,,,,,,,,,,,,,,,,,,,,,,,,,,,,,,,,,,,,,,,,,,,,,,,,,,,,,,,,,,,,,,,,,,,,,,,,,,,,,,,,,,,,,,,,,,,,,,,,,,,,,,,,,,,,,,,,,,,,,,,,,,,,,,,,,,,,,,,,,,,,,,,,,,,,,,,27111800,,,,,,,,,,,,,,,,,,,,,,,,,,,,,,,,,,,,,,,,,,,
,,,,,,,Tools & Hardware,Hand & Measuring Tools,Marking & Layout Tools,,35494,35494 Mason Line Brd Blk/Yellw - 500' Replacement,-- Unbranded --,-- No Unilog Brand --,-- No DIB Brand --,U S Tape Company (6694),U.S. Tape Company,U.S. Tape®,,35494,,Tools & Hardware>Measuring & Layout Tools>Chalk & Mason Lines,"U.S. Tape Company U.S. Tape, 35494, Mason Line & Chalk Reel, Black",MSN LINE & CHLK RE,"U.S. Tape® 35494 Mason Line & Chalk Reel, Black","The U.S. Tape® Mason Line & Chalk Reel is designed for commercial and industrial applications, finished in Black.","Mason Line & Chalk Reel, Black",{},Finish: Black,,,,,,,,,,,,,,,,,,,,,,,,,Mason Line & Chalk Reel,Model,35494,,Color,Black,,,,,,,,,,,,,,,,,,,,,,,,,,,,,,,,,,,,,,,,,,,,,,,,,,,,,,,,,,,,,,,,,,,,,,,,,,,,,,,,,,,,,,,,,,,,,,,,,,,,,,,,,,,,,,,,,,,,,,,,,,,,,,,,,,,,,,,,,,,,,,,,,,,,,27111800,,,,,,,,,,,,,,,,,,,,,,,,,,,,,,,,,,,,,,,,,,,
,,,,,,,Tools & Hardware,Hand & Measuring Tools,Squares,,MLSQ0120,"MLSQ0120 Milw 12"" RafterSquare",-- Unbranded --,-- No Unilog Brand --,-- No DIB Brand --,Milwaukee Accessory (4031),Milwaukee Electric Tool Corporation,Milwaukee®,,MLSQ0120,,Tools & Hardware>Measuring & Layout Tools>Squares,"Milwaukee, MLSQ0120, Rafter Square",RFTR SQR,Milwaukee® MLSQ0120 Rafter Square,The Milwaukee® Rafter Square (Part Number: MLSQ0120).,Rafter Square,{},,,,,,,,,,,,,,,,,,,,,,,,,,Rafter Square,Model,MLSQ0120,,,,,,,,,,,,,,,,,,,,,,,,,,,,,,,,,,,,,,,,,,,,,,,,,,,,,,,,,,,,,,,,,,,,,,,,,,,,,,,,,,,,,,,,,,,,,,,,,,,,,,,,,,,,,,,,,,,,,,,,,,,,,,,,,,,,,,,,,,,,,,,,,,,,,,,,27111800,,,,,,,,,,,,,,,,,,,,,,,,,,,,,,,,,,,,,,,,,,,
,,,,,,,Tools & Hardware,Hand & Measuring Tools,Squares,,MLSQ1120,MLSQ1120 Milw 300mm Rafter - Square (Metric),-- Unbranded --,-- No Unilog Brand --,-- No DIB Brand --,Milwaukee Accessory (4031),Milwaukee Electric Tool Corporation,Milwaukee®,,MLSQ1120,,Tools & Hardware>Measuring & Layout Tools>Squares,"Milwaukee, MLSQ1120, Rafter Square",RFTR SQR,Milwaukee® MLSQ1120 Rafter Square,The Milwaukee® Rafter Square (Part Number: MLSQ1120).,Rafter Square,{},,,,,,,,,,,,,,,,,,,,,,,,,,Rafter Square,Model,MLSQ1120,,,,,,,,,,,,,,,,,,,,,,,,,,,,,,,,,,,,,,,,,,,,,,,,,,,,,,,,,,,,,,,,,,,,,,,,,,,,,,,,,,,,,,,,,,,,,,,,,,,,,,,,,,,,,,,,,,,,,,,,,,,,,,,,,,,,,,,,,,,,,,,,,,,,,,,,27111800,,,,,,,,,,,,,,,,,,,,,,,,,,,,,,,,,,,,,,,,,,,
,,,,,,,Tools & Hardware,Power Tools,Drills & Drivers,,55227,"55227 Amana Countersink/Stop 1/8"" Drill TB",-- Unbranded --,-- No Unilog Brand --,-- No DIB Brand --,Amana Tool Corp (AMATO),Amana Tool Corporation,Amana Tool®,,55227,,Tools & Hardware>Power Tools>Drills & Drivers>Hammer Drills,"Amana Tool Corporation Amana Tool, 55227, Hammer Drill",HMR DRL,Amana Tool® 55227 Hammer Drill,The Amana Tool® Hammer Drill (Part Number: 55227).,Hammer Drill,{},,,,,,,,,,,,,,,,,,,,,,,,,,Hammer Drill,Model,55227,,,,,,,,,,,,,,,,,,,,,,,,,,,,,,,,,,,,,,,,,,,,,,,,,,,,,,,,,,,,,,,,,,,,,,,,,,,,,,,,,,,,,,,,,,,,,,,,,,,,,,,,,,,,,,,,,,,,,,,,,,,,,,,,,,,,,,,,,,,,,,,,,,,,,,,,27112703,,,,,,,,,,,,,,,,,,,,,,,,,,,,,,,,,,,,,,,,,,,
,,,,,,,Uncategorized Supplies,General Industrial,Pending Review,,37300952,"095842 Fisch Plug Cutter 3/8""",-- Unbranded --,-- No Unilog Brand --,-- No DIB Brand --,Unbranded,Unbranded,-- Unbranded --,,37300952,,Uncategorized Supplies>General Industrial>Pending Review,"Unbranded, 37300952, Plug Cutter",PLUG CTR,Unbranded 37300952 Plug Cutter,The Unbranded Plug Cutter (Part Number: 37300952).,Plug Cutter,{},,,,,,,,,,,,,,,,,,,,,,,,,,Plug Cutter,Model,37300952,,,,,,,,,,,,,,,,,,,,,,,,,,,,,,,,,,,,,,,,,,,,,,,,,,,,,,,,,,,,,,,,,,,,,,,,,,,,,,,,,,,,,,,,,,,,,,,,,,,,,,,,,,,,,,,,,,,,,,,,,,,,,,,,,,,,,,,,,,,,,,,,,,,,,,,,,,,,,,,,,,,,,,,,,,,,,,,,,,,,,,,,,,,,,,,,,,,
,,,,,,,Tools & Hardware,Power Tool Accessories,Router Bits,,6008,6008 Whiteside Router Bit,-- Unbranded --,-- No Unilog Brand --,-- No DIB Brand --,Whiteside Machine & Repair Co (WHIMA),Whiteside Machine Company,Whiteside®,,6008,,Tools & Hardware>Power Tool Accessories>Router Bits,"Whiteside, 6008, Router Bit",RTR BIT,Whiteside® 6008 Router Bit,The Whiteside® Router Bit (Part Number: 6008).,Router Bit,{},,,,,,,,,,,,,,,,,,,,,,,,,,Router Bit,Model,6008,,,,,,,,,,,,,,,,,,,,,,,,,,,,,,,,,,,,,,,,,,,,,,,,,,,,,,,,,,,,,,,,,,,,,,,,,,,,,,,,,,,,,,,,,,,,,,,,,,,,,,,,,,,,,,,,,,,,,,,,,,,,,,,,,,,,,,,,,,,,,,,,,,,,,,,,27112800,,,,,,,,,,,,,,,,,,,,,,,,,,,,,,,,,,,,,,,,,,,
,,,,,,,Tools & Hardware,Power Tool Accessories,Router Bits,,6009,6009 Whiteside Router Bit,-- Unbranded --,-- No Unilog Brand --,-- No DIB Brand --,Whiteside Machine & Repair Co (WHIMA),Whiteside Machine Company,Whiteside®,,6009,,Tools & Hardware>Power Tool Accessories>Router Bits,"Whiteside, 6009, Router Bit",RTR BIT,Whiteside® 6009 Router Bit,The Whiteside® Router Bit (Part Number: 6009).,Router Bit,{},,,,,,,,,,,,,,,,,,,,,,,,,,Router Bit,Model,6009,,,,,,,,,,,,,,,,,,,,,,,,,,,,,,,,,,,,,,,,,,,,,,,,,,,,,,,,,,,,,,,,,,,,,,,,,,,,,,,,,,,,,,,,,,,,,,,,,,,,,,,,,,,,,,,,,,,,,,,,,,,,,,,,,,,,,,,,,,,,,,,,,,,,,,,,27112800,,,,,,,,,,,,,,,,,,,,,,,,,,,,,,,,,,,,,,,,,,,
,,,,,,,Tools & Hardware,Power Tool Accessories,Router Bits,,3000A,3000A Whiteside Router Bit,-- Unbranded --,-- No Unilog Brand --,-- No DIB Brand --,Whiteside Machine & Repair Co (WHIMA),Whiteside Machine Company,Whiteside®,,3000A,,Tools & Hardware>Power Tool Accessories>Router Bits,"Whiteside, 3000A, Router Bit",RTR BIT 3000A,Whiteside® 3000A Router Bit,"The Whiteside® Router Bit is designed for commercial and industrial applications, drawing 3000 A.",Router Bit,{'Amperage': '3000 A'},3000 A current rating,,,,,,,,,,,,,,,,,,,,,,,,,Router Bit,Model,3000A,,Amperage Rating,3000,A,Amperage,3000 A,,,,,,,,,,,,,,,,,,,,,,,,,,,,,,,,,,,,,,,,,,,,,,,,,,,,,,,,,,,,,,,,,,,,,,,,,,,,,,,,,,,,,,,,,,,,,,,,,,,,,,,,,,,,,,,,,,,,,,,,,,,,,,,,,,,,,,,,,,,,,,,,,,27112800,,,,,,,,,,,,,,,,,,,,,,,,,,,,,,,,,,,,,,,,,,,
,,,,,,,Tools & Hardware,Power Tools,Sanders & Polishers,,MID6630201US,MID6630201US Deos663XCV Sander,-- Unbranded --,-- No Unilog Brand --,-- No DIB Brand --,Mirka Abrasives Inc (MIRUS),"Mirka Abrasives, Inc.",Mirka®,,MID6630201US,,Tools & Hardware>Power Tools>Sanders & Polishers>Random Orbital Sanders,"Mirka Abrasives, Inc. Mirka, MID6630201US, Random Orbital Sander",RNDM ORBT SNDR,Mirka® MID6630201US Random Orbital Sander,The Mirka® Random Orbital Sander (Part Number: MID6630201US).,Random Orbital Sander,{},,,,,,,,,,,,,,,,,,,,,,,,,,Random Orbital Sander,Model,MID6630201US,,,,,,,,,,,,,,,,,,,,,,,,,,,,,,,,,,,,,,,,,,,,,,,,,,,,,,,,,,,,,,,,,,,,,,,,,,,,,,,,,,,,,,,,,,,,,,,,,,,,,,,,,,,,,,,,,,,,,,,,,,,,,,,,,,,,,,,,,,,,,,,,,,,,,,,,27112708,,,,,,,,,,,,,,,,,,,,,,,,,,,,,,,,,,,,,,,,,,,
,,,,,,,Uncategorized Supplies,General Industrial,Pending Review,,DCF6202,DCF6202 Dewalt Collated Attach,-- Unbranded --,-- No Unilog Brand --,DEWALT,Black & Decker/dewlt (2585),Black & Decker / DEWALT,DEWALT®,,DCF6202,,Uncategorized Supplies>General Industrial>Pending Review,"Black & Decker / DEWALT DEWALT, DCF6202, Collated Attach",CLTD ATCH,DEWALT® DCF6202 Collated Attach,The DEWALT® Collated Attach (Part Number: DCF6202).,Collated Attach,{},,,,,,,,,,,,,,,,,,,,,,,,,,Collated Attach,Model,DCF6202,,,,,,,,,,,,,,,,,,,,,,,,,,,,,,,,,,,,,,,,,,,,,,,,,,,,,,,,,,,,,,,,,,,,,,,,,,,,,,,,,,,,,,,,,,,,,,,,,,,,,,,,,,,,,,,,,,,,,,,,,,,,,,,,,,,,,,,,,,,,,,,,,,,,,,,,,,,,,,,,,,,,,,,,,,,,,,,,,,,,,,,,,,,,,,,,,,,
,,,,,,,Tools & Hardware,Hand & Measuring Tools,Marking & Layout Tools,,25468,25468 Mason Line Brd Green - 500',-- Unbranded --,-- No Unilog Brand --,-- No DIB Brand --,U S Tape Company (6694),U.S. Tape Company,U.S. Tape®,,25468,,Tools & Hardware>Measuring & Layout Tools>Chalk & Mason Lines,"U.S. Tape Company U.S. Tape, 25468, Mason Line & Chalk Reel",MSN LINE & CHLK RE,U.S. Tape® 25468 Mason Line & Chalk Reel,The U.S. Tape® Mason Line & Chalk Reel (Part Number: 25468).,Mason Line & Chalk Reel,{},,,,,,,,,,,,,,,,,,,,,,,,,,Mason Line & Chalk Reel,Model,25468,,,,,,,,,,,,,,,,,,,,,,,,,,,,,,,,,,,,,,,,,,,,,,,,,,,,,,,,,,,,,,,,,,,,,,,,,,,,,,,,,,,,,,,,,,,,,,,,,,,,,,,,,,,,,,,,,,,,,,,,,,,,,,,,,,,,,,,,,,,,,,,,,,,,,,,,27111800,,,,,,,,,,,,,,,,,,,,,,,,,,,,,,,,,,,,,,,,,,,
,,,,,,,Tools & Hardware,Hand & Measuring Tools,Marking & Layout Tools,,25762,25762 Mason Line Brd Pink - 1000',-- Unbranded --,-- No Unilog Brand --,-- No DIB Brand --,U S Tape Company (6694),U.S. Tape Company,U.S. Tape®,,25762,,Tools & Hardware>Measuring & Layout Tools>Chalk & Mason Lines,"U.S. Tape Company U.S. Tape, 25762, Mason Line & Chalk Reel",MSN LINE & CHLK RE,U.S. Tape® 25762 Mason Line & Chalk Reel,The U.S. Tape® Mason Line & Chalk Reel (Part Number: 25762).,Mason Line & Chalk Reel,{},,,,,,,,,,,,,,,,,,,,,,,,,,Mason Line & Chalk Reel,Model,25762,,,,,,,,,,,,,,,,,,,,,,,,,,,,,,,,,,,,,,,,,,,,,,,,,,,,,,,,,,,,,,,,,,,,,,,,,,,,,,,,,,,,,,,,,,,,,,,,,,,,,,,,,,,,,,,,,,,,,,,,,,,,,,,,,,,,,,,,,,,,,,,,,,,,,,,,27111800,,,,,,,,,,,,,,,,,,,,,,,,,,,,,,,,,,,,,,,,,,,
,,,,,,,Uncategorized Supplies,General Industrial,Pending Review,,21839NN,"21839NN File Bstd Mill 10""",-- Unbranded --,-- No Unilog Brand --,Nicholson,"Apex Tool Group, LLC","Apex Tool Group, LLC",Nicholson®,,21839NN,,Uncategorized Supplies>General Industrial>Pending Review,"Apex Tool Group, LLC Nicholson, 21839NN, Bstd Mill",BSTD MILL,Nicholson® 21839NN Bstd Mill,The Nicholson® Bstd Mill (Part Number: 21839NN).,Bstd Mill,{},,,,,,,,,,,,,,,,,,,,,,,,,,Bstd Mill,Model,21839NN,,,,,,,,,,,,,,,,,,,,,,,,,,,,,,,,,,,,,,,,,,,,,,,,,,,,,,,,,,,,,,,,,,,,,,,,,,,,,,,,,,,,,,,,,,,,,,,,,,,,,,,,,,,,,,,,,,,,,,,,,,,,,,,,,,,,,,,,,,,,,,,,,,,,,,,,,,,,,,,,,,,,,,,,,,,,,,,,,,,,,,,,,,,,,,,,,,,
,,,,,,,Tools & Hardware,Power Tool Accessories,Saw Blades,,VN56920,"VN56920 10 1/2"" Saw Blade",-- Unbranded --,-- No Unilog Brand --,-- No DIB Brand --,Marshalltown Trowel (5155),Marshalltown Company,Marshalltown®,,VN56920,,Tools & Hardware>Power Tool Accessories>Saw Blades>Circular Saw Blades,"Marshalltown Company Marshalltown, VN56920, Saw Blade",SAW BLD,Marshalltown® VN56920 Saw Blade,The Marshalltown® Saw Blade (Part Number: VN56920).,Saw Blade,{},,,,,,,,,,,,,,,,,,,,,,,,,,Saw Blade,Model,VN56920,,,,,,,,,,,,,,,,,,,,,,,,,,,,,,,,,,,,,,,,,,,,,,,,,,,,,,,,,,,,,,,,,,,,,,,,,,,,,,,,,,,,,,,,,,,,,,,,,,,,,,,,,,,,,,,,,,,,,,,,,,,,,,,,,,,,,,,,,,,,,,,,,,,,,,,,27112802,,,,,,,,,,,,,,,,,,,,,,,,,,,,,,,,,,,,,,,,,,,
,,,,,,,Tools & Hardware,Power Tools,Drills & Drivers,,133164,133164 950/9 Hex Plus Spks - Multicolor,-- Unbranded --,-- No Unilog Brand --,-- No DIB Brand --,Wera Tools NA Inc (WERTO),Wera Werkzeuge GmbH,Wera®,,133164,,Tools & Hardware>Power Tools>Drills & Drivers>Impact Drivers,"Wera Werkzeuge GmbH Wera, 133164, Impact Driver",IMPC DRVR,Wera® 133164 Impact Driver,The Wera® Impact Driver (Part Number: 133164).,Impact Driver,{},,,,,,,,,,,,,,,,,,,,,,,,,,Impact Driver,Model,133164,,,,,,,,,,,,,,,,,,,,,,,,,,,,,,,,,,,,,,,,,,,,,,,,,,,,,,,,,,,,,,,,,,,,,,,,,,,,,,,,,,,,,,,,,,,,,,,,,,,,,,,,,,,,,,,,,,,,,,,,,,,,,,,,,,,,,,,,,,,,,,,,,,,,,,,,27112703,,,,,,,,,,,,,,,,,,,,,,,,,,,,,,,,,,,,,,,,,,,
,,,,,,,Uncategorized Supplies,General Industrial,Pending Review,,DWHT10993,DWHT10993 Folding Knife,-- Unbranded --,-- No Unilog Brand --,DEWALT,Black & Decker/dewlt (2585),Black & Decker / DEWALT,DEWALT®,,DWHT10993,,Uncategorized Supplies>General Industrial>Pending Review,"Black & Decker / DEWALT DEWALT, DWHT10993, Folding Knife",FLDN KNF,DEWALT® DWHT10993 Folding Knife,The DEWALT® Folding Knife (Part Number: DWHT10993).,Folding Knife,{},,,,,,,,,,,,,,,,,,,,,,,,,,Folding Knife,Model,DWHT10993,,,,,,,,,,,,,,,,,,,,,,,,,,,,,,,,,,,,,,,,,,,,,,,,,,,,,,,,,,,,,,,,,,,,,,,,,,,,,,,,,,,,,,,,,,,,,,,,,,,,,,,,,,,,,,,,,,,,,,,,,,,,,,,,,,,,,,,,,,,,,,,,,,,,,,,,,,,,,,,,,,,,,,,,,,,,,,,,,,,,,,,,,,,,,,,,,,,
,,,,,,,Uncategorized Supplies,General Industrial,Pending Review,,DWHT10994,DWHT10994 Folding Knife,-- Unbranded --,-- No Unilog Brand --,DEWALT,Black & Decker/dewlt (2585),Black & Decker / DEWALT,DEWALT®,,DWHT10994,,Uncategorized Supplies>General Industrial>Pending Review,"Black & Decker / DEWALT DEWALT, DWHT10994, Folding Knife",FLDN KNF,DEWALT® DWHT10994 Folding Knife,The DEWALT® Folding Knife (Part Number: DWHT10994).,Folding Knife,{},,,,,,,,,,,,,,,,,,,,,,,,,,Folding Knife,Model,DWHT10994,,,,,,,,,,,,,,,,,,,,,,,,,,,,,,,,,,,,,,,,,,,,,,,,,,,,,,,,,,,,,,,,,,,,,,,,,,,,,,,,,,,,,,,,,,,,,,,,,,,,,,,,,,,,,,,,,,,,,,,,,,,,,,,,,,,,,,,,,,,,,,,,,,,,,,,,,,,,,,,,,,,,,,,,,,,,,,,,,,,,,,,,,,,,,,,,,,,
,,,,,,,Tools & Hardware,Power Tool Accessories,Holders,,QB22RU,QB22RU Vessel Carrying Bit Holder (Red),-- Unbranded --,-- No Unilog Brand --,-- No DIB Brand --,Vessel Tools USA Inc (VESTO),Vessel Tools USA Inc.,Vessel®,,QB22RU,,Tools & Hardware>Power Tool Accessories>Bit Holders,"Vessel Tools USA Inc. Vessel, QB22RU, Bit Holder",BIT HLDR,Vessel® QB22RU Bit Holder,The Vessel® Bit Holder (Part Number: QB22RU).,Bit Holder,{},,,,,,,,,,,,,,,,,,,,,,,,,,Bit Holder,Model,QB22RU,,,,,,,,,,,,,,,,,,,,,,,,,,,,,,,,,,,,,,,,,,,,,,,,,,,,,,,,,,,,,,,,,,,,,,,,,,,,,,,,,,,,,,,,,,,,,,,,,,,,,,,,,,,,,,,,,,,,,,,,,,,,,,,,,,,,,,,,,,,,,,,,,,,,,,,,27112800,,,,,,,,,,,,,,,,,,,,,,,,,,,,,,,,,,,,,,,,,,,
,,,,,,,Tools & Hardware,Power Tool Accessories,Holders,,QB22KU,QB22KU Vessel Carrying Bit Holder (Black),-- Unbranded --,-- No Unilog Brand --,-- No DIB Brand --,Vessel Tools USA Inc (VESTO),Vessel Tools USA Inc.,Vessel®,,QB22KU,,Tools & Hardware>Power Tool Accessories>Bit Holders,"Vessel Tools USA Inc. Vessel, QB22KU, Bit Holder, Black",BIT HLDR,"Vessel® QB22KU Bit Holder, Black","The Vessel® Bit Holder is designed for commercial and industrial applications, finished in Black.","Bit Holder, Black",{},Finish: Black,,,,,,,,,,,,,,,,,,,,,,,,,Bit Holder,Model,QB22KU,,Color,Black,,,,,,,,,,,,,,,,,,,,,,,,,,,,,,,,,,,,,,,,,,,,,,,,,,,,,,,,,,,,,,,,,,,,,,,,,,,,,,,,,,,,,,,,,,,,,,,,,,,,,,,,,,,,,,,,,,,,,,,,,,,,,,,,,,,,,,,,,,,,,,,,,,,,,27112800,,,,,,,,,,,,,,,,,,,,,,,,,,,,,,,,,,,,,,,,,,,
,,,,,,,Uncategorized Supplies,General Industrial,Pending Review,,AVM6EV,AVM6 EV Mini Snip Red,-- Unbranded --,-- No Unilog Brand --,-- No DIB Brand --,Malco Prod (2370),"Malco Products, SBC",Malco®,,AVM6EV,,Uncategorized Supplies>General Industrial>Pending Review,"Malco Products, SBC Malco, AVM6EV, Snip Red",SNIP RED,Malco® AVM6EV Snip Red,The Malco® Snip Red (Part Number: AVM6EV).,Snip Red,{},,,,,,,,,,,,,,,,,,,,,,,,,,Snip Red,Model,AVM6EV,,,,,,,,,,,,,,,,,,,,,,,,,,,,,,,,,,,,,,,,,,,,,,,,,,,,,,,,,,,,,,,,,,,,,,,,,,,,,,,,,,,,,,,,,,,,,,,,,,,,,,,,,,,,,,,,,,,,,,,,,,,,,,,,,,,,,,,,,,,,,,,,,,,,,,,,,,,,,,,,,,,,,,,,,,,,,,,,,,,,,,,,,,,,,,,,,,,
,,,,,,,Uncategorized Supplies,General Industrial,Pending Review,,AVM6EV,AVM7 EV Mini Snip Green,-- Unbranded --,-- No Unilog Brand --,-- No DIB Brand --,Malco Prod (2370),"Malco Products, SBC",Malco®,,AVM6EV,,Uncategorized Supplies>General Industrial>Pending Review,"Malco Products, SBC Malco, AVM6EV, Snip Green",SNIP GRN,Malco® AVM6EV Snip Green,The Malco® Snip Green (Part Number: AVM6EV).,Snip Green,{},,,,,,,,,,,,,,,,,,,,,,,,,,Snip Green,Model,AVM6EV,,,,,,,,,,,,,,,,,,,,,,,,,,,,,,,,,,,,,,,,,,,,,,,,,,,,,,,,,,,,,,,,,,,,,,,,,,,,,,,,,,,,,,,,,,,,,,,,,,,,,,,,,,,,,,,,,,,,,,,,,,,,,,,,,,,,,,,,,,,,,,,,,,,,,,,,,,,,,,,,,,,,,,,,,,,,,,,,,,,,,,,,,,,,,,,,,,,
,,,,,,,Tools & Hardware,Power Tool Accessories,Adapters,,DSA0250B,"DSA0250B 1/4"" Square x1/4"" Hex - Socket Adapter",-- Unbranded --,-- No Unilog Brand --,Diablo,Freud Inc (2435),"Freud America, Inc.",Diablo®,,DSA0250B,,Tools & Hardware>Power Tool Accessories>Socket Adapters,"Freud America, Inc. Diablo, DSA0250B, Socket Adapter",SCKT ADPT,Diablo® DSA0250B Socket Adapter,The Diablo® Socket Adapter (Part Number: DSA0250B).,Socket Adapter,{},,,,,,,,,,,,,,,,,,,,,,,,,,Socket Adapter,Model,DSA0250B,,,,,,,,,,,,,,,,,,,,,,,,,,,,,,,,,,,,,,,,,,,,,,,,,,,,,,,,,,,,,,,,,,,,,,,,,,,,,,,,,,,,,,,,,,,,,,,,,,,,,,,,,,,,,,,,,,,,,,,,,,,,,,,,,,,,,,,,,,,,,,,,,,,,,,,,27112800,,,,,,,,,,,,,,,,,,,,,,,,,,,,,,,,,,,,,,,,,,,
,,,,,,,Tools & Hardware,Power Tool Accessories,Adapters,,DSA0375B,"DSA0375B 3/8"" Square x1/4"" Hex - Socket Adapter",-- Unbranded --,-- No Unilog Brand --,Diablo,Freud Inc (2435),"Freud America, Inc.",Diablo®,,DSA0375B,,Tools & Hardware>Power Tool Accessories>Socket Adapters,"Freud America, Inc. Diablo, DSA0375B, Socket Adapter",SCKT ADPT,Diablo® DSA0375B Socket Adapter,The Diablo® Socket Adapter (Part Number: DSA0375B).,Socket Adapter,{},,,,,,,,,,,,,,,,,,,,,,,,,,Socket Adapter,Model,DSA0375B,,,,,,,,,,,,,,,,,,,,,,,,,,,,,,,,,,,,,,,,,,,,,,,,,,,,,,,,,,,,,,,,,,,,,,,,,,,,,,,,,,,,,,,,,,,,,,,,,,,,,,,,,,,,,,,,,,,,,,,,,,,,,,,,,,,,,,,,,,,,,,,,,,,,,,,,27112800,,,,,,,,,,,,,,,,,,,,,,,,,,,,,,,,,,,,,,,,,,,
,,,,,,,Tools & Hardware,Power Tool Accessories,Adapters,,DSA0500B,"DSA0500B 1/2"" Square x1/4"" Hex - Socket Adapter",-- Unbranded --,-- No Unilog Brand --,Diablo,Freud Inc (2435),"Freud America, Inc.",Diablo®,,DSA0500B,,Tools & Hardware>Power Tool Accessories>Socket Adapters,"Freud America, Inc. Diablo, DSA0500B, Socket Adapter",SCKT ADPT,Diablo® DSA0500B Socket Adapter,The Diablo® Socket Adapter (Part Number: DSA0500B).,Socket Adapter,{},,,,,,,,,,,,,,,,,,,,,,,,,,Socket Adapter,Model,DSA0500B,,,,,,,,,,,,,,,,,,,,,,,,,,,,,,,,,,,,,,,,,,,,,,,,,,,,,,,,,,,,,,,,,,,,,,,,,,,,,,,,,,,,,,,,,,,,,,,,,,,,,,,,,,,,,,,,,,,,,,,,,,,,,,,,,,,,,,,,,,,,,,,,,,,,,,,,27112800,,,,,,,,,,,,,,,,,,,,,,,,,,,,,,,,,,,,,,,,,,,
,,,,,,,Uncategorized Supplies,General Industrial,Pending Review,,42-04-9107,"42-04-9107 Milw 3/8"" Drive Universal Joint",-- Unbranded --,-- No Unilog Brand --,-- No DIB Brand --,Milwaukee Accessory (4031),Milwaukee Electric Tool Corporation,Milwaukee®,,42-04-9107,,Uncategorized Supplies>General Industrial>Pending Review,"Milwaukee, 42-04-9107, Universal Joint",UNVR JNT,Milwaukee® 42-04-9107 Universal Joint,The Milwaukee® Universal Joint (Part Number: 42-04-9107).,Universal Joint,{},,,,,,,,,,,,,,,,,,,,,,,,,,Universal Joint,Model,42-04-9107,,,,,,,,,,,,,,,,,,,,,,,,,,,,,,,,,,,,,,,,,,,,,,,,,,,,,,,,,,,,,,,,,,,,,,,,,,,,,,,,,,,,,,,,,,,,,,,,,,,,,,,,,,,,,,,,,,,,,,,,,,,,,,,,,,,,,,,,,,,,,,,,,,,,,,,,,,,,,,,,,,,,,,,,,,,,,,,,,,,,,,,,,,,,,,,,,,,
,,,,,,,Tools & Hardware,Power Tools,Fastening Tools,,48-22-9491,48-22-9491 Milw 242pc Ratchet & Socket Set 4-Drawer Tool Box,-- Unbranded --,-- No Unilog Brand --,-- No DIB Brand --,Milwaukee Accessory (4031),Milwaukee Electric Tool Corporation,Milwaukee®,,48-22-9491,,Tools & Hardware>Power Tools>Ratchets,"Milwaukee, 48-22-9491, Cordless Ratchet, 242 Pack",CRDL RTCH 242PK,"Milwaukee® 48-22-9491 Cordless Ratchet, 242 Pack",The Milwaukee® Cordless Ratchet (Part Number: 48-22-9491).,Cordless Ratchet,{},242 Count Package,,,,,,,,,,,,,,,,,,,,,,,,,Cordless Ratchet,Model,48-22-9491,,Package Quantity,242,pk,,,,,,,,,,,,,,,,,,,,,,,,,,,,,,,,,,,,,,,,,,,,,,,,,,,,,,,,,,,,,,,,,,,,,,,,,,,,,,,,,,,,,,,,,,,,,,,,,,,,,,,,,,,,,,,,,,,,,,,,,,,,,,,,,,,,,,,,,,,,,,,,,,,,27112700,,,,,,,,,,,,,,,,,,,,,,,,,,,,,,,,,,,,,,,,,,,
,,,,,,,Uncategorized Supplies,General Industrial,Pending Review,,DWMT45422,"DWMT45422 Dewalt 1/4"" Drive - 50pc Mechanics Set",-- Unbranded --,-- No Unilog Brand --,-- No DIB Brand --,Black & Decker/dewlt (2585),Black & Decker / DEWALT,DEWALT®,,DWMT45422,,Uncategorized Supplies>General Industrial>Pending Review,"Black & Decker / DEWALT DEWALT, DWMT45422, Mechanics Set, 50 Pack",MCHN SET 50PK,"DEWALT® DWMT45422 Mechanics Set, 50 Pack",The DEWALT® Mechanics Set (Part Number: DWMT45422).,Mechanics Set,{},50 Count Package,,,,,,,,,,,,,,,,,,,,,,,,,Mechanics Set,Model,DWMT45422,,Package Quantity,50,pk,,,,,,,,,,,,,,,,,,,,,,,,,,,,,,,,,,,,,,,,,,,,,,,,,,,,,,,,,,,,,,,,,,,,,,,,,,,,,,,,,,,,,,,,,,,,,,,,,,,,,,,,,,,,,,,,,,,,,,,,,,,,,,,,,,,,,,,,,,,,,,,,,,,,,,,,,,,,,,,,,,,,,,,,,,,,,,,,,,,,,,,,,,,,,,,
,,,,,,,Uncategorized Supplies,General Industrial,Pending Review,,DWMT45424,"DWMT45424 Dewalt 3/8"" Drive - 84pc Mechanics Set",-- Unbranded --,-- No Unilog Brand --,-- No DIB Brand --,Black & Decker/dewlt (2585),Black & Decker / DEWALT,DEWALT®,,DWMT45424,,Uncategorized Supplies>General Industrial>Pending Review,"Black & Decker / DEWALT DEWALT, DWMT45424, Mechanics Set, 84 Pack",MCHN SET 84PK,"DEWALT® DWMT45424 Mechanics Set, 84 Pack",The DEWALT® Mechanics Set (Part Number: DWMT45424).,Mechanics Set,{},84 Count Package,,,,,,,,,,,,,,,,,,,,,,,,,Mechanics Set,Model,DWMT45424,,Package Quantity,84,pk,,,,,,,,,,,,,,,,,,,,,,,,,,,,,,,,,,,,,,,,,,,,,,,,,,,,,,,,,,,,,,,,,,,,,,,,,,,,,,,,,,,,,,,,,,,,,,,,,,,,,,,,,,,,,,,,,,,,,,,,,,,,,,,,,,,,,,,,,,,,,,,,,,,,,,,,,,,,,,,,,,,,,,,,,,,,,,,,,,,,,,,,,,,,,,,
,,,,,,,Uncategorized Supplies,General Industrial,Pending Review,,48-22-9483,48-22-9483 Milw Packout 15pc - Metric Wrench Set,-- Unbranded --,-- No Unilog Brand --,-- No DIB Brand --,Milwaukee Accessory (4031),Milwaukee Electric Tool Corporation,Milwaukee®,,48-22-9483,,Uncategorized Supplies>General Industrial>Pending Review,"Milwaukee, Packout, 48-22-9483, Wrench Set, 15 Pack",WRNC SET 15PK,"Milwaukee® Packout 48-22-9483 Wrench Set, 15 Pack",The Milwaukee® Packout Wrench Set (Part Number: 48-22-9483).,Packout Wrench Set,{},15 Count Package,,,,,,,,,,,,,,,,,,,,,,,,,Wrench Set,Series,Packout,,Model,48-22-9483,,Package Quantity,15,pk,,,,,,,,,,,,,,,,,,,,,,,,,,,,,,,,,,,,,,,,,,,,,,,,,,,,,,,,,,,,,,,,,,,,,,,,,,,,,,,,,,,,,,,,,,,,,,,,,,,,,,,,,,,,,,,,,,,,,,,,,,,,,,,,,,,,,,,,,,,,,,,,,,,,,,,,,,,,,,,,,,,,,,,,,,,,,,,,,,,,,,,,,,,,
,,,,,,,Uncategorized Supplies,General Industrial,Pending Review,,48-22-9484,48-22-9484 Milw Packout 15pc - SAE Wrench Set,-- Unbranded --,-- No Unilog Brand --,-- No DIB Brand --,Milwaukee Accessory (4031),Milwaukee Electric Tool Corporation,Milwaukee®,,48-22-9484,,Uncategorized Supplies>General Industrial>Pending Review,"Milwaukee, Packout, 48-22-9484, Wrench Set, 15 Pack",WRNC SET 15PK,"Milwaukee® Packout 48-22-9484 Wrench Set, 15 Pack",The Milwaukee® Packout Wrench Set (Part Number: 48-22-9484).,Packout Wrench Set,{},15 Count Package,,,,,,,,,,,,,,,,,,,,,,,,,Wrench Set,Series,Packout,,Model,48-22-9484,,Package Quantity,15,pk,,,,,,,,,,,,,,,,,,,,,,,,,,,,,,,,,,,,,,,,,,,,,,,,,,,,,,,,,,,,,,,,,,,,,,,,,,,,,,,,,,,,,,,,,,,,,,,,,,,,,,,,,,,,,,,,,,,,,,,,,,,,,,,,,,,,,,,,,,,,,,,,,,,,,,,,,,,,,,,,,,,,,,,,,,,,,,,,,,,,,,,,,,,,
,,,,,,,Uncategorized Supplies,General Industrial,Pending Review,,48-22-9485,48-22-9485 Milw Packout 30pc - Metric & SAE Wrench Set,-- Unbranded --,-- No Unilog Brand --,-- No DIB Brand --,Milwaukee Accessory (4031),Milwaukee Electric Tool Corporation,Milwaukee®,,48-22-9485,,Uncategorized Supplies>General Industrial>Pending Review,"Milwaukee, Packout, 48-22-9485, Wrench Set, 30 Pack",WRNC SET 30PK,"Milwaukee® Packout 48-22-9485 Wrench Set, 30 Pack",The Milwaukee® Packout Wrench Set (Part Number: 48-22-9485).,Packout Wrench Set,{},30 Count Package,,,,,,,,,,,,,,,,,,,,,,,,,Wrench Set,Series,Packout,,Model,48-22-9485,,Package Quantity,30,pk,,,,,,,,,,,,,,,,,,,,,,,,,,,,,,,,,,,,,,,,,,,,,,,,,,,,,,,,,,,,,,,,,,,,,,,,,,,,,,,,,,,,,,,,,,,,,,,,,,,,,,,,,,,,,,,,,,,,,,,,,,,,,,,,,,,,,,,,,,,,,,,,,,,,,,,,,,,,,,,,,,,,,,,,,,,,,,,,,,,,,,,,,,,,
,,,,,,,Tools & Hardware,Power Tool Accessories,Saw Blades,,48-44-2770,48-44-2770 Milw Pole Pruning - Shears Replacement Blade,-- Unbranded --,-- No Unilog Brand --,-- No DIB Brand --,Milwaukee Accessory (4031),Milwaukee Electric Tool Corporation,Milwaukee®,,48-44-2770,,Tools & Hardware>Power Tool Accessories>Saw Blades>Circular Saw Blades,"Milwaukee, 48-44-2770, Saw Blade",SAW BLD,Milwaukee® 48-44-2770 Saw Blade,The Milwaukee® Saw Blade (Part Number: 48-44-2770).,Saw Blade,{},,,,,,,,,,,,,,,,,,,,,,,,,,Saw Blade,Model,48-44-2770,,,,,,,,,,,,,,,,,,,,,,,,,,,,,,,,,,,,,,,,,,,,,,,,,,,,,,,,,,,,,,,,,,,,,,,,,,,,,,,,,,,,,,,,,,,,,,,,,,,,,,,,,,,,,,,,,,,,,,,,,,,,,,,,,,,,,,,,,,,,,,,,,,,,,,,,27112802,,,,,,,,,,,,,,,,,,,,,,,,,,,,,,,,,,,,,,,,,,,
,,,,,,,Tools & Hardware,Hand & Measuring Tools,Marking & Layout Tools,,IWHT48441RC,IWHT48441RC Irwin 100ft - Red Chalk & Reel Set,-- Unbranded --,-- No Unilog Brand --,Irwin,Irwin Industrial Tools (5863),"Stanley Black & Decker, Inc.",IRWIN®,,IWHT48441RC,,Tools & Hardware>Measuring & Layout Tools>Chalk & Mason Lines,"IRWIN, IWHT48441RC, Mason Line & Chalk Reel",MSN LINE & CHLK RE,IRWIN® IWHT48441RC Mason Line & Chalk Reel,The IRWIN® Mason Line & Chalk Reel (Part Number: IWHT48441RC).,Mason Line & Chalk Reel,{},,,,,,,,,,,,,,,,,,,,,,,,,,Mason Line & Chalk Reel,Model,IWHT48441RC,,,,,,,,,,,,,,,,,,,,,,,,,,,,,,,,,,,,,,,,,,,,,,,,,,,,,,,,,,,,,,,,,,,,,,,,,,,,,,,,,,,,,,,,,,,,,,,,,,,,,,,,,,,,,,,,,,,,,,,,,,,,,,,,,,,,,,,,,,,,,,,,,,,,,,,,27111800,,,,,,,,,,,,,,,,,,,,,,,,,,,,,,,,,,,,,,,,,,,
,,,,,,,Building Materials,Decking & Railing,Railing Kits,,XRU23SM1,"XRU23SM1 Makita 18V 13"" - String Trimmer Kit",-- Unbranded --,-- No Unilog Brand --,-- No DIB Brand --,Makita Usa Inc (5142),"Makita U.S.A., Inc.",Makita®,,XRU23SM1,,Building Materials>Decking & Railing>Railing Kits,"Makita U.S.A., Inc. Makita, XRU23SM1, Railing Kit, 18 V",RLNG KIT 18V,Makita® XRU23SM1 Railing Kit,"The Makita® Railing Kit is designed for commercial and industrial applications, rated at 18 V.",Railing Kit,{'Voltage': '18 V'},18 V electrical rating,,,,,,,,,,,,,,,,,,,,,,,,,Railing Kit,Model,XRU23SM1,,Voltage Rating,18,V,Voltage,18 V,,,,,,,,,,,,,,,,,,,,,,,,,,,,,,,,,,,,,,,,,,,,,,,,,,,,,,,,,,,,,,,,,,,,,,,,,,,,,,,,,,,,,,,,,,,,,,,,,,,,,,,,,,,,,,,,,,,,,,,,,,,,,,,,,,,,,,,,,,,,,,,,,,30103601,,,,,,,,,,,,,,,,,,,,,,,,,,,,,,,,,,,,,,,,,,,
,,,,,,,Uncategorized Supplies,General Industrial,Pending Review,,XRU15PT1,XRU15PT1 Makita String Trimmer,-- Unbranded --,-- No Unilog Brand --,-- No DIB Brand --,Makita Usa Inc (5142),"Makita U.S.A., Inc.",Makita®,,XRU15PT1,,Uncategorized Supplies>General Industrial>Pending Review,"Makita U.S.A., Inc. Makita, XRU15PT1, String Trimmer",STRN TRMR,Makita® XRU15PT1 String Trimmer,The Makita® String Trimmer (Part Number: XRU15PT1).,String Trimmer,{},,,,,,,,,,,,,,,,,,,,,,,,,,String Trimmer,Model,XRU15PT1,,,,,,,,,,,,,,,,,,,,,,,,,,,,,,,,,,,,,,,,,,,,,,,,,,,,,,,,,,,,,,,,,,,,,,,,,,,,,,,,,,,,,,,,,,,,,,,,,,,,,,,,,,,,,,,,,,,,,,,,,,,,,,,,,,,,,,,,,,,,,,,,,,,,,,,,,,,,,,,,,,,,,,,,,,,,,,,,,,,,,,,,,,,,,,,,,,,
,,,,,,,Uncategorized Supplies,General Industrial,Pending Review,,XRU23Z,XRU23Z Makita 18V Trimmer Tool - Only,-- Unbranded --,-- No Unilog Brand --,-- No DIB Brand --,Makita Usa Inc (5142),"Makita U.S.A., Inc.",Makita®,,XRU23Z,,Uncategorized Supplies>General Industrial>Pending Review,"Makita U.S.A., Inc. Makita, XRU23Z, Trimmer Tool, 18 V",TRMR TOOL 18V,Makita® XRU23Z Trimmer Tool,"The Makita® Trimmer Tool is designed for commercial and industrial applications, rated at 18 V.",Trimmer Tool,{'Voltage': '18 V'},18 V electrical rating,,,,,,,,,,,,,,,,,,,,,,,,,Trimmer Tool,Model,XRU23Z,,Voltage Rating,18,V,Voltage,18 V,,,,,,,,,,,,,,,,,,,,,,,,,,,,,,,,,,,,,,,,,,,,,,,,,,,,,,,,,,,,,,,,,,,,,,,,,,,,,,,,,,,,,,,,,,,,,,,,,,,,,,,,,,,,,,,,,,,,,,,,,,,,,,,,,,,,,,,,,,,,,,,,,,,,,,,,,,,,,,,,,,,,,,,,,,,,,,,,,,,,,,,,,,,,,
,,,,,,,Uncategorized Supplies,General Industrial,Pending Review,,0887-20,0887-20 Milw M18 Brushless Precision Blower,-- Unbranded --,-- No Unilog Brand --,-- No DIB Brand --,Milwaukee Accessory (4031),Milwaukee Electric Tool Corporation,Milwaukee®,,0887-20,,Uncategorized Supplies>General Industrial>Pending Review,"Milwaukee, M18, 0887-20, Precision Blower",PRCS BLWR,Milwaukee® M18 0887-20 Precision Blower,The Milwaukee® M18 Precision Blower (Part Number: 0887-20).,M18 Precision Blower,{},,,,,,,,,,,,,,,,,,,,,,,,,,Precision Blower,Series,M18,,Model,0887-20,,,,,,,,,,,,,,,,,,,,,,,,,,,,,,,,,,,,,,,,,,,,,,,,,,,,,,,,,,,,,,,,,,,,,,,,,,,,,,,,,,,,,,,,,,,,,,,,,,,,,,,,,,,,,,,,,,,,,,,,,,,,,,,,,,,,,,,,,,,,,,,,,,,,,,,,,,,,,,,,,,,,,,,,,,,,,,,,,,,,,,,,,,,,,,,,
,,,,,,,Uncategorized Supplies,General Industrial,Pending Review,,DCBL724B,DCBL724B Dewalt 20V Max XR Blower (Bare),-- Unbranded --,-- No Unilog Brand --,-- No DIB Brand --,Black & Decker/dewlt (2585),Black & Decker / DEWALT,DEWALT®,,DCBL724B,,Uncategorized Supplies>General Industrial>Pending Review,"Black & Decker / DEWALT DEWALT, Max XR, DCBL724B, Blower Bare, 20 V",BLWR BARE 20V,DEWALT® Max XR DCBL724B Blower Bare,"The DEWALT® Max XR Blower Bare is designed for commercial and industrial applications, rated at 20 V.",Max XR Blower Bare,{'Voltage': '20 V'},20 V electrical rating,,,,,,,,,,,,,,,,,,,,,,,,,Blower Bare,Series,Max XR,,Model,DCBL724B,,Voltage Rating,20,V,Voltage,20 V,,,,,,,,,,,,,,,,,,,,,,,,,,,,,,,,,,,,,,,,,,,,,,,,,,,,,,,,,,,,,,,,,,,,,,,,,,,,,,,,,,,,,,,,,,,,,,,,,,,,,,,,,,,,,,,,,,,,,,,,,,,,,,,,,,,,,,,,,,,,,,,,,,,,,,,,,,,,,,,,,,,,,,,,,,,,,,,,,,,,,,,,,,
,,,,,,,Uncategorized Supplies,General Industrial,Pending Review,,2954-20,2954-20 Milw M18 Bluetooth Jobsite Speaker,-- Unbranded --,-- No Unilog Brand --,-- No DIB Brand --,Milwaukee Accessory (4031),Milwaukee Electric Tool Corporation,Milwaukee®,,2954-20,,Uncategorized Supplies>General Industrial>Pending Review,"Milwaukee, M18, 2954-20, Jobsite Speaker",JBST SPKR,Milwaukee® M18 2954-20 Jobsite Speaker,The Milwaukee® M18 Jobsite Speaker (Part Number: 2954-20).,M18 Jobsite Speaker,{},,,,,,,,,,,,,,,,,,,,,,,,,,Jobsite Speaker,Series,M18,,Model,2954-20,,,,,,,,,,,,,,,,,,,,,,,,,,,,,,,,,,,,,,,,,,,,,,,,,,,,,,,,,,,,,,,,,,,,,,,,,,,,,,,,,,,,,,,,,,,,,,,,,,,,,,,,,,,,,,,,,,,,,,,,,,,,,,,,,,,,,,,,,,,,,,,,,,,,,,,,,,,,,,,,,,,,,,,,,,,,,,,,,,,,,,,,,,,,,,,,
,,,,,,,Uncategorized Supplies,General Industrial,Pending Review,,2955-20,2955-20 Milw M12 Bluetooth - Jobsite Speaker w/Packout,-- Unbranded --,-- No Unilog Brand --,-- No DIB Brand --,Milwaukee Accessory (4031),Milwaukee Electric Tool Corporation,Milwaukee®,,2955-20,,Uncategorized Supplies>General Industrial>Pending Review,"Milwaukee, Packout, 2955-20, Speaker Packout",SPKR PCKT,Milwaukee® Packout 2955-20 Speaker Packout,The Milwaukee® Packout Speaker Packout (Part Number: 2955-20).,Packout Speaker Packout,{},,,,,,,,,,,,,,,,,,,,,,,,,,Speaker Packout,Series,Packout,,Model,2955-20,,,,,,,,,,,,,,,,,,,,,,,,,,,,,,,,,,,,,,,,,,,,,,,,,,,,,,,,,,,,,,,,,,,,,,,,,,,,,,,,,,,,,,,,,,,,,,,,,,,,,,,,,,,,,,,,,,,,,,,,,,,,,,,,,,,,,,,,,,,,,,,,,,,,,,,,,,,,,,,,,,,,,,,,,,,,,,,,,,,,,,,,,,,,,,,,
,,,,,,,Abrasives,Sanding & Finishing,Sanding Sheets,,9A-219-180,9A-219-180 Abranet 4x6x6,-- Unbranded --,-- No Unilog Brand --,-- No DIB Brand --,Mirka Abrasives Inc (MIRUS),"Mirka Abrasives, Inc.",Mirka®,,9A-219-180,,Abrasives>Sanding & Finishing>Sanding Sheets,"Mirka Abrasives, Inc. Mirka, Abranet, 9A-219-180, Sanding Sheet, 4 x 6 x 6",SNDN SHT,"Mirka® Abranet 9A-219-180 Sanding Sheet, 4 x 6 x 6","The Mirka® Abranet Sanding Sheet is designed for commercial and industrial applications, measuring 4 x 6 x 6.",Abranet Sanding Sheet,"{'Amperage': '9 A', 'Dimensions': '4x6x6'}",Size: 4 x 6 x 6,Size / Dimensions: 4x6x6,,,,,,,,,,,,,,,,,,,,,,,,Sanding Sheet,Series,Abranet,,Model,9A-219-180,,Size,4 x 6 x 6,,Amperage,9 A,,Dimensions,4x6x6,,Size / Dimensions,4x6x6,,,,,,,,,,,,,,,,,,,,,,,,,,,,,,,,,,,,,,,,,,,,,,,,,,,,,,,,,,,,,,,,,,,,,,,,,,,,,,,,,,,,,,,,,,,,,,,,,,,,,,,,,,,,,,,,,,,,,,,,,,,,,,,,,,,,,,,,,31191500,,,,,,,,,,,,,,,,,,,,,,,,,,,,,,,,,,,,,,,,,,,
,,,,,,,Abrasives,Sanding & Finishing,Sanding Sheets,,9A-219-120RP,9A-219-120RP Abranet 4x6x6,-- Unbranded --,-- No Unilog Brand --,-- No DIB Brand --,Mirka Abrasives Inc (MIRUS),"Mirka Abrasives, Inc.",Mirka®,,9A-219-120RP,,Abrasives>Sanding & Finishing>Sanding Sheets,"Mirka Abrasives, Inc. Mirka, Abranet, 9A-219-120RP, Sanding Sheet, 4 x 6 x 6",SNDN SHT,"Mirka® Abranet 9A-219-120RP Sanding Sheet, 4 x 6 x 6","The Mirka® Abranet Sanding Sheet is designed for commercial and industrial applications, measuring 4 x 6 x 6.",Abranet Sanding Sheet,"{'Amperage': '9 A', 'Dimensions': '4x6x6'}",Size: 4 x 6 x 6,Size / Dimensions: 4x6x6,,,,,,,,,,,,,,,,,,,,,,,,Sanding Sheet,Series,Abranet,,Model,9A-219-120RP,,Size,4 x 6 x 6,,Amperage,9 A,,Dimensions,4x6x6,,Size / Dimensions,4x6x6,,,,,,,,,,,,,,,,,,,,,,,,,,,,,,,,,,,,,,,,,,,,,,,,,,,,,,,,,,,,,,,,,,,,,,,,,,,,,,,,,,,,,,,,,,,,,,,,,,,,,,,,,,,,,,,,,,,,,,,,,,,,,,,,,,,,,,,,,31191500,,,,,,,,,,,,,,,,,,,,,,,,,,,,,,,,,,,,,,,,,,,
,,,,,,,Uncategorized Supplies,General Industrial,Pending Review,,3033-20,"3033-20 Milw M18 24"" - Hedge Trimmer",-- Unbranded --,-- No Unilog Brand --,Milwaukee,Milwaukee Accessory (4031),Milwaukee Electric Tool Corporation,Milwaukee®,,3033-20,,Uncategorized Supplies>General Industrial>Pending Review,"Milwaukee, M18, 3033-20, Hedge Trimmer",HDG TRMR,Milwaukee® M18 3033-20 Hedge Trimmer,The Milwaukee® M18 Hedge Trimmer (Part Number: 3033-20).,M18 Hedge Trimmer,{},,,,,,,,,,,,,,,,,,,,,,,,,,Hedge Trimmer,Series,M18,,Model,3033-20,,,,,,,,,,,,,,,,,,,,,,,,,,,,,,,,,,,,,,,,,,,,,,,,,,,,,,,,,,,,,,,,,,,,,,,,,,,,,,,,,,,,,,,,,,,,,,,,,,,,,,,,,,,,,,,,,,,,,,,,,,,,,,,,,,,,,,,,,,,,,,,,,,,,,,,,,,,,,,,,,,,,,,,,,,,,,,,,,,,,,,,,,,,,,,,,
,,,,,,,Uncategorized Supplies,General Industrial,Pending Review,,3033-21,"3033-21 Milw M18 24"" - Hedge Trimmer Kit",-- Unbranded --,-- No Unilog Brand --,-- No DIB Brand --,Milwaukee Accessory (4031),Milwaukee Electric Tool Corporation,Milwaukee®,,3033-21,,Uncategorized Supplies>General Industrial>Pending Review,"Milwaukee, M18, 3033-21, Trimmer Kit",TRMR KIT,Milwaukee® M18 3033-21 Trimmer Kit,The Milwaukee® M18 Trimmer Kit (Part Number: 3033-21).,M18 Trimmer Kit,{},,,,,,,,,,,,,,,,,,,,,,,,,,Trimmer Kit,Series,M18,,Model,3033-21,,,,,,,,,,,,,,,,,,,,,,,,,,,,,,,,,,,,,,,,,,,,,,,,,,,,,,,,,,,,,,,,,,,,,,,,,,,,,,,,,,,,,,,,,,,,,,,,,,,,,,,,,,,,,,,,,,,,,,,,,,,,,,,,,,,,,,,,,,,,,,,,,,,,,,,,,,,,,,,,,,,,,,,,,,,,,,,,,,,,,,,,,,,,,,,,
,,,,,,,Uncategorized Supplies,General Industrial,Pending Review,,3034-20,"3034-20 Milw M18 30"" - Hedge Trimmer",-- Unbranded --,-- No Unilog Brand --,Milwaukee,Milwaukee Accessory (4031),Milwaukee Electric Tool Corporation,Milwaukee®,,3034-20,,Uncategorized Supplies>General Industrial>Pending Review,"Milwaukee, M18, 3034-20, Hedge Trimmer",HDG TRMR,Milwaukee® M18 3034-20 Hedge Trimmer,The Milwaukee® M18 Hedge Trimmer (Part Number: 3034-20).,M18 Hedge Trimmer,{},,,,,,,,,,,,,,,,,,,,,,,,,,Hedge Trimmer,Series,M18,,Model,3034-20,,,,,,,,,,,,,,,,,,,,,,,,,,,,,,,,,,,,,,,,,,,,,,,,,,,,,,,,,,,,,,,,,,,,,,,,,,,,,,,,,,,,,,,,,,,,,,,,,,,,,,,,,,,,,,,,,,,,,,,,,,,,,,,,,,,,,,,,,,,,,,,,,,,,,,,,,,,,,,,,,,,,,,,,,,,,,,,,,,,,,,,,,,,,,,,,
,,,,,,,Tools & Hardware,Power Tools,Drills & Drivers,,D25333K,D25333K Dewalt Hammer Drill,-- Unbranded --,-- No Unilog Brand --,-- No DIB Brand --,Black & Decker/dewlt (2585),Black & Decker / DEWALT,DEWALT®,,D25333K,,Tools & Hardware>Power Tools>Drills & Drivers>Hammer Drills,"Black & Decker / DEWALT DEWALT, D25333K, Hammer Drill",HMR DRL,DEWALT® D25333K Hammer Drill,The DEWALT® Hammer Drill (Part Number: D25333K).,Hammer Drill,{},,,,,,,,,,,,,,,,,,,,,,,,,,Hammer Drill,Model,D25333K,,,,,,,,,,,,,,,,,,,,,,,,,,,,,,,,,,,,,,,,,,,,,,,,,,,,,,,,,,,,,,,,,,,,,,,,,,,,,,,,,,,,,,,,,,,,,,,,,,,,,,,,,,,,,,,,,,,,,,,,,,,,,,,,,,,,,,,,,,,,,,,,,,,,,,,,27112703,,,,,,,,,,,,,,,,,,,,,,,,,,,,,,,,,,,,,,,,,,,
,,,,,,,Tools & Hardware,Power Tools,Drills & Drivers,,DCD803B,DCD803B Dewalt Multi-Head Drill Driver,-- Unbranded --,-- No Unilog Brand --,-- No DIB Brand --,Black & Decker/dewlt (2585),Black & Decker / DEWALT,DEWALT®,,DCD803B,,Tools & Hardware>Power Tools>Drills & Drivers>Drill Drivers,"Black & Decker / DEWALT DEWALT, DCD803B, Drill Driver",DRL DRVR,DEWALT® DCD803B Drill Driver,The DEWALT® Drill Driver (Part Number: DCD803B).,Drill Driver,{},,,,,,,,,,,,,,,,,,,,,,,,,,Drill Driver,Model,DCD803B,,,,,,,,,,,,,,,,,,,,,,,,,,,,,,,,,,,,,,,,,,,,,,,,,,,,,,,,,,,,,,,,,,,,,,,,,,,,,,,,,,,,,,,,,,,,,,,,,,,,,,,,,,,,,,,,,,,,,,,,,,,,,,,,,,,,,,,,,,,,,,,,,,,,,,,,27112703,,,,,,,,,,,,,,,,,,,,,,,,,,,,,,,,,,,,,,,,,,,
,,,,,,,Tools & Hardware,Power Tools,Drills & Drivers,,DCF860B,DCF860B Dewalt 20V Impact - Driver Drill,-- Unbranded --,-- No Unilog Brand --,-- No DIB Brand --,Black & Decker/dewlt (2585),Black & Decker / DEWALT,DEWALT®,,DCF860B,,Tools & Hardware>Power Tools>Drills & Drivers>Impact Drivers,"Black & Decker / DEWALT DEWALT, DCF860B, Impact Driver, 20 V",IMPC DRVR 20V,DEWALT® DCF860B Impact Driver,"The DEWALT® Impact Driver is designed for commercial and industrial applications, rated at 20 V.",Impact Driver,{'Voltage': '20 V'},20 V electrical rating,,,,,,,,,,,,,,,,,,,,,,,,,Impact Driver,Model,DCF860B,,Voltage Rating,20,V,Voltage,20 V,,,,,,,,,,,,,,,,,,,,,,,,,,,,,,,,,,,,,,,,,,,,,,,,,,,,,,,,,,,,,,,,,,,,,,,,,,,,,,,,,,,,,,,,,,,,,,,,,,,,,,,,,,,,,,,,,,,,,,,,,,,,,,,,,,,,,,,,,,,,,,,,,,27112703,,,,,,,,,,,,,,,,,,,,,,,,,,,,,,,,,,,,,,,,,,,
,,,,,,,Tools & Hardware,Power Tools,Drills & Drivers,,3401-20,3401-20 Milw M12 Drill Driver - Brushless Compact (Bare),-- Unbranded --,-- No Unilog Brand --,-- No DIB Brand --,Milwaukee Accessory (4031),Milwaukee Electric Tool Corporation,Milwaukee®,,3401-20,,Tools & Hardware>Power Tools>Drills & Drivers>Drill Drivers,"Milwaukee, M12, 3401-20, Drill Driver",DRL DRVR,Milwaukee® M12 3401-20 Drill Driver,The Milwaukee® M12 Drill Driver (Part Number: 3401-20).,M12 Drill Driver,{},,,,,,,,,,,,,,,,,,,,,,,,,,Drill Driver,Series,M12,,Model,3401-20,,,,,,,,,,,,,,,,,,,,,,,,,,,,,,,,,,,,,,,,,,,,,,,,,,,,,,,,,,,,,,,,,,,,,,,,,,,,,,,,,,,,,,,,,,,,,,,,,,,,,,,,,,,,,,,,,,,,,,,,,,,,,,,,,,,,,,,,,,,,,,,,,,,,,27112703,,,,,,,,,,,,,,,,,,,,,,,,,,,,,,,,,,,,,,,,,,,
,,,,,,,Tools & Hardware,Power Tools,Drills & Drivers,,KPTDR050A,KPTDR050A Kreg 20V Ionic Compact Drill,-- Unbranded --,-- No Unilog Brand --,-- No DIB Brand --,Kreg Tool Company (KRETO),Kreg Tool Company,Kreg®,,KPTDR050A,,Tools & Hardware>Power Tools>Drills & Drivers>Hammer Drills,"Kreg Tool Company Kreg, KPTDR050A, Hammer Drill, 20 V",HMR DRL 20V,Kreg® KPTDR050A Hammer Drill,"The Kreg® Hammer Drill is designed for commercial and industrial applications, rated at 20 V.",Hammer Drill,{'Voltage': '20 V'},20 V electrical rating,,,,,,,,,,,,,,,,,,,,,,,,,Hammer Drill,Model,KPTDR050A,,Voltage Rating,20,V,Voltage,20 V,,,,,,,,,,,,,,,,,,,,,,,,,,,,,,,,,,,,,,,,,,,,,,,,,,,,,,,,,,,,,,,,,,,,,,,,,,,,,,,,,,,,,,,,,,,,,,,,,,,,,,,,,,,,,,,,,,,,,,,,,,,,,,,,,,,,,,,,,,,,,,,,,,27112703,,,,,,,,,,,,,,,,,,,,,,,,,,,,,,,,,,,,,,,,,,,
,,,,,,,Tools & Hardware,Power Tools,Drills & Drivers,,DCD1007B,"DCD1007B Dewalt 20V Cordless - 1/2"" Hammer Drill (Bare)",-- Unbranded --,-- No Unilog Brand --,DEWALT,Black & Decker/dewlt (2585),Black & Decker / DEWALT,DEWALT®,,DCD1007B,,Tools & Hardware>Power Tools>Drills & Drivers>Hammer Drills,"Black & Decker / DEWALT DEWALT, DCD1007B, Hammer Drill, 20 V",HMR DRL 20V,DEWALT® DCD1007B Hammer Drill,"The DEWALT® Hammer Drill is designed for commercial and industrial applications, rated at 20 V.",Hammer Drill,{'Voltage': '20 V'},20 V electrical rating,,,,,,,,,,,,,,,,,,,,,,,,,Hammer Drill,Model,DCD1007B,,Voltage Rating,20,V,Voltage,20 V,,,,,,,,,,,,,,,,,,,,,,,,,,,,,,,,,,,,,,,,,,,,,,,,,,,,,,,,,,,,,,,,,,,,,,,,,,,,,,,,,,,,,,,,,,,,,,,,,,,,,,,,,,,,,,,,,,,,,,,,,,,,,,,,,,,,,,,,,,,,,,,,,,27112703,,,,,,,,,,,,,,,,,,,,,,,,,,,,,,,,,,,,,,,,,,,
,,,,,,,Tools & Hardware,Power Tools,Drills & Drivers,,DCD799B,DCD799B Dewalt Drill,-- Unbranded --,-- No Unilog Brand --,-- No DIB Brand --,Black & Decker/dewlt (2585),Black & Decker / DEWALT,DEWALT®,,DCD799B,,Tools & Hardware>Power Tools>Drills & Drivers>Hammer Drills,"Black & Decker / DEWALT DEWALT, DCD799B, Hammer Drill",HMR DRL,DEWALT® DCD799B Hammer Drill,The DEWALT® Hammer Drill (Part Number: DCD799B).,Hammer Drill,{},,,,,,,,,,,,,,,,,,,,,,,,,,Hammer Drill,Model,DCD799B,,,,,,,,,,,,,,,,,,,,,,,,,,,,,,,,,,,,,,,,,,,,,,,,,,,,,,,,,,,,,,,,,,,,,,,,,,,,,,,,,,,,,,,,,,,,,,,,,,,,,,,,,,,,,,,,,,,,,,,,,,,,,,,,,,,,,,,,,,,,,,,,,,,,,,,,27112703,,,,,,,,,,,,,,,,,,,,,,,,,,,,,,,,,,,,,,,,,,,
,,,,,,,Tools & Hardware,Power Tools,Stationary Machinery,,58006,58006 Voyager Drill Press,-- Unbranded --,-- No Unilog Brand --,-- No DIB Brand --,King Canada Inc (KINCA),King Canada Inc.,King Canada®,,58006,,Tools & Hardware>Power Tools>Drill Presses,"King Canada Inc. King Canada, 58006, Drill Press",DRL PRS,King Canada® 58006 Drill Press,The King Canada® Drill Press (Part Number: 58006).,Drill Press,{},,,,,,,,,,,,,,,,,,,,,,,,,,Drill Press,Model,58006,,,,,,,,,,,,,,,,,,,,,,,,,,,,,,,,,,,,,,,,,,,,,,,,,,,,,,,,,,,,,,,,,,,,,,,,,,,,,,,,,,,,,,,,,,,,,,,,,,,,,,,,,,,,,,,,,,,,,,,,,,,,,,,,,,,,,,,,,,,,,,,,,,,,,,,,27112700,,,,,,,,,,,,,,,,,,,,,,,,,,,,,,,,,,,,,,,,,,,
,,,,,,,Tools & Hardware,Power Tools,Nailers & Staplers,,2909-20,2909-20 Milw Roofing Nailer - M18,-- Unbranded --,-- No Unilog Brand --,Milwaukee,Milwaukee Accessory (4031),Milwaukee Electric Tool Corporation,Milwaukee®,,2909-20,,Tools & Hardware>Power Tools>Nailers & Staplers>Roofing Nailers,"Milwaukee, M18, 2909-20, Roofing Nailer",RFNG NLR,Milwaukee® M18 2909-20 Roofing Nailer,The Milwaukee® M18 Roofing Nailer (Part Number: 2909-20).,M18 Roofing Nailer,{},,,,,,,,,,,,,,,,,,,,,,,,,,Roofing Nailer,Series,M18,,Model,2909-20,,,,,,,,,,,,,,,,,,,,,,,,,,,,,,,,,,,,,,,,,,,,,,,,,,,,,,,,,,,,,,,,,,,,,,,,,,,,,,,,,,,,,,,,,,,,,,,,,,,,,,,,,,,,,,,,,,,,,,,,,,,,,,,,,,,,,,,,,,,,,,,,,,,,,27112709,,,,,,,,,,,,,,,,,,,,,,,,,,,,,,,,,,,,,,,,,,,
,,,,,,,Tools & Hardware,Power Tools,Nailers & Staplers,,2909-21,2909-21 Milw M18 Coil Roofing - Nailer Kit,-- Unbranded --,-- No Unilog Brand --,Milwaukee,Milwaukee Accessory (4031),Milwaukee Electric Tool Corporation,Milwaukee®,,2909-21,,Tools & Hardware>Power Tools>Nailers & Staplers>Framing Nailers,"Milwaukee, M18, 2909-21, Framing Nailer",FRMN NLR,Milwaukee® M18 2909-21 Framing Nailer,The Milwaukee® M18 Framing Nailer (Part Number: 2909-21).,M18 Framing Nailer,{},,,,,,,,,,,,,,,,,,,,,,,,,,Framing Nailer,Series,M18,,Model,2909-21,,,,,,,,,,,,,,,,,,,,,,,,,,,,,,,,,,,,,,,,,,,,,,,,,,,,,,,,,,,,,,,,,,,,,,,,,,,,,,,,,,,,,,,,,,,,,,,,,,,,,,,,,,,,,,,,,,,,,,,,,,,,,,,,,,,,,,,,,,,,,,,,,,,,,27112709,,,,,,,,,,,,,,,,,,,,,,,,,,,,,,,,,,,,,,,,,,,
,,,,,,,Tools & Hardware,Power Tools,Nailers & Staplers,,918200,918200 Paslode CT200S24 18Ga ST Brad Nailer,-- Unbranded --,-- No Unilog Brand --,-- No DIB Brand --,National Nail Corp (7439),National Nail Corp.,CAMO®,,918200,,Tools & Hardware>Power Tools>Nailers & Staplers>Brad Nailers,"National Nail Corp. CAMO, 918200, Brad Nailer",BRAD NLR,CAMO® 918200 Brad Nailer,The CAMO® Brad Nailer (Part Number: 918200).,Brad Nailer,{},,,,,,,,,,,,,,,,,,,,,,,,,,Brad Nailer,Model,918200,,,,,,,,,,,,,,,,,,,,,,,,,,,,,,,,,,,,,,,,,,,,,,,,,,,,,,,,,,,,,,,,,,,,,,,,,,,,,,,,,,,,,,,,,,,,,,,,,,,,,,,,,,,,,,,,,,,,,,,,,,,,,,,,,,,,,,,,,,,,,,,,,,,,,,,,27112709,,,,,,,,,,,,,,,,,,,,,,,,,,,,,,,,,,,,,,,,,,,
,,,,,,,Tools & Hardware,Power Tools,Nailers & Staplers,,2541-20,2541-20 Milw M12 - Compact Brad Nailer (Bare),-- Unbranded --,-- No Unilog Brand --,-- No DIB Brand --,Milwaukee Accessory (4031),Milwaukee Electric Tool Corporation,Milwaukee®,,2541-20,,Tools & Hardware>Power Tools>Nailers & Staplers>Brad Nailers,"Milwaukee, M12, 2541-20, Brad Nailer",BRAD NLR,Milwaukee® M12 2541-20 Brad Nailer,The Milwaukee® M12 Brad Nailer (Part Number: 2541-20).,M12 Brad Nailer,{},,,,,,,,,,,,,,,,,,,,,,,,,,Brad Nailer,Series,M12,,Model,2541-20,,,,,,,,,,,,,,,,,,,,,,,,,,,,,,,,,,,,,,,,,,,,,,,,,,,,,,,,,,,,,,,,,,,,,,,,,,,,,,,,,,,,,,,,,,,,,,,,,,,,,,,,,,,,,,,,,,,,,,,,,,,,,,,,,,,,,,,,,,,,,,,,,,,,,27112709,,,,,,,,,,,,,,,,,,,,,,,,,,,,,,,,,,,,,,,,,,,
,,,,,,,Tools & Hardware,Power Tools,Nailers & Staplers,,DCN930B,DCN930B Dewalt 20V 30 Degree - Framing Nailer,-- Unbranded --,-- No Unilog Brand --,DEWALT,Black & Decker/dewlt (2585),Black & Decker / DEWALT,DEWALT®,,DCN930B,,Tools & Hardware>Power Tools>Nailers & Staplers>Framing Nailers,"Black & Decker / DEWALT DEWALT, DCN930B, Framing Nailer, 20 V",FRMN NLR 20V,DEWALT® DCN930B Framing Nailer,"The DEWALT® Framing Nailer is designed for commercial and industrial applications, rated at 20 V.",Framing Nailer,{'Voltage': '20 V'},20 V electrical rating,,,,,,,,,,,,,,,,,,,,,,,,,Framing Nailer,Model,DCN930B,,Voltage Rating,20,V,Voltage,20 V,,,,,,,,,,,,,,,,,,,,,,,,,,,,,,,,,,,,,,,,,,,,,,,,,,,,,,,,,,,,,,,,,,,,,,,,,,,,,,,,,,,,,,,,,,,,,,,,,,,,,,,,,,,,,,,,,,,,,,,,,,,,,,,,,,,,,,,,,,,,,,,,,,27112709,,,,,,,,,,,,,,,,,,,,,,,,,,,,,,,,,,,,,,,,,,,
,,,,,,,Tools & Hardware,Power Tools,Nailers & Staplers,,DCN930P1,DCN930P1 Dewalt 20V 30 Degree - Framing Nailer Kit,-- Unbranded --,-- No Unilog Brand --,DEWALT,Black & Decker/dewlt (2585),Black & Decker / DEWALT,DEWALT®,,DCN930P1,,Tools & Hardware>Power Tools>Nailers & Staplers>Framing Nailers,"Black & Decker / DEWALT DEWALT, DCN930P1, Framing Nailer, 20 V",FRMN NLR 20V,DEWALT® DCN930P1 Framing Nailer,"The DEWALT® Framing Nailer is designed for commercial and industrial applications, rated at 20 V.",Framing Nailer,{'Voltage': '20 V'},20 V electrical rating,,,,,,,,,,,,,,,,,,,,,,,,,Framing Nailer,Model,DCN930P1,,Voltage Rating,20,V,Voltage,20 V,,,,,,,,,,,,,,,,,,,,,,,,,,,,,,,,,,,,,,,,,,,,,,,,,,,,,,,,,,,,,,,,,,,,,,,,,,,,,,,,,,,,,,,,,,,,,,,,,,,,,,,,,,,,,,,,,,,,,,,,,,,,,,,,,,,,,,,,,,,,,,,,,,27112709,,,,,,,,,,,,,,,,,,,,,,,,,,,,,,,,,,,,,,,,,,,
,,,,,,,Tools & Hardware,Power Tools,Nailers & Staplers,,XNB04Z,"XNB04Z Makita 18V 2"" Brad Nailer 18GA (Bare)",-- Unbranded --,-- No Unilog Brand --,-- No DIB Brand --,Makita Usa Inc (5142),"Makita U.S.A., Inc.",Makita®,,XNB04Z,,Tools & Hardware>Power Tools>Nailers & Staplers>Brad Nailers,"Makita U.S.A., Inc. Makita, XNB04Z, Brad Nailer, 18 V",BRAD NLR 18V,Makita® XNB04Z Brad Nailer,"The Makita® Brad Nailer is designed for commercial and industrial applications, rated at 18 V.",Brad Nailer,{'Voltage': '18 V'},18 V electrical rating,,,,,,,,,,,,,,,,,,,,,,,,,Brad Nailer,Model,XNB04Z,,Voltage Rating,18,V,Voltage,18 V,,,,,,,,,,,,,,,,,,,,,,,,,,,,,,,,,,,,,,,,,,,,,,,,,,,,,,,,,,,,,,,,,,,,,,,,,,,,,,,,,,,,,,,,,,,,,,,,,,,,,,,,,,,,,,,,,,,,,,,,,,,,,,,,,,,,,,,,,,,,,,,,,,27112709,,,,,,,,,,,,,,,,,,,,,,,,,,,,,,,,,,,,,,,,,,,
,,,,,,,Tools & Hardware,Power Tools,Nailers & Staplers,,XNB05Z,"XNB05Z Makita 18V 2-1/2"" Straight Finish Nailer 16GA",-- Unbranded --,-- No Unilog Brand --,-- No DIB Brand --,Makita Usa Inc (5142),"Makita U.S.A., Inc.",Makita®,,XNB05Z,,Tools & Hardware>Power Tools>Nailers & Staplers>Finish Nailers,"Makita U.S.A., Inc. Makita, XNB05Z, Finish Nailer, 18 V",FNSH NLR 18V,Makita® XNB05Z Finish Nailer,"The Makita® Finish Nailer is designed for commercial and industrial applications, rated at 18 V.",Finish Nailer,{'Voltage': '18 V'},18 V electrical rating,,,,,,,,,,,,,,,,,,,,,,,,,Finish Nailer,Model,XNB05Z,,Voltage Rating,18,V,Voltage,18 V,,,,,,,,,,,,,,,,,,,,,,,,,,,,,,,,,,,,,,,,,,,,,,,,,,,,,,,,,,,,,,,,,,,,,,,,,,,,,,,,,,,,,,,,,,,,,,,,,,,,,,,,,,,,,,,,,,,,,,,,,,,,,,,,,,,,,,,,,,,,,,,,,,27112709,,,,,,,,,,,,,,,,,,,,,,,,,,,,,,,,,,,,,,,,,,,
,,,,,,,Tools & Hardware,Power Tools,Nailers & Staplers,,XNB06Z,"XNB06Z Makita 18V 2-1/2"" Angled Finish Nailer 16GA",-- Unbranded --,-- No Unilog Brand --,-- No DIB Brand --,Makita Usa Inc (5142),"Makita U.S.A., Inc.",Makita®,,XNB06Z,,Tools & Hardware>Power Tools>Nailers & Staplers>Finish Nailers,"Makita U.S.A., Inc. Makita, XNB06Z, Finish Nailer, 18 V",FNSH NLR 18V,Makita® XNB06Z Finish Nailer,"The Makita® Finish Nailer is designed for commercial and industrial applications, rated at 18 V.",Finish Nailer,{'Voltage': '18 V'},18 V electrical rating,,,,,,,,,,,,,,,,,,,,,,,,,Finish Nailer,Model,XNB06Z,,Voltage Rating,18,V,Voltage,18 V,,,,,,,,,,,,,,,,,,,,,,,,,,,,,,,,,,,,,,,,,,,,,,,,,,,,,,,,,,,,,,,,,,,,,,,,,,,,,,,,,,,,,,,,,,,,,,,,,,,,,,,,,,,,,,,,,,,,,,,,,,,,,,,,,,,,,,,,,,,,,,,,,,27112709,,,,,,,,,,,,,,,,,,,,,,,,,,,,,,,,,,,,,,,,,,,
,,,,,,,Tools & Hardware,Power Tools,Nailers & Staplers,,XNB07Z,XNB07Z Makita 18V LXT BL 30 Nailer (Bare),-- Unbranded --,-- No Unilog Brand --,-- No DIB Brand --,Makita Usa Inc (5142),"Makita U.S.A., Inc.",Makita®,,XNB07Z,,Tools & Hardware>Power Tools>Nailers & Staplers>Framing Nailers,"Makita U.S.A., Inc. Makita, XNB07Z, Framing Nailer, 18 V",FRMN NLR 18V,Makita® XNB07Z Framing Nailer,"The Makita® Framing Nailer is designed for commercial and industrial applications, rated at 18 V.",Framing Nailer,{'Voltage': '18 V'},18 V electrical rating,,,,,,,,,,,,,,,,,,,,,,,,,Framing Nailer,Model,XNB07Z,,Voltage Rating,18,V,Voltage,18 V,,,,,,,,,,,,,,,,,,,,,,,,,,,,,,,,,,,,,,,,,,,,,,,,,,,,,,,,,,,,,,,,,,,,,,,,,,,,,,,,,,,,,,,,,,,,,,,,,,,,,,,,,,,,,,,,,,,,,,,,,,,,,,,,,,,,,,,,,,,,,,,,,,27112709,,,,,,,,,,,,,,,,,,,,,,,,,,,,,,,,,,,,,,,,,,,
,,,,,,,Tools & Hardware,Power Tools,Nailers & Staplers,,DZN930,DZN930 Dewalt 30 Degree - Framing Magazine,-- Unbranded --,-- No Unilog Brand --,-- No DIB Brand --,Black & Decker/dewlt (2585),Black & Decker / DEWALT,DEWALT®,,DZN930,,Tools & Hardware>Power Tools>Nailers & Staplers>Framing Nailers,"Black & Decker / DEWALT DEWALT, DZN930, Framing Nailer",FRMN NLR,DEWALT® DZN930 Framing Nailer,The DEWALT® Framing Nailer (Part Number: DZN930).,Framing Nailer,{},,,,,,,,,,,,,,,,,,,,,,,,,,Framing Nailer,Model,DZN930,,,,,,,,,,,,,,,,,,,,,,,,,,,,,,,,,,,,,,,,,,,,,,,,,,,,,,,,,,,,,,,,,,,,,,,,,,,,,,,,,,,,,,,,,,,,,,,,,,,,,,,,,,,,,,,,,,,,,,,,,,,,,,,,,,,,,,,,,,,,,,,,,,,,,,,,27112709,,,,,,,,,,,,,,,,,,,,,,,,,,,,,,,,,,,,,,,,,,,
,,,,,,,Tools & Hardware,Power Tool Accessories,Driver Bits,,220USB25U,220USB25U Vessel Screwdriver w/25pc Bit Set,-- Unbranded --,-- No Unilog Brand --,-- No DIB Brand --,Vessel Tools USA Inc (VESTO),Vessel Tools USA Inc.,Vessel®,,220USB25U,,Tools & Hardware>Power Tool Accessories>Driver Bits,"Vessel Tools USA Inc. Vessel, 220USB25U, Screwdriver, 25 Pack",SCRW 25PK,"Vessel® 220USB25U Screwdriver, 25 Pack",The Vessel® Screwdriver (Part Number: 220USB25U).,Screwdriver,{},25 Count Package,,,,,,,,,,,,,,,,,,,,,,,,,Driver Bit,Model,220USB25U,,Package Quantity,25,pk,,,,,,,,,,,,,,,,,,,,,,,,,,,,,,,,,,,,,,,,,,,,,,,,,,,,,,,,,,,,,,,,,,,,,,,,,,,,,,,,,,,,,,,,,,,,,,,,,,,,,,,,,,,,,,,,,,,,,,,,,,,,,,,,,,,,,,,,,,,,,,,,,,,,27112814,,,,,,,,,,,,,,,,,,,,,,,,,,,,,,,,,,,,,,,,,,,
,,,,,,,Tools & Hardware,Power Tool Accessories,Driver Bits,,XRF03Z,XRF03Z Makita 18V Screwdriver - Autofeed,-- Unbranded --,-- No Unilog Brand --,-- No DIB Brand --,Makita Usa Inc (5142),"Makita U.S.A., Inc.",Makita®,,XRF03Z,,Tools & Hardware>Power Tool Accessories>Driver Bits,"Makita U.S.A., Inc. Makita, XRF03Z, Screwdriver, 18 V",SCRW 18V,Makita® XRF03Z Screwdriver,"The Makita® Screwdriver is designed for commercial and industrial applications, rated at 18 V.",Screwdriver,{'Voltage': '18 V'},18 V electrical rating,,,,,,,,,,,,,,,,,,,,,,,,,Driver Bit,Model,XRF03Z,,Voltage Rating,18,V,Voltage,18 V,,,,,,,,,,,,,,,,,,,,,,,,,,,,,,,,,,,,,,,,,,,,,,,,,,,,,,,,,,,,,,,,,,,,,,,,,,,,,,,,,,,,,,,,,,,,,,,,,,,,,,,,,,,,,,,,,,,,,,,,,,,,,,,,,,,,,,,,,,,,,,,,,,27112814,,,,,,,,,,,,,,,,,,,,,,,,,,,,,,,,,,,,,,,,,,,
,,,,,,,Tools & Hardware,Power Tool Accessories,Driver Bits,,220USBP5U,220USBP5U Vessel Screwdriver Plus w/5pc Bit Set,-- Unbranded --,-- No Unilog Brand --,-- No DIB Brand --,Vessel Tools USA Inc (VESTO),Vessel Tools USA Inc.,Vessel®,,220USBP5U,,Tools & Hardware>Power Tool Accessories>Driver Bits,"Vessel Tools USA Inc. Vessel, 220USBP5U, Screwdriver, 5 Pack",SCRW 5PK,"Vessel® 220USBP5U Screwdriver, 5 Pack",The Vessel® Screwdriver (Part Number: 220USBP5U).,Screwdriver,{},5 Count Package,,,,,,,,,,,,,,,,,,,,,,,,,Driver Bit,Model,220USBP5U,,Package Quantity,5,pk,,,,,,,,,,,,,,,,,,,,,,,,,,,,,,,,,,,,,,,,,,,,,,,,,,,,,,,,,,,,,,,,,,,,,,,,,,,,,,,,,,,,,,,,,,,,,,,,,,,,,,,,,,,,,,,,,,,,,,,,,,,,,,,,,,,,,,,,,,,,,,,,,,,,27112814,,,,,,,,,,,,,,,,,,,,,,,,,,,,,,,,,,,,,,,,,,,
,,,,,,,Tools & Hardware,Power Tools,Drills & Drivers,,49-66-4567,"49-66-4567 Milw 6"" Magnetic - Impact Driver Set 6pc",-- Unbranded --,-- No Unilog Brand --,-- No DIB Brand --,Milwaukee Accessory (4031),Milwaukee Electric Tool Corporation,Milwaukee®,,49-66-4567,,Tools & Hardware>Power Tools>Drills & Drivers>Impact Drivers,"Milwaukee, 49-66-4567, Impact Driver, 6 Pack",IMPC DRVR 6PK,"Milwaukee® 49-66-4567 Impact Driver, 6 Pack",The Milwaukee® Impact Driver (Part Number: 49-66-4567).,Impact Driver,{},6 Count Package,,,,,,,,,,,,,,,,,,,,,,,,,Impact Driver,Model,49-66-4567,,Package Quantity,6,pk,,,,,,,,,,,,,,,,,,,,,,,,,,,,,,,,,,,,,,,,,,,,,,,,,,,,,,,,,,,,,,,,,,,,,,,,,,,,,,,,,,,,,,,,,,,,,,,,,,,,,,,,,,,,,,,,,,,,,,,,,,,,,,,,,,,,,,,,,,,,,,,,,,,,27112703,,,,,,,,,,,,,,,,,,,,,,,,,,,,,,,,,,,,,,,,,,,
,,,,,,,Tools & Hardware,Power Tools,Drills & Drivers,,IBMG90K003,"IBMG90K003 Vessel Impact Ball Torsion Bit Assort 5pc 3.5""",-- Unbranded --,-- No Unilog Brand --,-- No DIB Brand --,Vessel Tools USA Inc (VESTO),Vessel Tools USA Inc.,Vessel®,,IBMG90K003,,Tools & Hardware>Power Tools>Drills & Drivers>Impact Drivers,"Vessel Tools USA Inc. Vessel, IBMG90K003, Impact Driver, 5 Pack",IMPC DRVR 5PK,"Vessel® IBMG90K003 Impact Driver, 5 Pack",The Vessel® Impact Driver (Part Number: IBMG90K003).,Impact Driver,{},5 Count Package,,,,,,,,,,,,,,,,,,,,,,,,,Impact Driver,Model,IBMG90K003,,Package Quantity,5,pk,,,,,,,,,,,,,,,,,,,,,,,,,,,,,,,,,,,,,,,,,,,,,,,,,,,,,,,,,,,,,,,,,,,,,,,,,,,,,,,,,,,,,,,,,,,,,,,,,,,,,,,,,,,,,,,,,,,,,,,,,,,,,,,,,,,,,,,,,,,,,,,,,,,,27112703,,,,,,,,,,,,,,,,,,,,,,,,,,,,,,,,,,,,,,,,,,,
,,,,,,,Uncategorized Supplies,General Industrial,Pending Review,,IBPH250P15T,"IBPH250P15T Vessel Torsion Bit 2"" 15pc",-- Unbranded --,-- No Unilog Brand --,-- No DIB Brand --,Vessel Tools USA Inc (VESTO),Vessel Tools USA Inc.,Vessel®,,IBPH250P15T,,Uncategorized Supplies>General Industrial>Pending Review,"Vessel Tools USA Inc. Vessel, IBPH250P15T, Torsion Bit, 15 Pack",TRSN BIT 15PK,"Vessel® IBPH250P15T Torsion Bit, 15 Pack",The Vessel® Torsion Bit (Part Number: IBPH250P15T).,Torsion Bit,{},15 Count Package,,,,,,,,,,,,,,,,,,,,,,,,,Torsion Bit,Model,IBPH250P15T,,Package Quantity,15,pk,,,,,,,,,,,,,,,,,,,,,,,,,,,,,,,,,,,,,,,,,,,,,,,,,,,,,,,,,,,,,,,,,,,,,,,,,,,,,,,,,,,,,,,,,,,,,,,,,,,,,,,,,,,,,,,,,,,,,,,,,,,,,,,,,,,,,,,,,,,,,,,,,,,,,,,,,,,,,,,,,,,,,,,,,,,,,,,,,,,,,,,,,,,,,,,
,,,,,,,Tools & Hardware,Power Tool Accessories,Driver Bits,,DPH12B,"DPH12B 2"" #1 Phillips Drive - Bit",-- Unbranded --,-- No Unilog Brand --,Diablo,Freud Inc (2435),"Freud America, Inc.",Diablo®,,DPH12B,,Tools & Hardware>Power Tool Accessories>Driver Bits,"Freud America, Inc. Diablo, DPH12B, Driver Bit",DRVR BIT,Diablo® DPH12B Driver Bit,The Diablo® Driver Bit (Part Number: DPH12B).,Driver Bit,{},,,,,,,,,,,,,,,,,,,,,,,,,,Driver Bit,Model,DPH12B,,,,,,,,,,,,,,,,,,,,,,,,,,,,,,,,,,,,,,,,,,,,,,,,,,,,,,,,,,,,,,,,,,,,,,,,,,,,,,,,,,,,,,,,,,,,,,,,,,,,,,,,,,,,,,,,,,,,,,,,,,,,,,,,,,,,,,,,,,,,,,,,,,,,,,,,27112814,,,,,,,,,,,,,,,,,,,,,,,,,,,,,,,,,,,,,,,,,,,
,,,,,,,Uncategorized Supplies,General Industrial,Pending Review,,DPH135B,"DPH135B 3-1/2"" #1 Phillips - Drive Bit",-- Unbranded --,-- No Unilog Brand --,Diablo,Freud Inc (2435),"Freud America, Inc.",Diablo®,,DPH135B,,Uncategorized Supplies>General Industrial>Pending Review,"Freud America, Inc. Diablo, DPH135B, Drive Bit",DRV BIT,Diablo® DPH135B Drive Bit,The Diablo® Drive Bit (Part Number: DPH135B).,Drive Bit,{},,,,,,,,,,,,,,,,,,,,,,,,,,Drive Bit,Model,DPH135B,,,,,,,,,,,,,,,,,,,,,,,,,,,,,,,,,,,,,,,,,,,,,,,,,,,,,,,,,,,,,,,,,,,,,,,,,,,,,,,,,,,,,,,,,,,,,,,,,,,,,,,,,,,,,,,,,,,,,,,,,,,,,,,,,,,,,,,,,,,,,,,,,,,,,,,,,,,,,,,,,,,,,,,,,,,,,,,,,,,,,,,,,,,,,,,,,,,
,,,,,,,Tools & Hardware,Power Tool Accessories,Driver Bits,,DPH21B,"DPH21B 1"" #2 Phillips Drive - Bit",-- Unbranded --,-- No Unilog Brand --,Diablo,Freud Inc (2435),"Freud America, Inc.",Diablo®,,DPH21B,,Tools & Hardware>Power Tool Accessories>Driver Bits,"Freud America, Inc. Diablo, DPH21B, Driver Bit",DRVR BIT,Diablo® DPH21B Driver Bit,The Diablo® Driver Bit (Part Number: DPH21B).,Driver Bit,{},,,,,,,,,,,,,,,,,,,,,,,,,,Driver Bit,Model,DPH21B,,,,,,,,,,,,,,,,,,,,,,,,,,,,,,,,,,,,,,,,,,,,,,,,,,,,,,,,,,,,,,,,,,,,,,,,,,,,,,,,,,,,,,,,,,,,,,,,,,,,,,,,,,,,,,,,,,,,,,,,,,,,,,,,,,,,,,,,,,,,,,,,,,,,,,,,27112814,,,,,,,,,,,,,,,,,,,,,,,,,,,,,,,,,,,,,,,,,,,
,,,,,,,Tools & Hardware,Power Tool Accessories,Driver Bits,,DPH22B,"DPH22B 2"" #2 Phillips Drive - Bit",-- Unbranded --,-- No Unilog Brand --,Diablo,Freud Inc (2435),"Freud America, Inc.",Diablo®,,DPH22B,,Tools & Hardware>Power Tool Accessories>Driver Bits,"Freud America, Inc. Diablo, DPH22B, Driver Bit",DRVR BIT,Diablo® DPH22B Driver Bit,The Diablo® Driver Bit (Part Number: DPH22B).,Driver Bit,{},,,,,,,,,,,,,,,,,,,,,,,,,,Driver Bit,Model,DPH22B,,,,,,,,,,,,,,,,,,,,,,,,,,,,,,,,,,,,,,,,,,,,,,,,,,,,,,,,,,,,,,,,,,,,,,,,,,,,,,,,,,,,,,,,,,,,,,,,,,,,,,,,,,,,,,,,,,,,,,,,,,,,,,,,,,,,,,,,,,,,,,,,,,,,,,,,27112814,,,,,,,,,,,,,,,,,,,,,,,,,,,,,,,,,,,,,,,,,,,
,,,,,,,Uncategorized Supplies,General Industrial,Pending Review,,DPH235B,"DPH235B 3-1/2"" #2 Phillips - Drive Bit",-- Unbranded --,-- No Unilog Brand --,Diablo,Freud Inc (2435),"Freud America, Inc.",Diablo®,,DPH235B,,Uncategorized Supplies>General Industrial>Pending Review,"Freud America, Inc. Diablo, DPH235B, Drive Bit",DRV BIT,Diablo® DPH235B Drive Bit,The Diablo® Drive Bit (Part Number: DPH235B).,Drive Bit,{},,,,,,,,,,,,,,,,,,,,,,,,,,Drive Bit,Model,DPH235B,,,,,,,,,,,,,,,,,,,,,,,,,,,,,,,,,,,,,,,,,,,,,,,,,,,,,,,,,,,,,,,,,,,,,,,,,,,,,,,,,,,,,,,,,,,,,,,,,,,,,,,,,,,,,,,,,,,,,,,,,,,,,,,,,,,,,,,,,,,,,,,,,,,,,,,,,,,,,,,,,,,,,,,,,,,,,,,,,,,,,,,,,,,,,,,,,,,
,,,,,,,Tools & Hardware,Power Tool Accessories,Driver Bits,,DPH26B,"DPH26B 6"" #2 Phillips Drive - Bit",-- Unbranded --,-- No Unilog Brand --,Diablo,Freud Inc (2435),"Freud America, Inc.",Diablo®,,DPH26B,,Tools & Hardware>Power Tool Accessories>Driver Bits,"Freud America, Inc. Diablo, DPH26B, Driver Bit",DRVR BIT,Diablo® DPH26B Driver Bit,The Diablo® Driver Bit (Part Number: DPH26B).,Driver Bit,{},,,,,,,,,,,,,,,,,,,,,,,,,,Driver Bit,Model,DPH26B,,,,,,,,,,,,,,,,,,,,,,,,,,,,,,,,,,,,,,,,,,,,,,,,,,,,,,,,,,,,,,,,,,,,,,,,,,,,,,,,,,,,,,,,,,,,,,,,,,,,,,,,,,,,,,,,,,,,,,,,,,,,,,,,,,,,,,,,,,,,,,,,,,,,,,,,27112814,,,,,,,,,,,,,,,,,,,,,,,,,,,,,,,,,,,,,,,,,,,
,,,,,,,Building Materials,Drywall & Plaster,Drywall Panels,,DPH2R1B,"DPH2R1B 1"" #2 Phillips Drywall - Screws Drive Bit",-- Unbranded --,-- No Unilog Brand --,Diablo,Freud Inc (2435),"Freud America, Inc.",Diablo®,,DPH2R1B,,Building Materials>Drywall & Gypsum>Panels,"Freud America, Inc. Diablo, DPH2R1B, Drywall Gypsum Board",DRYW GYPS BRD,Diablo® DPH2R1B Drywall Gypsum Board,The Diablo® Drywall Gypsum Board (Part Number: DPH2R1B).,Drywall Gypsum Board,{},,,,,,,,,,,,,,,,,,,,,,,,,,Drywall Gypsum Board,Model,DPH2R1B,,,,,,,,,,,,,,,,,,,,,,,,,,,,,,,,,,,,,,,,,,,,,,,,,,,,,,,,,,,,,,,,,,,,,,,,,,,,,,,,,,,,,,,,,,,,,,,,,,,,,,,,,,,,,,,,,,,,,,,,,,,,,,,,,,,,,,,,,,,,,,,,,,,,,,,,30161500,,,,,,,,,,,,,,,,,,,,,,,,,,,,,,,,,,,,,,,,,,,
,,,,,,,Tools & Hardware,Power Tool Accessories,Driver Bits,,DPH31B,"DPH31B 1"" #3 Phillips Drive - Bit",-- Unbranded --,-- No Unilog Brand --,Diablo,Freud Inc (2435),"Freud America, Inc.",Diablo®,,DPH31B,,Tools & Hardware>Power Tool Accessories>Driver Bits,"Freud America, Inc. Diablo, DPH31B, Driver Bit",DRVR BIT,Diablo® DPH31B Driver Bit,The Diablo® Driver Bit (Part Number: DPH31B).,Driver Bit,{},,,,,,,,,,,,,,,,,,,,,,,,,,Driver Bit,Model,DPH31B,,,,,,,,,,,,,,,,,,,,,,,,,,,,,,,,,,,,,,,,,,,,,,,,,,,,,,,,,,,,,,,,,,,,,,,,,,,,,,,,,,,,,,,,,,,,,,,,,,,,,,,,,,,,,,,,,,,,,,,,,,,,,,,,,,,,,,,,,,,,,,,,,,,,,,,,27112814,,,,,,,,,,,,,,,,,,,,,,,,,,,,,,,,,,,,,,,,,,,
,,,,,,,Tools & Hardware,Power Tool Accessories,Driver Bits,,DPH32B,"DPH32B 2"" #3 Phillips Drive - Bit",-- Unbranded --,-- No Unilog Brand --,Diablo,Freud Inc (2435),"Freud America, Inc.",Diablo®,,DPH32B,,Tools & Hardware>Power Tool Accessories>Driver Bits,"Freud America, Inc. Diablo, DPH32B, Driver Bit",DRVR BIT,Diablo® DPH32B Driver Bit,The Diablo® Driver Bit (Part Number: DPH32B).,Driver Bit,{},,,,,,,,,,,,,,,,,,,,,,,,,,Driver Bit,Model,DPH32B,,,,,,,,,,,,,,,,,,,,,,,,,,,,,,,,,,,,,,,,,,,,,,,,,,,,,,,,,,,,,,,,,,,,,,,,,,,,,,,,,,,,,,,,,,,,,,,,,,,,,,,,,,,,,,,,,,,,,,,,,,,,,,,,,,,,,,,,,,,,,,,,,,,,,,,,27112814,,,,,,,,,,,,,,,,,,,,,,,,,,,,,,,,,,,,,,,,,,,
,,,,,,,Uncategorized Supplies,General Industrial,Pending Review,,DPH335B,"DPH335B 3-1/2"" #3 Phillips - Drive Bit",-- Unbranded --,-- No Unilog Brand --,Diablo,Freud Inc (2435),"Freud America, Inc.",Diablo®,,DPH335B,,Uncategorized Supplies>General Industrial>Pending Review,"Freud America, Inc. Diablo, DPH335B, Drive Bit",DRV BIT,Diablo® DPH335B Drive Bit,The Diablo® Drive Bit (Part Number: DPH335B).,Drive Bit,{},,,,,,,,,,,,,,,,,,,,,,,,,,Drive Bit,Model,DPH335B,,,,,,,,,,,,,,,,,,,,,,,,,,,,,,,,,,,,,,,,,,,,,,,,,,,,,,,,,,,,,,,,,,,,,,,,,,,,,,,,,,,,,,,,,,,,,,,,,,,,,,,,,,,,,,,,,,,,,,,,,,,,,,,,,,,,,,,,,,,,,,,,,,,,,,,,,,,,,,,,,,,,,,,,,,,,,,,,,,,,,,,,,,,,,,,,,,,
,,,,,,,Tools & Hardware,Power Tool Accessories,Driver Bits,,DSQ12B,"DSQ12B 2"" #1 Square Drive Bit",-- Unbranded --,-- No Unilog Brand --,Diablo,Freud Inc (2435),"Freud America, Inc.",Diablo®,,DSQ12B,,Tools & Hardware>Power Tool Accessories>Driver Bits,"Freud America, Inc. Diablo, DSQ12B, Driver Bit",DRVR BIT,Diablo® DSQ12B Driver Bit,The Diablo® Driver Bit (Part Number: DSQ12B).,Driver Bit,{},,,,,,,,,,,,,,,,,,,,,,,,,,Driver Bit,Model,DSQ12B,,,,,,,,,,,,,,,,,,,,,,,,,,,,,,,,,,,,,,,,,,,,,,,,,,,,,,,,,,,,,,,,,,,,,,,,,,,,,,,,,,,,,,,,,,,,,,,,,,,,,,,,,,,,,,,,,,,,,,,,,,,,,,,,,,,,,,,,,,,,,,,,,,,,,,,,27112814,,,,,,,,,,,,,,,,,,,,,,,,,,,,,,,,,,,,,,,,,,,
,,,,,,,Tools & Hardware,Power Tool Accessories,Driver Bits,,DSQ22B,"DSQ22B 2"" #2 Square Drive Bit",-- Unbranded --,-- No Unilog Brand --,Diablo,Freud Inc (2435),"Freud America, Inc.",Diablo®,,DSQ22B,,Tools & Hardware>Power Tool Accessories>Driver Bits,"Freud America, Inc. Diablo, DSQ22B, Driver Bit",DRVR BIT,Diablo® DSQ22B Driver Bit,The Diablo® Driver Bit (Part Number: DSQ22B).,Driver Bit,{},,,,,,,,,,,,,,,,,,,,,,,,,,Driver Bit,Model,DSQ22B,,,,,,,,,,,,,,,,,,,,,,,,,,,,,,,,,,,,,,,,,,,,,,,,,,,,,,,,,,,,,,,,,,,,,,,,,,,,,,,,,,,,,,,,,,,,,,,,,,,,,,,,,,,,,,,,,,,,,,,,,,,,,,,,,,,,,,,,,,,,,,,,,,,,,,,,27112814,,,,,,,,,,,,,,,,,,,,,,,,,,,,,,,,,,,,,,,,,,,
,,,,,,,Tools & Hardware,Power Tool Accessories,Driver Bits,,DSQ26B,"DSQ26B 6"" #2 Square Drive Bit",-- Unbranded --,-- No Unilog Brand --,Diablo,Freud Inc (2435),"Freud America, Inc.",Diablo®,,DSQ26B,,Tools & Hardware>Power Tool Accessories>Driver Bits,"Freud America, Inc. Diablo, DSQ26B, Driver Bit",DRVR BIT,Diablo® DSQ26B Driver Bit,The Diablo® Driver Bit (Part Number: DSQ26B).,Driver Bit,{},,,,,,,,,,,,,,,,,,,,,,,,,,Driver Bit,Model,DSQ26B,,,,,,,,,,,,,,,,,,,,,,,,,,,,,,,,,,,,,,,,,,,,,,,,,,,,,,,,,,,,,,,,,,,,,,,,,,,,,,,,,,,,,,,,,,,,,,,,,,,,,,,,,,,,,,,,,,,,,,,,,,,,,,,,,,,,,,,,,,,,,,,,,,,,,,,,27112814,,,,,,,,,,,,,,,,,,,,,,,,,,,,,,,,,,,,,,,,,,,
,,,,,,,Tools & Hardware,Power Tool Accessories,Driver Bits,,DSQ32B,"DSQ32B 2"" #3 Square Drive Bit",-- Unbranded --,-- No Unilog Brand --,Diablo,Freud Inc (2435),"Freud America, Inc.",Diablo®,,DSQ32B,,Tools & Hardware>Power Tool Accessories>Driver Bits,"Freud America, Inc. Diablo, DSQ32B, Driver Bit",DRVR BIT,Diablo® DSQ32B Driver Bit,The Diablo® Driver Bit (Part Number: DSQ32B).,Driver Bit,{},,,,,,,,,,,,,,,,,,,,,,,,,,Driver Bit,Model,DSQ32B,,,,,,,,,,,,,,,,,,,,,,,,,,,,,,,,,,,,,,,,,,,,,,,,,,,,,,,,,,,,,,,,,,,,,,,,,,,,,,,,,,,,,,,,,,,,,,,,,,,,,,,,,,,,,,,,,,,,,,,,,,,,,,,,,,,,,,,,,,,,,,,,,,,,,,,,27112814,,,,,,,,,,,,,,,,,,,,,,,,,,,,,,,,,,,,,,,,,,,
,,,,,,,Tools & Hardware,Power Tool Accessories,Driver Bits,,DT102B,"DT102B 2"" #10 Torx Drive Bit",-- Unbranded --,-- No Unilog Brand --,Diablo,Freud Inc (2435),"Freud America, Inc.",Diablo®,,DT102B,,Tools & Hardware>Power Tool Accessories>Driver Bits,"Freud America, Inc. Diablo, DT102B, Driver Bit",DRVR BIT,Diablo® DT102B Driver Bit,The Diablo® Driver Bit (Part Number: DT102B).,Driver Bit,{},,,,,,,,,,,,,,,,,,,,,,,,,,Driver Bit,Model,DT102B,,,,,,,,,,,,,,,,,,,,,,,,,,,,,,,,,,,,,,,,,,,,,,,,,,,,,,,,,,,,,,,,,,,,,,,,,,,,,,,,,,,,,,,,,,,,,,,,,,,,,,,,,,,,,,,,,,,,,,,,,,,,,,,,,,,,,,,,,,,,,,,,,,,,,,,,27112814,,,,,,,,,,,,,,,,,,,,,,,,,,,,,,,,,,,,,,,,,,,
,,,,,,,Tools & Hardware,Power Tool Accessories,Driver Bits,,DT152B,"DT152B 2"" #15 Torx Drive Bit",-- Unbranded --,-- No Unilog Brand --,Diablo,Freud Inc (2435),"Freud America, Inc.",Diablo®,,DT152B,,Tools & Hardware>Power Tool Accessories>Driver Bits,"Freud America, Inc. Diablo, DT152B, Driver Bit",DRVR BIT,Diablo® DT152B Driver Bit,The Diablo® Driver Bit (Part Number: DT152B).,Driver Bit,{},,,,,,,,,,,,,,,,,,,,,,,,,,Driver Bit,Model,DT152B,,,,,,,,,,,,,,,,,,,,,,,,,,,,,,,,,,,,,,,,,,,,,,,,,,,,,,,,,,,,,,,,,,,,,,,,,,,,,,,,,,,,,,,,,,,,,,,,,,,,,,,,,,,,,,,,,,,,,,,,,,,,,,,,,,,,,,,,,,,,,,,,,,,,,,,,27112814,,,,,,,,,,,,,,,,,,,,,,,,,,,,,,,,,,,,,,,,,,,
,,,,,,,Tools & Hardware,Power Tool Accessories,Driver Bits,,DT1535B,"DT1535B 3-1/2"" #15 Torx Drive - Bit",-- Unbranded --,-- No Unilog Brand --,Diablo,Freud Inc (2435),"Freud America, Inc.",Diablo®,,DT1535B,,Tools & Hardware>Power Tool Accessories>Driver Bits,"Freud America, Inc. Diablo, DT1535B, Driver Bit",DRVR BIT,Diablo® DT1535B Driver Bit,The Diablo® Driver Bit (Part Number: DT1535B).,Driver Bit,{},,,,,,,,,,,,,,,,,,,,,,,,,,Driver Bit,Model,DT1535B,,,,,,,,,,,,,,,,,,,,,,,,,,,,,,,,,,,,,,,,,,,,,,,,,,,,,,,,,,,,,,,,,,,,,,,,,,,,,,,,,,,,,,,,,,,,,,,,,,,,,,,,,,,,,,,,,,,,,,,,,,,,,,,,,,,,,,,,,,,,,,,,,,,,,,,,27112814,,,,,,,,,,,,,,,,,,,,,,,,,,,,,,,,,,,,,,,,,,,
,,,,,,,Tools & Hardware,Power Tool Accessories,Driver Bits,,DT202B,"DT202B 2"" #20 Torx Drive Bit",-- Unbranded --,-- No Unilog Brand --,Diablo,Freud Inc (2435),"Freud America, Inc.",Diablo®,,DT202B,,Tools & Hardware>Power Tool Accessories>Driver Bits,"Freud America, Inc. Diablo, DT202B, Driver Bit",DRVR BIT,Diablo® DT202B Driver Bit,The Diablo® Driver Bit (Part Number: DT202B).,Driver Bit,{},,,,,,,,,,,,,,,,,,,,,,,,,,Driver Bit,Model,DT202B,,,,,,,,,,,,,,,,,,,,,,,,,,,,,,,,,,,,,,,,,,,,,,,,,,,,,,,,,,,,,,,,,,,,,,,,,,,,,,,,,,,,,,,,,,,,,,,,,,,,,,,,,,,,,,,,,,,,,,,,,,,,,,,,,,,,,,,,,,,,,,,,,,,,,,,,27112814,,,,,,,,,,,,,,,,,,,,,,,,,,,,,,,,,,,,,,,,,,,
,,,,,,,Tools & Hardware,Power Tool Accessories,Driver Bits,,DT2035B,"DT2035B 3-1/2"" #20 Torx Drive - Bit",-- Unbranded --,-- No Unilog Brand --,Diablo,Freud Inc (2435),"Freud America, Inc.",Diablo®,,DT2035B,,Tools & Hardware>Power Tool Accessories>Driver Bits,"Freud America, Inc. Diablo, DT2035B, Driver Bit",DRVR BIT,Diablo® DT2035B Driver Bit,The Diablo® Driver Bit (Part Number: DT2035B).,Driver Bit,{},,,,,,,,,,,,,,,,,,,,,,,,,,Driver Bit,Model,DT2035B,,,,,,,,,,,,,,,,,,,,,,,,,,,,,,,,,,,,,,,,,,,,,,,,,,,,,,,,,,,,,,,,,,,,,,,,,,,,,,,,,,,,,,,,,,,,,,,,,,,,,,,,,,,,,,,,,,,,,,,,,,,,,,,,,,,,,,,,,,,,,,,,,,,,,,,,27112814,,,,,,,,,,,,,,,,,,,,,,,,,,,,,,,,,,,,,,,,,,,
,,,,,,,Tools & Hardware,Power Tool Accessories,Driver Bits,,DT206B,"DT206B 6"" #20 Torx Drive Bit",-- Unbranded --,-- No Unilog Brand --,Diablo,Freud Inc (2435),"Freud America, Inc.",Diablo®,,DT206B,,Tools & Hardware>Power Tool Accessories>Driver Bits,"Freud America, Inc. Diablo, DT206B, Driver Bit",DRVR BIT,Diablo® DT206B Driver Bit,The Diablo® Driver Bit (Part Number: DT206B).,Driver Bit,{},,,,,,,,,,,,,,,,,,,,,,,,,,Driver Bit,Model,DT206B,,,,,,,,,,,,,,,,,,,,,,,,,,,,,,,,,,,,,,,,,,,,,,,,,,,,,,,,,,,,,,,,,,,,,,,,,,,,,,,,,,,,,,,,,,,,,,,,,,,,,,,,,,,,,,,,,,,,,,,,,,,,,,,,,,,,,,,,,,,,,,,,,,,,,,,,27112814,,,,,,,,,,,,,,,,,,,,,,,,,,,,,,,,,,,,,,,,,,,
,,,,,,,Uncategorized Supplies,General Industrial,Pending Review,,DT252B,"DT252B 2"" #25 Trox Drive Bit",-- Unbranded --,-- No Unilog Brand --,Diablo,Freud Inc (2435),"Freud America, Inc.",Diablo®,,DT252B,,Uncategorized Supplies>General Industrial>Pending Review,"Freud America, Inc. Diablo, DT252B, Drive Bit",DRV BIT,Diablo® DT252B Drive Bit,The Diablo® Drive Bit (Part Number: DT252B).,Drive Bit,{},,,,,,,,,,,,,,,,,,,,,,,,,,Drive Bit,Model,DT252B,,,,,,,,,,,,,,,,,,,,,,,,,,,,,,,,,,,,,,,,,,,,,,,,,,,,,,,,,,,,,,,,,,,,,,,,,,,,,,,,,,,,,,,,,,,,,,,,,,,,,,,,,,,,,,,,,,,,,,,,,,,,,,,,,,,,,,,,,,,,,,,,,,,,,,,,,,,,,,,,,,,,,,,,,,,,,,,,,,,,,,,,,,,,,,,,,,,
,,,,,,,Tools & Hardware,Power Tool Accessories,Driver Bits,,DT2535B,"DT2535B 3-1/4"" #25 Torx Drive - Bit",-- Unbranded --,-- No Unilog Brand --,Diablo,Freud Inc (2435),"Freud America, Inc.",Diablo®,,DT2535B,,Tools & Hardware>Power Tool Accessories>Driver Bits,"Freud America, Inc. Diablo, DT2535B, Driver Bit",DRVR BIT,Diablo® DT2535B Driver Bit,The Diablo® Driver Bit (Part Number: DT2535B).,Driver Bit,{},,,,,,,,,,,,,,,,,,,,,,,,,,Driver Bit,Model,DT2535B,,,,,,,,,,,,,,,,,,,,,,,,,,,,,,,,,,,,,,,,,,,,,,,,,,,,,,,,,,,,,,,,,,,,,,,,,,,,,,,,,,,,,,,,,,,,,,,,,,,,,,,,,,,,,,,,,,,,,,,,,,,,,,,,,,,,,,,,,,,,,,,,,,,,,,,,27112814,,,,,,,,,,,,,,,,,,,,,,,,,,,,,,,,,,,,,,,,,,,
,,,,,,,Tools & Hardware,Power Tool Accessories,Driver Bits,,DT256B,"DT256B 6"" #25 Torx Drive Bit",-- Unbranded --,-- No Unilog Brand --,Diablo,Freud Inc (2435),"Freud America, Inc.",Diablo®,,DT256B,,Tools & Hardware>Power Tool Accessories>Driver Bits,"Freud America, Inc. Diablo, DT256B, Driver Bit",DRVR BIT,Diablo® DT256B Driver Bit,The Diablo® Driver Bit (Part Number: DT256B).,Driver Bit,{},,,,,,,,,,,,,,,,,,,,,,,,,,Driver Bit,Model,DT256B,,,,,,,,,,,,,,,,,,,,,,,,,,,,,,,,,,,,,,,,,,,,,,,,,,,,,,,,,,,,,,,,,,,,,,,,,,,,,,,,,,,,,,,,,,,,,,,,,,,,,,,,,,,,,,,,,,,,,,,,,,,,,,,,,,,,,,,,,,,,,,,,,,,,,,,,27112814,,,,,,,,,,,,,,,,,,,,,,,,,,,,,,,,,,,,,,,,,,,
,,,,,,,Tools & Hardware,Power Tool Accessories,Driver Bits,,DT302B,"DT302B 2"" #30 Torx Drive Bit",-- Unbranded --,-- No Unilog Brand --,Diablo,Freud Inc (2435),"Freud America, Inc.",Diablo®,,DT302B,,Tools & Hardware>Power Tool Accessories>Driver Bits,"Freud America, Inc. Diablo, DT302B, Driver Bit",DRVR BIT,Diablo® DT302B Driver Bit,The Diablo® Driver Bit (Part Number: DT302B).,Driver Bit,{},,,,,,,,,,,,,,,,,,,,,,,,,,Driver Bit,Model,DT302B,,,,,,,,,,,,,,,,,,,,,,,,,,,,,,,,,,,,,,,,,,,,,,,,,,,,,,,,,,,,,,,,,,,,,,,,,,,,,,,,,,,,,,,,,,,,,,,,,,,,,,,,,,,,,,,,,,,,,,,,,,,,,,,,,,,,,,,,,,,,,,,,,,,,,,,,27112814,,,,,,,,,,,,,,,,,,,,,,,,,,,,,,,,,,,,,,,,,,,
,,,,,,,Tools & Hardware,Power Tool Accessories,Driver Bits,,DT402B,"DT402B 2"" #40 Torx Drive Bit",-- Unbranded --,-- No Unilog Brand --,Diablo,Freud Inc (2435),"Freud America, Inc.",Diablo®,,DT402B,,Tools & Hardware>Power Tool Accessories>Driver Bits,"Freud America, Inc. Diablo, DT402B, Driver Bit",DRVR BIT,Diablo® DT402B Driver Bit,The Diablo® Driver Bit (Part Number: DT402B).,Driver Bit,{},,,,,,,,,,,,,,,,,,,,,,,,,,Driver Bit,Model,DT402B,,,,,,,,,,,,,,,,,,,,,,,,,,,,,,,,,,,,,,,,,,,,,,,,,,,,,,,,,,,,,,,,,,,,,,,,,,,,,,,,,,,,,,,,,,,,,,,,,,,,,,,,,,,,,,,,,,,,,,,,,,,,,,,,,,,,,,,,,,,,,,,,,,,,,,,,27112814,,,,,,,,,,,,,,,,,,,,,,,,,,,,,,,,,,,,,,,,,,,
,,,,,,,Building Materials,Drywall & Plaster,Drywall Panels,,DDWSSB,DDWSSB #2 Drywall Screw Setter,-- Unbranded --,-- No Unilog Brand --,Diablo,Freud Inc (2435),"Freud America, Inc.",Diablo®,,DDWSSB,,Building Materials>Drywall & Gypsum>Panels,"Freud America, Inc. Diablo, DDWSSB, Drywall Gypsum Board",DRYW GYPS BRD,Diablo® DDWSSB Drywall Gypsum Board,The Diablo® Drywall Gypsum Board (Part Number: DDWSSB).,Drywall Gypsum Board,{},,,,,,,,,,,,,,,,,,,,,,,,,,Drywall Gypsum Board,Model,DDWSSB,,,,,,,,,,,,,,,,,,,,,,,,,,,,,,,,,,,,,,,,,,,,,,,,,,,,,,,,,,,,,,,,,,,,,,,,,,,,,,,,,,,,,,,,,,,,,,,,,,,,,,,,,,,,,,,,,,,,,,,,,,,,,,,,,,,,,,,,,,,,,,,,,,,,,,,,30161500,,,,,,,,,,,,,,,,,,,,,,,,,,,,,,,,,,,,,,,,,,,
,,,,,,,Uncategorized Supplies,General Industrial,Pending Review,,191V02-0,191V02-0 Makita #2 Phillips Bit 5pk,-- Unbranded --,-- No Unilog Brand --,-- No DIB Brand --,Makita Usa Inc (5142),"Makita U.S.A., Inc.",Makita®,,191V02-0,,Uncategorized Supplies>General Industrial>Pending Review,"Makita U.S.A., Inc. Makita, 191V02-0, Phillips Bit, 5 Pack",PHLP BIT 5PK,"Makita® 191V02-0 Phillips Bit, 5 Pack",The Makita® Phillips Bit (Part Number: 191V02-0).,Phillips Bit,{},5 Count Package,,,,,,,,,,,,,,,,,,,,,,,,,Phillips Bit,Model,191V02-0,,Package Quantity,5,pk,,,,,,,,,,,,,,,,,,,,,,,,,,,,,,,,,,,,,,,,,,,,,,,,,,,,,,,,,,,,,,,,,,,,,,,,,,,,,,,,,,,,,,,,,,,,,,,,,,,,,,,,,,,,,,,,,,,,,,,,,,,,,,,,,,,,,,,,,,,,,,,,,,,,,,,,,,,,,,,,,,,,,,,,,,,,,,,,,,,,,,,,,,,,,,,
,,,,,,,Tools & Hardware,Power Tools,Nailers & Staplers,,XTS02Z,"XTS02Z Makita 18V 1/4"" Narrow Crown Stapler 18GA",-- Unbranded --,-- No Unilog Brand --,-- No DIB Brand --,Makita Usa Inc (5142),"Makita U.S.A., Inc.",Makita®,,XTS02Z,,Tools & Hardware>Power Tools>Nailers & Staplers>Staplers,"Makita U.S.A., Inc. Makita, XTS02Z, Stapler, 18 V",STPL 18V,Makita® XTS02Z Stapler,"The Makita® Stapler is designed for commercial and industrial applications, rated at 18 V.",Stapler,{'Voltage': '18 V'},18 V electrical rating,,,,,,,,,,,,,,,,,,,,,,,,,Stapler,Model,XTS02Z,,Voltage Rating,18,V,Voltage,18 V,,,,,,,,,,,,,,,,,,,,,,,,,,,,,,,,,,,,,,,,,,,,,,,,,,,,,,,,,,,,,,,,,,,,,,,,,,,,,,,,,,,,,,,,,,,,,,,,,,,,,,,,,,,,,,,,,,,,,,,,,,,,,,,,,,,,,,,,,,,,,,,,,,27112709,,,,,,,,,,,,,,,,,,,,,,,,,,,,,,,,,,,,,,,,,,,
,,,,,,,Tools & Hardware,Power Tools,Drills & Drivers,,DCF809D1,"DCF809D1 Dewalt Atomic 20V 1/4"" Impact Driver Kit",-- Unbranded --,-- No Unilog Brand --,DEWALT,Black & Decker/dewlt (2585),Black & Decker / DEWALT,DEWALT®,,DCF809D1,,Tools & Hardware>Power Tools>Drills & Drivers>Impact Drivers,"Black & Decker / DEWALT DEWALT, Atomic 20V, DCF809D1, Impact Driver, 20 V",IMPC DRVR 20V,DEWALT® Atomic 20V DCF809D1 Impact Driver,"The DEWALT® Atomic 20V Impact Driver is designed for commercial and industrial applications, rated at 20 V.",Atomic 20V Impact Driver,{'Voltage': '20 V'},20 V electrical rating,,,,,,,,,,,,,,,,,,,,,,,,,Impact Driver,Series,Atomic 20V,,Model,DCF809D1,,Voltage Rating,20,V,Voltage,20 V,,,,,,,,,,,,,,,,,,,,,,,,,,,,,,,,,,,,,,,,,,,,,,,,,,,,,,,,,,,,,,,,,,,,,,,,,,,,,,,,,,,,,,,,,,,,,,,,,,,,,,,,,,,,,,,,,,,,,,,,,,,,,,,,,,,,,,,,,,,,,,,27112703,,,,,,,,,,,,,,,,,,,,,,,,,,,,,,,,,,,,,,,,,,,
,,,,,,,Tools & Hardware,Power Tools,Drills & Drivers,,2761-20,"2761-20 Milw M18 1/4"" Hex Hydraulic Driver",-- Unbranded --,-- No Unilog Brand --,-- No DIB Brand --,Milwaukee Accessory (4031),Milwaukee Electric Tool Corporation,Milwaukee®,,2761-20,,Tools & Hardware>Power Tools>Drills & Drivers>Impact Drivers,"Milwaukee, M18, 2761-20, Impact Driver",IMPC DRVR,Milwaukee® M18 2761-20 Impact Driver,The Milwaukee® M18 Impact Driver (Part Number: 2761-20).,M18 Impact Driver,{},,,,,,,,,,,,,,,,,,,,,,,,,,Impact Driver,Series,M18,,Model,2761-20,,,,,,,,,,,,,,,,,,,,,,,,,,,,,,,,,,,,,,,,,,,,,,,,,,,,,,,,,,,,,,,,,,,,,,,,,,,,,,,,,,,,,,,,,,,,,,,,,,,,,,,,,,,,,,,,,,,,,,,,,,,,,,,,,,,,,,,,,,,,,,,,,,,,,27112703,,,,,,,,,,,,,,,,,,,,,,,,,,,,,,,,,,,,,,,,,,,
,,,,,,,Building Materials,Decking & Railing,Railing Kits,,2761-22,2761-22 Milw M18 Surge Kit,-- Unbranded --,-- No Unilog Brand --,-- No DIB Brand --,Milwaukee Accessory (4031),Milwaukee Electric Tool Corporation,Milwaukee®,,2761-22,,Building Materials>Decking & Railing>Railing Kits,"Milwaukee, Surge, 2761-22, Railing Kit",RLNG KIT,Milwaukee® Surge 2761-22 Railing Kit,The Milwaukee® Surge Railing Kit (Part Number: 2761-22).,Surge Railing Kit,{},,,,,,,,,,,,,,,,,,,,,,,,,,Railing Kit,Series,Surge,,Model,2761-22,,,,,,,,,,,,,,,,,,,,,,,,,,,,,,,,,,,,,,,,,,,,,,,,,,,,,,,,,,,,,,,,,,,,,,,,,,,,,,,,,,,,,,,,,,,,,,,,,,,,,,,,,,,,,,,,,,,,,,,,,,,,,,,,,,,,,,,,,,,,,,,,,,,,,30103601,,,,,,,,,,,,,,,,,,,,,,,,,,,,,,,,,,,,,,,,,,,
,,,,,,,Tools & Hardware,Power Tools,Drills & Drivers,,3450-20,3450-20 Milw M12 Impact Driver - Brushless Compact (Bare),-- Unbranded --,-- No Unilog Brand --,-- No DIB Brand --,Milwaukee Accessory (4031),Milwaukee Electric Tool Corporation,Milwaukee®,,3450-20,,Tools & Hardware>Power Tools>Drills & Drivers>Impact Drivers,"Milwaukee, M12, 3450-20, Impact Driver",IMPC DRVR,Milwaukee® M12 3450-20 Impact Driver,The Milwaukee® M12 Impact Driver (Part Number: 3450-20).,M12 Impact Driver,{},,,,,,,,,,,,,,,,,,,,,,,,,,Impact Driver,Series,M12,,Model,3450-20,,,,,,,,,,,,,,,,,,,,,,,,,,,,,,,,,,,,,,,,,,,,,,,,,,,,,,,,,,,,,,,,,,,,,,,,,,,,,,,,,,,,,,,,,,,,,,,,,,,,,,,,,,,,,,,,,,,,,,,,,,,,,,,,,,,,,,,,,,,,,,,,,,,,,27112703,,,,,,,,,,,,,,,,,,,,,,,,,,,,,,,,,,,,,,,,,,,
,,,,,,,Tools & Hardware,Power Tools,Drills & Drivers,,KPTDV025A,KPTDV025A Kreg 20V Ionic Compact Impact Driver,-- Unbranded --,-- No Unilog Brand --,-- No DIB Brand --,Kreg Tool Company (KRETO),Kreg Tool Company,Kreg®,,KPTDV025A,,Tools & Hardware>Power Tools>Drills & Drivers>Impact Drivers,"Kreg Tool Company Kreg, KPTDV025A, Impact Driver, 20 V",IMPC DRVR 20V,Kreg® KPTDV025A Impact Driver,"The Kreg® Impact Driver is designed for commercial and industrial applications, rated at 20 V.",Impact Driver,{'Voltage': '20 V'},20 V electrical rating,,,,,,,,,,,,,,,,,,,,,,,,,Impact Driver,Model,KPTDV025A,,Voltage Rating,20,V,Voltage,20 V,,,,,,,,,,,,,,,,,,,,,,,,,,,,,,,,,,,,,,,,,,,,,,,,,,,,,,,,,,,,,,,,,,,,,,,,,,,,,,,,,,,,,,,,,,,,,,,,,,,,,,,,,,,,,,,,,,,,,,,,,,,,,,,,,,,,,,,,,,,,,,,,,,27112703,,,,,,,,,,,,,,,,,,,,,,,,,,,,,,,,,,,,,,,,,,,
,,,,,,,Tools & Hardware,Power Tools,Drills & Drivers,,3048-20,"3048-20 Milw M12 1/4"" Impact Wrench w/Friction Ring",-- Unbranded --,-- No Unilog Brand --,-- No DIB Brand --,Milwaukee Accessory (4031),Milwaukee Electric Tool Corporation,Milwaukee®,,3048-20,,Tools & Hardware>Power Tools>Impact Wrenches,"Milwaukee, M12, 3048-20, Impact Wrench",IMPC WRNC,Milwaukee® M12 3048-20 Impact Wrench,The Milwaukee® M12 Impact Wrench (Part Number: 3048-20).,M12 Impact Wrench,{},,,,,,,,,,,,,,,,,,,,,,,,,,Impact Wrench,Series,M12,,Model,3048-20,,,,,,,,,,,,,,,,,,,,,,,,,,,,,,,,,,,,,,,,,,,,,,,,,,,,,,,,,,,,,,,,,,,,,,,,,,,,,,,,,,,,,,,,,,,,,,,,,,,,,,,,,,,,,,,,,,,,,,,,,,,,,,,,,,,,,,,,,,,,,,,,,,,,,27112703,,,,,,,,,,,,,,,,,,,,,,,,,,,,,,,,,,,,,,,,,,,
,,,,,,,Tools & Hardware,Power Tools,Drills & Drivers,,3049-20,"3049-20 Milw M12 3/8"" Impact Wrench w/Friction Ring",-- Unbranded --,-- No Unilog Brand --,-- No DIB Brand --,Milwaukee Accessory (4031),Milwaukee Electric Tool Corporation,Milwaukee®,,3049-20,,Tools & Hardware>Power Tools>Impact Wrenches,"Milwaukee, M12, 3049-20, Impact Wrench",IMPC WRNC,Milwaukee® M12 3049-20 Impact Wrench,The Milwaukee® M12 Impact Wrench (Part Number: 3049-20).,M12 Impact Wrench,{},,,,,,,,,,,,,,,,,,,,,,,,,,Impact Wrench,Series,M12,,Model,3049-20,,,,,,,,,,,,,,,,,,,,,,,,,,,,,,,,,,,,,,,,,,,,,,,,,,,,,,,,,,,,,,,,,,,,,,,,,,,,,,,,,,,,,,,,,,,,,,,,,,,,,,,,,,,,,,,,,,,,,,,,,,,,,,,,,,,,,,,,,,,,,,,,,,,,,27112703,,,,,,,,,,,,,,,,,,,,,,,,,,,,,,,,,,,,,,,,,,,
,,,,,,,Tools & Hardware,Power Tools,Drills & Drivers,,2563-20,"2563-20 Milw M12 Stubby 1/2"" Impact Wrench",-- Unbranded --,-- No Unilog Brand --,-- No DIB Brand --,Milwaukee Accessory (4031),Milwaukee Electric Tool Corporation,Milwaukee®,,2563-20,,Tools & Hardware>Power Tools>Impact Wrenches,"Milwaukee, M12, 2563-20, Impact Wrench",IMPC WRNC,Milwaukee® M12 2563-20 Impact Wrench,The Milwaukee® M12 Impact Wrench (Part Number: 2563-20).,M12 Impact Wrench,{},,,,,,,,,,,,,,,,,,,,,,,,,,Impact Wrench,Series,M12,,Model,2563-20,,,,,,,,,,,,,,,,,,,,,,,,,,,,,,,,,,,,,,,,,,,,,,,,,,,,,,,,,,,,,,,,,,,,,,,,,,,,,,,,,,,,,,,,,,,,,,,,,,,,,,,,,,,,,,,,,,,,,,,,,,,,,,,,,,,,,,,,,,,,,,,,,,,,,27112703,,,,,,,,,,,,,,,,,,,,,,,,,,,,,,,,,,,,,,,,,,,
,,,,,,,Tools & Hardware,Power Tools,Drills & Drivers,,DCF961B,"Dewalt DCF961B 20V 1/2"" Impact - Bare Tool",-- Unbranded --,-- No Unilog Brand --,DEWALT,Black & Decker/dewlt (2585),Black & Decker / DEWALT,DEWALT®,,DCF961B,,Tools & Hardware>Power Tools>Drills & Drivers>Impact Drivers,"Black & Decker / DEWALT DEWALT, DCF961B, Impact Driver, 20 V",IMPC DRVR 20V,DEWALT® DCF961B Impact Driver,"The DEWALT® Impact Driver is designed for commercial and industrial applications, rated at 20 V.",Impact Driver,{'Voltage': '20 V'},20 V electrical rating,,,,,,,,,,,,,,,,,,,,,,,,,Impact Driver,Model,DCF961B,,Voltage Rating,20,V,Voltage,20 V,,,,,,,,,,,,,,,,,,,,,,,,,,,,,,,,,,,,,,,,,,,,,,,,,,,,,,,,,,,,,,,,,,,,,,,,,,,,,,,,,,,,,,,,,,,,,,,,,,,,,,,,,,,,,,,,,,,,,,,,,,,,,,,,,,,,,,,,,,,,,,,,,,27112703,,,,,,,,,,,,,,,,,,,,,,,,,,,,,,,,,,,,,,,,,,,
,,,,,,,Tools & Hardware,Power Tools,Drills & Drivers,,DCF964B,"DCF964B Dewalt 20V 3/4"" Impact - Wrench (Bare)",-- Unbranded --,-- No Unilog Brand --,DEWALT,Black & Decker/dewlt (2585),Black & Decker / DEWALT,DEWALT®,,DCF964B,,Tools & Hardware>Power Tools>Drills & Drivers>Impact Drivers,"Black & Decker / DEWALT DEWALT, DCF964B, Impact Driver, 20 V",IMPC DRVR 20V,DEWALT® DCF964B Impact Driver,"The DEWALT® Impact Driver is designed for commercial and industrial applications, rated at 20 V.",Impact Driver,{'Voltage': '20 V'},20 V electrical rating,,,,,,,,,,,,,,,,,,,,,,,,,Impact Driver,Model,DCF964B,,Voltage Rating,20,V,Voltage,20 V,,,,,,,,,,,,,,,,,,,,,,,,,,,,,,,,,,,,,,,,,,,,,,,,,,,,,,,,,,,,,,,,,,,,,,,,,,,,,,,,,,,,,,,,,,,,,,,,,,,,,,,,,,,,,,,,,,,,,,,,,,,,,,,,,,,,,,,,,,,,,,,,,,27112703,,,,,,,,,,,,,,,,,,,,,,,,,,,,,,,,,,,,,,,,,,,
,,,,,,,Tools & Hardware,Power Tools,Drills & Drivers,,2563P-20,"2563P-20 Milw M12 1/2"" Stubby - Impact Wrench w/Pin Detent",-- Unbranded --,-- No Unilog Brand --,-- No DIB Brand --,Milwaukee Accessory (4031),Milwaukee Electric Tool Corporation,Milwaukee®,,2563P-20,,Tools & Hardware>Power Tools>Impact Wrenches,"Milwaukee, M12, 2563P-20, Impact Wrench",IMPC WRNC,Milwaukee® M12 2563P-20 Impact Wrench,The Milwaukee® M12 Impact Wrench (Part Number: 2563P-20).,M12 Impact Wrench,{},,,,,,,,,,,,,,,,,,,,,,,,,,Impact Wrench,Series,M12,,Model,2563P-20,,,,,,,,,,,,,,,,,,,,,,,,,,,,,,,,,,,,,,,,,,,,,,,,,,,,,,,,,,,,,,,,,,,,,,,,,,,,,,,,,,,,,,,,,,,,,,,,,,,,,,,,,,,,,,,,,,,,,,,,,,,,,,,,,,,,,,,,,,,,,,,,,,,,,27112703,,,,,,,,,,,,,,,,,,,,,,,,,,,,,,,,,,,,,,,,,,,
,,,,,,,Tools & Hardware,Power Tools,Drills & Drivers,,DCF921P2,DCF921P2 Dewalt 20V 1/2 Impact,-- Unbranded --,-- No Unilog Brand --,-- No DIB Brand --,Black & Decker/dewlt (2585),Black & Decker / DEWALT,DEWALT®,,DCF921P2,,Tools & Hardware>Power Tools>Drills & Drivers>Impact Drivers,"Black & Decker / DEWALT DEWALT, DCF921P2, Impact Driver, 20 V",IMPC DRVR 20V,DEWALT® DCF921P2 Impact Driver,"The DEWALT® Impact Driver is designed for commercial and industrial applications, rated at 20 V.",Impact Driver,{'Voltage': '20 V'},20 V electrical rating,,,,,,,,,,,,,,,,,,,,,,,,,Impact Driver,Model,DCF921P2,,Voltage Rating,20,V,Voltage,20 V,,,,,,,,,,,,,,,,,,,,,,,,,,,,,,,,,,,,,,,,,,,,,,,,,,,,,,,,,,,,,,,,,,,,,,,,,,,,,,,,,,,,,,,,,,,,,,,,,,,,,,,,,,,,,,,,,,,,,,,,,,,,,,,,,,,,,,,,,,,,,,,,,,27112703,,,,,,,,,,,,,,,,,,,,,,,,,,,,,,,,,,,,,,,,,,,
,,,,,,,Tools & Hardware,Power Tools,Drills & Drivers,,XLT03Z,"XLT03Z Makita 3/8"" 18V Angle Impact",-- Unbranded --,-- No Unilog Brand --,-- No DIB Brand --,Makita Usa Inc (5142),"Makita U.S.A., Inc.",Makita®,,XLT03Z,,Tools & Hardware>Power Tools>Drills & Drivers>Impact Drivers,"Makita U.S.A., Inc. Makita, XLT03Z, Impact Driver, 18 V",IMPC DRVR 18V,Makita® XLT03Z Impact Driver,"The Makita® Impact Driver is designed for commercial and industrial applications, rated at 18 V.",Impact Driver,{'Voltage': '18 V'},18 V electrical rating,,,,,,,,,,,,,,,,,,,,,,,,,Impact Driver,Model,XLT03Z,,Voltage Rating,18,V,Voltage,18 V,,,,,,,,,,,,,,,,,,,,,,,,,,,,,,,,,,,,,,,,,,,,,,,,,,,,,,,,,,,,,,,,,,,,,,,,,,,,,,,,,,,,,,,,,,,,,,,,,,,,,,,,,,,,,,,,,,,,,,,,,,,,,,,,,,,,,,,,,,,,,,,,,,27112703,,,,,,,,,,,,,,,,,,,,,,,,,,,,,,,,,,,,,,,,,,,
,,,,,,,Tools & Hardware,Power Tools,Drills & Drivers,,XLT04Z,"XLT04Z Makita 1/4"" 18V Angle Impact",-- Unbranded --,-- No Unilog Brand --,-- No DIB Brand --,Makita Usa Inc (5142),"Makita U.S.A., Inc.",Makita®,,XLT04Z,,Tools & Hardware>Power Tools>Drills & Drivers>Impact Drivers,"Makita U.S.A., Inc. Makita, XLT04Z, Impact Driver, 18 V",IMPC DRVR 18V,Makita® XLT04Z Impact Driver,"The Makita® Impact Driver is designed for commercial and industrial applications, rated at 18 V.",Impact Driver,{'Voltage': '18 V'},18 V electrical rating,,,,,,,,,,,,,,,,,,,,,,,,,Impact Driver,Model,XLT04Z,,Voltage Rating,18,V,Voltage,18 V,,,,,,,,,,,,,,,,,,,,,,,,,,,,,,,,,,,,,,,,,,,,,,,,,,,,,,,,,,,,,,,,,,,,,,,,,,,,,,,,,,,,,,,,,,,,,,,,,,,,,,,,,,,,,,,,,,,,,,,,,,,,,,,,,,,,,,,,,,,,,,,,,,27112703,,,,,,,,,,,,,,,,,,,,,,,,,,,,,,,,,,,,,,,,,,,
,,,,,,,Tools & Hardware,Power Tools,Drills & Drivers,,XLT05Z,"XLT05Z Makita 1/2"" 18V Angle Impact",-- Unbranded --,-- No Unilog Brand --,-- No DIB Brand --,Makita Usa Inc (5142),"Makita U.S.A., Inc.",Makita®,,XLT05Z,,Tools & Hardware>Power Tools>Drills & Drivers>Impact Drivers,"Makita U.S.A., Inc. Makita, XLT05Z, Impact Driver, 18 V",IMPC DRVR 18V,Makita® XLT05Z Impact Driver,"The Makita® Impact Driver is designed for commercial and industrial applications, rated at 18 V.",Impact Driver,{'Voltage': '18 V'},18 V electrical rating,,,,,,,,,,,,,,,,,,,,,,,,,Impact Driver,Model,XLT05Z,,Voltage Rating,18,V,Voltage,18 V,,,,,,,,,,,,,,,,,,,,,,,,,,,,,,,,,,,,,,,,,,,,,,,,,,,,,,,,,,,,,,,,,,,,,,,,,,,,,,,,,,,,,,,,,,,,,,,,,,,,,,,,,,,,,,,,,,,,,,,,,,,,,,,,,,,,,,,,,,,,,,,,,,27112703,,,,,,,,,,,,,,,,,,,,,,,,,,,,,,,,,,,,,,,,,,,
,,,,,,,Tools & Hardware,Power Tools,Fastening Tools,,DCF510B,Dewalt DCF510B 20V Rachet - Interchangeable Anvil,-- Unbranded --,-- No Unilog Brand --,DEWALT,Black & Decker/dewlt (2585),Black & Decker / DEWALT,DEWALT®,,DCF510B,,Tools & Hardware>Power Tools>Ratchets,"Black & Decker / DEWALT DEWALT, DCF510B, Cordless Ratchet, 20 V",CRDL RTCH 20V,DEWALT® DCF510B Cordless Ratchet,"The DEWALT® Cordless Ratchet is designed for commercial and industrial applications, rated at 20 V.",Cordless Ratchet,{'Voltage': '20 V'},20 V electrical rating,,,,,,,,,,,,,,,,,,,,,,,,,Cordless Ratchet,Model,DCF510B,,Voltage Rating,20,V,Voltage,20 V,,,,,,,,,,,,,,,,,,,,,,,,,,,,,,,,,,,,,,,,,,,,,,,,,,,,,,,,,,,,,,,,,,,,,,,,,,,,,,,,,,,,,,,,,,,,,,,,,,,,,,,,,,,,,,,,,,,,,,,,,,,,,,,,,,,,,,,,,,,,,,,,,,27112700,,,,,,,,,,,,,,,,,,,,,,,,,,,,,,,,,,,,,,,,,,,
,,,,,,,Tools & Hardware,Power Tools,Fastening Tools,,3052-20,"3052-20 Milw M12 Fuel 1/4"" Rachet",-- Unbranded --,-- No Unilog Brand --,-- No DIB Brand --,Milwaukee Accessory (4031),Milwaukee Electric Tool Corporation,Milwaukee®,,3052-20,,Tools & Hardware>Power Tools>Ratchets,"Milwaukee, M12 FUEL, 3052-20, Cordless Ratchet",CRDL RTCH,Milwaukee® M12 FUEL 3052-20 Cordless Ratchet,The Milwaukee® M12 FUEL Cordless Ratchet (Part Number: 3052-20).,M12 FUEL Cordless Ratchet,{},,,,,,,,,,,,,,,,,,,,,,,,,,Cordless Ratchet,Series,M12 FUEL,,Model,3052-20,,,,,,,,,,,,,,,,,,,,,,,,,,,,,,,,,,,,,,,,,,,,,,,,,,,,,,,,,,,,,,,,,,,,,,,,,,,,,,,,,,,,,,,,,,,,,,,,,,,,,,,,,,,,,,,,,,,,,,,,,,,,,,,,,,,,,,,,,,,,,,,,,,,,,27112700,,,,,,,,,,,,,,,,,,,,,,,,,,,,,,,,,,,,,,,,,,,
,,,,,,,Tools & Hardware,Power Tools,Fastening Tools,,3054-20,"3054-20 Milw M12 1/2"" Ratchet (Bare)",-- Unbranded --,-- No Unilog Brand --,-- No DIB Brand --,Milwaukee Accessory (4031),Milwaukee Electric Tool Corporation,Milwaukee®,,3054-20,,Tools & Hardware>Power Tools>Ratchets,"Milwaukee, M12, 3054-20, Cordless Ratchet",CRDL RTCH,Milwaukee® M12 3054-20 Cordless Ratchet,The Milwaukee® M12 Cordless Ratchet (Part Number: 3054-20).,M12 Cordless Ratchet,{},,,,,,,,,,,,,,,,,,,,,,,,,,Cordless Ratchet,Series,M12,,Model,3054-20,,,,,,,,,,,,,,,,,,,,,,,,,,,,,,,,,,,,,,,,,,,,,,,,,,,,,,,,,,,,,,,,,,,,,,,,,,,,,,,,,,,,,,,,,,,,,,,,,,,,,,,,,,,,,,,,,,,,,,,,,,,,,,,,,,,,,,,,,,,,,,,,,,,,,27112700,,,,,,,,,,,,,,,,,,,,,,,,,,,,,,,,,,,,,,,,,,,
,,,,,,,Tools & Hardware,Power Tools,Fastening Tools,,DCF513EB,"DCF513EB Dewalt 3/8"" Open Head Rachet",-- Unbranded --,-- No Unilog Brand --,-- No DIB Brand --,Black & Decker/dewlt (2585),Black & Decker / DEWALT,DEWALT®,,DCF513EB,,Tools & Hardware>Power Tools>Ratchets,"Black & Decker / DEWALT DEWALT, DCF513EB, Cordless Ratchet",CRDL RTCH,DEWALT® DCF513EB Cordless Ratchet,The DEWALT® Cordless Ratchet (Part Number: DCF513EB).,Cordless Ratchet,{},,,,,,,,,,,,,,,,,,,,,,,,,,Cordless Ratchet,Model,DCF513EB,,,,,,,,,,,,,,,,,,,,,,,,,,,,,,,,,,,,,,,,,,,,,,,,,,,,,,,,,,,,,,,,,,,,,,,,,,,,,,,,,,,,,,,,,,,,,,,,,,,,,,,,,,,,,,,,,,,,,,,,,,,,,,,,,,,,,,,,,,,,,,,,,,,,,,,,27112700,,,,,,,,,,,,,,,,,,,,,,,,,,,,,,,,,,,,,,,,,,,
,,,,,,,Tools & Hardware,Power Tools,Sanders & Polishers,,XVP01Z,"XVP01Z Makita 18V 3"" Polisher/ 2"" Sander",-- Unbranded --,-- No Unilog Brand --,-- No DIB Brand --,Makita Usa Inc (5142),"Makita U.S.A., Inc.",Makita®,,XVP01Z,,Tools & Hardware>Power Tools>Sanders & Polishers>Polishers,"Makita U.S.A., Inc. Makita, XVP01Z, Polisher, 18 V",PLSH 18V,Makita® XVP01Z Polisher,"The Makita® Polisher is designed for commercial and industrial applications, rated at 18 V.",Polisher,{'Voltage': '18 V'},18 V electrical rating,,,,,,,,,,,,,,,,,,,,,,,,,Polisher,Model,XVP01Z,,Voltage Rating,18,V,Voltage,18 V,,,,,,,,,,,,,,,,,,,,,,,,,,,,,,,,,,,,,,,,,,,,,,,,,,,,,,,,,,,,,,,,,,,,,,,,,,,,,,,,,,,,,,,,,,,,,,,,,,,,,,,,,,,,,,,,,,,,,,,,,,,,,,,,,,,,,,,,,,,,,,,,,,27112708,,,,,,,,,,,,,,,,,,,,,,,,,,,,,,,,,,,,,,,,,,,
,,,,,,,Tools & Hardware,Power Tools,Sanders & Polishers,,DCM200B,DCM200B Dewalt 1/2in x 18in - Band File,-- Unbranded --,-- No Unilog Brand --,DEWALT,Black & Decker/dewlt (2585),Black & Decker / DEWALT,DEWALT®,,DCM200B,,Tools & Hardware>Power Tools>Sanders & Polishers>Band Files,"Black & Decker / DEWALT DEWALT, DCM200B, Band File, 1/2in x 18in",BAND FILE,"DEWALT® DCM200B Band File, 1/2in x 18in","The DEWALT® Band File is designed for commercial and industrial applications, measuring 1/2in x 18in.",Band File,{'Dimensions': '1/2in x 18in'},Size: 1/2in x 18in,Size / Dimensions: 1/2in x 18in,,,,,,,,,,,,,,,,,,,,,,,,Band File,Model,DCM200B,,Size,1/2in x 18in,,Dimensions,1/2in x 18in,,Size / Dimensions,1/2in x 18in,,,,,,,,,,,,,,,,,,,,,,,,,,,,,,,,,,,,,,,,,,,,,,,,,,,,,,,,,,,,,,,,,,,,,,,,,,,,,,,,,,,,,,,,,,,,,,,,,,,,,,,,,,,,,,,,,,,,,,,,,,,,,,,,,,,,,,,,,,,,,,,27112708,,,,,,,,,,,,,,,,,,,,,,,,,,,,,,,,,,,,,,,,,,,
,,,,,,,Tools & Hardware,Power Tools,Grinders,,DCG410B,"DCG410B Dewalt 20V 4-1/2""-5"" - Angle Grinder (Bare)",-- Unbranded --,-- No Unilog Brand --,DEWALT,Black & Decker/dewlt (2585),Black & Decker / DEWALT,DEWALT®,,DCG410B,,Tools & Hardware>Power Tools>Grinders>Angle Grinders,"Black & Decker / DEWALT DEWALT, DCG410B, Angle Grinder, 20 V",ANGL GRND 20V,DEWALT® DCG410B Angle Grinder,"The DEWALT® Angle Grinder is designed for commercial and industrial applications, rated at 20 V.",Angle Grinder,{'Voltage': '20 V'},20 V electrical rating,,,,,,,,,,,,,,,,,,,,,,,,,Angle Grinder,Model,DCG410B,,Voltage Rating,20,V,Voltage,20 V,,,,,,,,,,,,,,,,,,,,,,,,,,,,,,,,,,,,,,,,,,,,,,,,,,,,,,,,,,,,,,,,,,,,,,,,,,,,,,,,,,,,,,,,,,,,,,,,,,,,,,,,,,,,,,,,,,,,,,,,,,,,,,,,,,,,,,,,,,,,,,,,,,27112704,,,,,,,,,,,,,,,,,,,,,,,,,,,,,,,,,,,,,,,,,,,
,,,,,,,Tools & Hardware,Power Tools,Grinders,,DCG460B,"DCG460B Dewalt 60V Grinder - 7-9""",-- Unbranded --,-- No Unilog Brand --,DEWALT,Black & Decker/dewlt (2585),Black & Decker / DEWALT,DEWALT®,,DCG460B,,Tools & Hardware>Power Tools>Grinders>Angle Grinders,"Black & Decker / DEWALT DEWALT, DCG460B, Angle Grinder, 60 V",ANGL GRND 60V,DEWALT® DCG460B Angle Grinder,"The DEWALT® Angle Grinder is designed for commercial and industrial applications, rated at 60 V.",Angle Grinder,{'Voltage': '60 V'},60 V electrical rating,,,,,,,,,,,,,,,,,,,,,,,,,Angle Grinder,Model,DCG460B,,Voltage Rating,60,V,Voltage,60 V,,,,,,,,,,,,,,,,,,,,,,,,,,,,,,,,,,,,,,,,,,,,,,,,,,,,,,,,,,,,,,,,,,,,,,,,,,,,,,,,,,,,,,,,,,,,,,,,,,,,,,,,,,,,,,,,,,,,,,,,,,,,,,,,,,,,,,,,,,,,,,,,,,27112704,,,,,,,,,,,,,,,,,,,,,,,,,,,,,,,,,,,,,,,,,,,
,,,,,,,Tools & Hardware,Power Tools,Grinders,,DCG402B,"DCG402B Dewalt 20V 4.5"" Angle Grinder (Bare)",-- Unbranded --,-- No Unilog Brand --,-- No DIB Brand --,Black & Decker/dewlt (2585),Black & Decker / DEWALT,DEWALT®,,DCG402B,,Tools & Hardware>Power Tools>Grinders>Angle Grinders,"Black & Decker / DEWALT DEWALT, DCG402B, Angle Grinder, 20 V",ANGL GRND 20V,DEWALT® DCG402B Angle Grinder,"The DEWALT® Angle Grinder is designed for commercial and industrial applications, rated at 20 V.",Angle Grinder,{'Voltage': '20 V'},20 V electrical rating,,,,,,,,,,,,,,,,,,,,,,,,,Angle Grinder,Model,DCG402B,,Voltage Rating,20,V,Voltage,20 V,,,,,,,,,,,,,,,,,,,,,,,,,,,,,,,,,,,,,,,,,,,,,,,,,,,,,,,,,,,,,,,,,,,,,,,,,,,,,,,,,,,,,,,,,,,,,,,,,,,,,,,,,,,,,,,,,,,,,,,,,,,,,,,,,,,,,,,,,,,,,,,,,,27112704,,,,,,,,,,,,,,,,,,,,,,,,,,,,,,,,,,,,,,,,,,,
,,,,,,,Tools & Hardware,Power Tools,Grinders,,3485-20,"3485-20 Milw M12 1/4"" Right Angle Die Grinder",-- Unbranded --,-- No Unilog Brand --,-- No DIB Brand --,Milwaukee Accessory (4031),Milwaukee Electric Tool Corporation,Milwaukee®,,3485-20,,Tools & Hardware>Power Tools>Grinders>Die Grinders,"Milwaukee, M12, 3485-20, Right Angle Die Grinder",RGHT ANGL DIE GRND,Milwaukee® M12 3485-20 Right Angle Die Grinder,The Milwaukee® M12 Right Angle Die Grinder (Part Number: 3485-20).,M12 Right Angle Die Grinder,{},,,,,,,,,,,,,,,,,,,,,,,,,,Right Angle Die Grinder,Series,M12,,Model,3485-20,,,,,,,,,,,,,,,,,,,,,,,,,,,,,,,,,,,,,,,,,,,,,,,,,,,,,,,,,,,,,,,,,,,,,,,,,,,,,,,,,,,,,,,,,,,,,,,,,,,,,,,,,,,,,,,,,,,,,,,,,,,,,,,,,,,,,,,,,,,,,,,,,,,,,27112704,,,,,,,,,,,,,,,,,,,,,,,,,,,,,,,,,,,,,,,,,,,
,,,,,,,Tools & Hardware,Power Tools,Grinders,,DCG420B,DCG420B Dewalt 20V Die Grinder (Bare),-- Unbranded --,-- No Unilog Brand --,-- No DIB Brand --,Black & Decker/dewlt (2585),Black & Decker / DEWALT,DEWALT®,,DCG420B,,Tools & Hardware>Power Tools>Grinders>Die Grinders,"Black & Decker / DEWALT DEWALT, DCG420B, Die Grinder, 20 V",DIE GRND 20V,DEWALT® DCG420B Die Grinder,"The DEWALT® Die Grinder is designed for commercial and industrial applications, rated at 20 V.",Die Grinder,{'Voltage': '20 V'},20 V electrical rating,,,,,,,,,,,,,,,,,,,,,,,,,Right Angle Die Grinder,Model,DCG420B,,Voltage Rating,20,V,Voltage,20 V,,,,,,,,,,,,,,,,,,,,,,,,,,,,,,,,,,,,,,,,,,,,,,,,,,,,,,,,,,,,,,,,,,,,,,,,,,,,,,,,,,,,,,,,,,,,,,,,,,,,,,,,,,,,,,,,,,,,,,,,,,,,,,,,,,,,,,,,,,,,,,,,,,27112704,,,,,,,,,,,,,,,,,,,,,,,,,,,,,,,,,,,,,,,,,,,
,,,,,,,Tools & Hardware,Power Tools,Grinders,,DCG422B,DCG422B Dewalt 20V Right Angle Die Grinder (Bare),-- Unbranded --,-- No Unilog Brand --,-- No DIB Brand --,Black & Decker/dewlt (2585),Black & Decker / DEWALT,DEWALT®,,DCG422B,,Tools & Hardware>Power Tools>Grinders>Die Grinders,"Black & Decker / DEWALT DEWALT, DCG422B, Right Angle Die Grinder, 20 V",RGHT ANGL DIE GRND 20V,DEWALT® DCG422B Right Angle Die Grinder,"The DEWALT® Right Angle Die Grinder is designed for commercial and industrial applications, rated at 20 V.",Right Angle Die Grinder,{'Voltage': '20 V'},20 V electrical rating,,,,,,,,,,,,,,,,,,,,,,,,,Right Angle Die Grinder,Model,DCG422B,,Voltage Rating,20,V,Voltage,20 V,,,,,,,,,,,,,,,,,,,,,,,,,,,,,,,,,,,,,,,,,,,,,,,,,,,,,,,,,,,,,,,,,,,,,,,,,,,,,,,,,,,,,,,,,,,,,,,,,,,,,,,,,,,,,,,,,,,,,,,,,,,,,,,,,,,,,,,,,,,,,,,,,,27112704,,,,,,,,,,,,,,,,,,,,,,,,,,,,,,,,,,,,,,,,,,,
,,,,,,,Tools & Hardware,Power Tools,Planers & Jointers,,924422,924422 Mafell Carpentry - Planing Machine ZH 320 Ec 120V,-- Unbranded --,-- No Unilog Brand --,-- No DIB Brand --,Unbranded,Unbranded,-- Unbranded --,,924422,,Tools & Hardware>Power Tools>Woodworking Machinery>Planers,"Unbranded, 924422, Planing Machine, 120 V",PLNG MCHN 120V,Unbranded 924422 Planing Machine,"The Unbranded Planing Machine is designed for commercial and industrial applications, rated at 120 V.",Planing Machine,{'Voltage': '120 V'},120 V electrical rating,,,,,,,,,,,,,,,,,,,,,,,,,Portable Planer,Model,924422,,Voltage Rating,120,V,Voltage,120 V,,,,,,,,,,,,,,,,,,,,,,,,,,,,,,,,,,,,,,,,,,,,,,,,,,,,,,,,,,,,,,,,,,,,,,,,,,,,,,,,,,,,,,,,,,,,,,,,,,,,,,,,,,,,,,,,,,,,,,,,,,,,,,,,,,,,,,,,,,,,,,,,,,27112700,,,,,,,,,,,,,,,,,,,,,,,,,,,,,,,,,,,,,,,,,,,
,,,,,,,Tools & Hardware,Power Tools,Routers,,DCW620B,DCW620B Dewalt 20V Plunge - Router,-- Unbranded --,-- No Unilog Brand --,-- No DIB Brand --,Black & Decker/dewlt (2585),Black & Decker / DEWALT,DEWALT®,,DCW620B,,Tools & Hardware>Power Tools>Routers & Trimmers,"Black & Decker / DEWALT DEWALT, DCW620B, Plunge Router, 20 V",PLNG RTR 20V,DEWALT® DCW620B Plunge Router,"The DEWALT® Plunge Router is designed for commercial and industrial applications, rated at 20 V.",Plunge Router,{'Voltage': '20 V'},20 V electrical rating,,,,,,,,,,,,,,,,,,,,,,,,,Plunge Router,Model,DCW620B,,Voltage Rating,20,V,Voltage,20 V,,,,,,,,,,,,,,,,,,,,,,,,,,,,,,,,,,,,,,,,,,,,,,,,,,,,,,,,,,,,,,,,,,,,,,,,,,,,,,,,,,,,,,,,,,,,,,,,,,,,,,,,,,,,,,,,,,,,,,,,,,,,,,,,,,,,,,,,,,,,,,,,,,27112700,,,,,,,,,,,,,,,,,,,,,,,,,,,,,,,,,,,,,,,,,,,
,,,,,,,Tools & Hardware,Power Tools,Sanders & Polishers,,2535-20,"2535-20 Milw 3"" Orbit Sander - M12",-- Unbranded --,-- No Unilog Brand --,-- No DIB Brand --,Milwaukee Accessory (4031),Milwaukee Electric Tool Corporation,Milwaukee®,,2535-20,,Tools & Hardware>Power Tools>Sanders & Polishers>Sheet Sanders,"Milwaukee, M12, 2535-20, Orbital Sander",ORBT SNDR,Milwaukee® M12 2535-20 Orbital Sander,The Milwaukee® M12 Orbital Sander (Part Number: 2535-20).,M12 Orbital Sander,{},,,,,,,,,,,,,,,,,,,,,,,,,,Orbital Sander,Series,M12,,Model,2535-20,,,,,,,,,,,,,,,,,,,,,,,,,,,,,,,,,,,,,,,,,,,,,,,,,,,,,,,,,,,,,,,,,,,,,,,,,,,,,,,,,,,,,,,,,,,,,,,,,,,,,,,,,,,,,,,,,,,,,,,,,,,,,,,,,,,,,,,,,,,,,,,,,,,,,27112708,,,,,,,,,,,,,,,,,,,,,,,,,,,,,,,,,,,,,,,,,,,
,,,,,,,Tools & Hardware,Power Tools,Sanders & Polishers,,2837-20,"2837-20 Milw M18 5"" Sander - Orbital (Bare)",-- Unbranded --,-- No Unilog Brand --,Milwaukee,Milwaukee Accessory (4031),Milwaukee Electric Tool Corporation,Milwaukee®,,2837-20,,Tools & Hardware>Power Tools>Sanders & Polishers>Random Orbital Sanders,"Milwaukee, M18, 2837-20, Random Orbital Sander",RNDM ORBT SNDR,Milwaukee® M18 2837-20 Random Orbital Sander,The Milwaukee® M18 Random Orbital Sander (Part Number: 2837-20).,M18 Random Orbital Sander,{},,,,,,,,,,,,,,,,,,,,,,,,,,Random Orbital Sander,Series,M18,,Model,2837-20,,,,,,,,,,,,,,,,,,,,,,,,,,,,,,,,,,,,,,,,,,,,,,,,,,,,,,,,,,,,,,,,,,,,,,,,,,,,,,,,,,,,,,,,,,,,,,,,,,,,,,,,,,,,,,,,,,,,,,,,,,,,,,,,,,,,,,,,,,,,,,,,,,,,,27112708,,,,,,,,,,,,,,,,,,,,,,,,,,,,,,,,,,,,,,,,,,,
,,,,,,,Tools & Hardware,Power Tools,Sanders & Polishers,,577728,577728 Festool Cordless Sander - ETSC 2 150 I-Plus,-- Unbranded --,-- No Unilog Brand --,-- No DIB Brand --,Festool USA (FESTO),Festool USA,Festool®,,577728,,Tools & Hardware>Power Tools>Sanders & Polishers>Random Orbital Sanders,"Festool USA Festool, 577728, Random Orbital Sander",RNDM ORBT SNDR,Festool® 577728 Random Orbital Sander,The Festool® Random Orbital Sander (Part Number: 577728).,Random Orbital Sander,{},,,,,,,,,,,,,,,,,,,,,,,,,,Random Orbital Sander,Model,577728,,,,,,,,,,,,,,,,,,,,,,,,,,,,,,,,,,,,,,,,,,,,,,,,,,,,,,,,,,,,,,,,,,,,,,,,,,,,,,,,,,,,,,,,,,,,,,,,,,,,,,,,,,,,,,,,,,,,,,,,,,,,,,,,,,,,,,,,,,,,,,,,,,,,,,,,27112708,,,,,,,,,,,,,,,,,,,,,,,,,,,,,,,,,,,,,,,,,,,
,,,,,,,Tools & Hardware,Power Tools,Sanders & Polishers,,577738,577738 Festool Cordless Sander - ETSC 2 125 I-Plus,-- Unbranded --,-- No Unilog Brand --,-- No DIB Brand --,Festool USA (FESTO),Festool USA,Festool®,,577738,,Tools & Hardware>Power Tools>Sanders & Polishers>Random Orbital Sanders,"Festool USA Festool, 577738, Random Orbital Sander",RNDM ORBT SNDR,Festool® 577738 Random Orbital Sander,The Festool® Random Orbital Sander (Part Number: 577738).,Random Orbital Sander,{},,,,,,,,,,,,,,,,,,,,,,,,,,Random Orbital Sander,Model,577738,,,,,,,,,,,,,,,,,,,,,,,,,,,,,,,,,,,,,,,,,,,,,,,,,,,,,,,,,,,,,,,,,,,,,,,,,,,,,,,,,,,,,,,,,,,,,,,,,,,,,,,,,,,,,,,,,,,,,,,,,,,,,,,,,,,,,,,,,,,,,,,,,,,,,,,,27112708,,,,,,,,,,,,,,,,,,,,,,,,,,,,,,,,,,,,,,,,,,,
,,,,,,,Tools & Hardware,Power Tools,Sanders & Polishers,,KPTRS500A,"KPTRS500A Kreg 20V Ionic 5"" Random Orbit Sander",-- Unbranded --,-- No Unilog Brand --,-- No DIB Brand --,Kreg Tool Company (KRETO),Kreg Tool Company,Kreg®,,KPTRS500A,,Tools & Hardware>Power Tools>Sanders & Polishers>Random Orbital Sanders,"Kreg Tool Company Kreg, KPTRS500A, Random Orbital Sander, 20 V",RNDM ORBT SNDR 20V,Kreg® KPTRS500A Random Orbital Sander,"The Kreg® Random Orbital Sander is designed for commercial and industrial applications, rated at 20 V.",Random Orbital Sander,{'Voltage': '20 V'},20 V electrical rating,,,,,,,,,,,,,,,,,,,,,,,,,Random Orbital Sander,Model,KPTRS500A,,Voltage Rating,20,V,Voltage,20 V,,,,,,,,,,,,,,,,,,,,,,,,,,,,,,,,,,,,,,,,,,,,,,,,,,,,,,,,,,,,,,,,,,,,,,,,,,,,,,,,,,,,,,,,,,,,,,,,,,,,,,,,,,,,,,,,,,,,,,,,,,,,,,,,,,,,,,,,,,,,,,,,,,27112708,,,,,,,,,,,,,,,,,,,,,,,,,,,,,,,,,,,,,,,,,,,
,,,,,,,Abrasives,Sanding & Finishing,Sanding Sheets,,24-35M-320,"24-35M-320 Iridium Grip - 3.2"" x 5.2"" Grip",-- Unbranded --,-- No Unilog Brand --,-- No DIB Brand --,Mirka Abrasives Inc (MIRUS),"Mirka Abrasives, Inc.",Mirka®,,24-35M-320,,Abrasives>Sanding & Finishing>Sanding Sheets,"Mirka Abrasives, Inc. Mirka, Iridium, 24-35M-320, Sanding Sheet",SNDN SHT,"Mirka® Iridium 24-35M-320 Sanding Sheet, 3-13/64 x 5-13/64","The Mirka® Iridium Sanding Sheet is designed for commercial and industrial applications, measuring 3-13/64 x 5-13/64.",Iridium Sanding Sheet,"{'Dimensions': '3.2"" x 5.2'}",Size: 3-13/64 x 5-13/64,Size / Dimensions: 3.2 in x 5.2 in,,,,,,,,,,,,,,,,,,,,,,,,Sanding Sheet,Series,Iridium,,Model,24-35M-320,,Size,3-13/64 x 5-13/64,,Dimensions,3.2 x 5.2,,Size / Dimensions,3.2 in x 5.2,in,,,,,,,,,,,,,,,,,,,,,,,,,,,,,,,,,,,,,,,,,,,,,,,,,,,,,,,,,,,,,,,,,,,,,,,,,,,,,,,,,,,,,,,,,,,,,,,,,,,,,,,,,,,,,,,,,,,,,,,,,,,,,,,,,,,,,,,,,,,31191500,,,,,,,,,,,,,,,,,,,,,,,,,,,,,,,,,,,,,,,,,,,
,,,,,,,Abrasives,Sanding & Finishing,Sanding Sheets,,9A-129-120,9A-129-120 Abranet 3x4 - 50 Sheets/Box,-- Unbranded --,-- No Unilog Brand --,-- No DIB Brand --,Mirka Abrasives Inc (MIRUS),"Mirka Abrasives, Inc.",Mirka®,,9A-129-120,,Abrasives>Sanding & Finishing>Sanding Sheets,"Mirka Abrasives, Inc. Mirka, Abranet, 9A-129-120, Sanding Sheet, 3 x 4, 50 Pack",SNDN SHT 50PK,"Mirka® Abranet 9A-129-120 Sanding Sheet, 3 x 4, 50 Pack","The Mirka® Abranet Sanding Sheet is designed for commercial and industrial applications, measuring 3 x 4.",Abranet Sanding Sheet,"{'Amperage': '9 A', 'Dimensions': '3x4'}",Size: 3 x 4,50 Count Package,Size / Dimensions: 3x4,,,,,,,,,,,,,,,,,,,,,,,Sanding Sheet,Series,Abranet,,Model,9A-129-120,,Size,3 x 4,,Package Quantity,50,pk,Amperage,9 A,,Dimensions,3x4,,Size / Dimensions,3x4,,,,,,,,,,,,,,,,,,,,,,,,,,,,,,,,,,,,,,,,,,,,,,,,,,,,,,,,,,,,,,,,,,,,,,,,,,,,,,,,,,,,,,,,,,,,,,,,,,,,,,,,,,,,,,,,,,,,,,,,,,,,,,,,,,,,,,31191500,,,,,,,,,,,,,,,,,,,,,,,,,,,,,,,,,,,,,,,,,,,
,,,,,,,Uncategorized Supplies,General Industrial,Pending Review,,578800,578800 Festool 80x133 M GR PRO/10,-- Unbranded --,-- No Unilog Brand --,-- No DIB Brand --,Festool USA (FESTO),Festool USA,Festool®,,578800,,Uncategorized Supplies>General Industrial>Pending Review,"Festool USA Festool, 578800, Gr Pro, 80 x 133",GR PRO,"Festool® 578800 Gr Pro, 80 x 133","The Festool® Gr Pro is designed for commercial and industrial applications, measuring 80 x 133.",Gr Pro,{'Dimensions': '80x133'},Size: 80 x 133,Size / Dimensions: 80x133,,,,,,,,,,,,,,,,,,,,,,,,Gr Pro,Model,578800,,Size,80 x 133,,Dimensions,80x133,,Size / Dimensions,80x133,,,,,,,,,,,,,,,,,,,,,,,,,,,,,,,,,,,,,,,,,,,,,,,,,,,,,,,,,,,,,,,,,,,,,,,,,,,,,,,,,,,,,,,,,,,,,,,,,,,,,,,,,,,,,,,,,,,,,,,,,,,,,,,,,,,,,,,,,,,,,,,,,,,,,,,,,,,,,,,,,,,,,,,,,,,,,,,,,,,,,,,,,,
,,,,,,,Uncategorized Supplies,General Industrial,Pending Review,,578801,578801 Festool 80x133 F GR PRO/10,-- Unbranded --,-- No Unilog Brand --,-- No DIB Brand --,Festool USA (FESTO),Festool USA,Festool®,,578801,,Uncategorized Supplies>General Industrial>Pending Review,"Festool USA Festool, 578801, Gr Pro, 80 x 133",GR PRO,"Festool® 578801 Gr Pro, 80 x 133","The Festool® Gr Pro is designed for commercial and industrial applications, measuring 80 x 133.",Gr Pro,{'Dimensions': '80x133'},Size: 80 x 133,Size / Dimensions: 80x133,,,,,,,,,,,,,,,,,,,,,,,,Gr Pro,Model,578801,,Size,80 x 133,,Dimensions,80x133,,Size / Dimensions,80x133,,,,,,,,,,,,,,,,,,,,,,,,,,,,,,,,,,,,,,,,,,,,,,,,,,,,,,,,,,,,,,,,,,,,,,,,,,,,,,,,,,,,,,,,,,,,,,,,,,,,,,,,,,,,,,,,,,,,,,,,,,,,,,,,,,,,,,,,,,,,,,,,,,,,,,,,,,,,,,,,,,,,,,,,,,,,,,,,,,,,,,,,,,
,,,,,,,Uncategorized Supplies,General Industrial,Pending Review,,578802,578802 Festool 80x133 S GR PRO/10,-- Unbranded --,-- No Unilog Brand --,-- No DIB Brand --,Festool USA (FESTO),Festool USA,Festool®,,578802,,Uncategorized Supplies>General Industrial>Pending Review,"Festool USA Festool, 578802, Gr Pro, 80 x 133",GR PRO,"Festool® 578802 Gr Pro, 80 x 133","The Festool® Gr Pro is designed for commercial and industrial applications, measuring 80 x 133.",Gr Pro,{'Dimensions': '80x133'},Size: 80 x 133,Size / Dimensions: 80x133,,,,,,,,,,,,,,,,,,,,,,,,Gr Pro,Model,578802,,Size,80 x 133,,Dimensions,80x133,,Size / Dimensions,80x133,,,,,,,,,,,,,,,,,,,,,,,,,,,,,,,,,,,,,,,,,,,,,,,,,,,,,,,,,,,,,,,,,,,,,,,,,,,,,,,,,,,,,,,,,,,,,,,,,,,,,,,,,,,,,,,,,,,,,,,,,,,,,,,,,,,,,,,,,,,,,,,,,,,,,,,,,,,,,,,,,,,,,,,,,,,,,,,,,,,,,,,,,,
,,,,,,,Uncategorized Supplies,General Industrial,Pending Review,,578808,578808 Festool 3x4 M GR PRO/10,-- Unbranded --,-- No Unilog Brand --,-- No DIB Brand --,Festool USA (FESTO),Festool USA,Festool®,,578808,,Uncategorized Supplies>General Industrial>Pending Review,"Festool USA Festool, 578808, Gr Pro, 3 x 4",GR PRO,"Festool® 578808 Gr Pro, 3 x 4","The Festool® Gr Pro is designed for commercial and industrial applications, measuring 3 x 4.",Gr Pro,{'Dimensions': '3x4'},Size: 3 x 4,Size / Dimensions: 3x4,,,,,,,,,,,,,,,,,,,,,,,,Gr Pro,Model,578808,,Size,3 x 4,,Dimensions,3x4,,Size / Dimensions,3x4,,,,,,,,,,,,,,,,,,,,,,,,,,,,,,,,,,,,,,,,,,,,,,,,,,,,,,,,,,,,,,,,,,,,,,,,,,,,,,,,,,,,,,,,,,,,,,,,,,,,,,,,,,,,,,,,,,,,,,,,,,,,,,,,,,,,,,,,,,,,,,,,,,,,,,,,,,,,,,,,,,,,,,,,,,,,,,,,,,,,,,,,,,
,,,,,,,Uncategorized Supplies,General Industrial,Pending Review,,578809,578809 Festool 3x4 F GR PRO/10,-- Unbranded --,-- No Unilog Brand --,-- No DIB Brand --,Festool USA (FESTO),Festool USA,Festool®,,578809,,Uncategorized Supplies>General Industrial>Pending Review,"Festool USA Festool, 578809, Gr Pro, 3 x 4",GR PRO,"Festool® 578809 Gr Pro, 3 x 4","The Festool® Gr Pro is designed for commercial and industrial applications, measuring 3 x 4.",Gr Pro,{'Dimensions': '3x4'},Size: 3 x 4,Size / Dimensions: 3x4,,,,,,,,,,,,,,,,,,,,,,,,Gr Pro,Model,578809,,Size,3 x 4,,Dimensions,3x4,,Size / Dimensions,3x4,,,,,,,,,,,,,,,,,,,,,,,,,,,,,,,,,,,,,,,,,,,,,,,,,,,,,,,,,,,,,,,,,,,,,,,,,,,,,,,,,,,,,,,,,,,,,,,,,,,,,,,,,,,,,,,,,,,,,,,,,,,,,,,,,,,,,,,,,,,,,,,,,,,,,,,,,,,,,,,,,,,,,,,,,,,,,,,,,,,,,,,,,,
,,,,,,,Uncategorized Supplies,General Industrial,Pending Review,,578810,578810 Festool 3x4 S GR PRO/10,-- Unbranded --,-- No Unilog Brand --,-- No DIB Brand --,Festool USA (FESTO),Festool USA,Festool®,,578810,,Uncategorized Supplies>General Industrial>Pending Review,"Festool USA Festool, 578810, Gr Pro, 3 x 4",GR PRO,"Festool® 578810 Gr Pro, 3 x 4","The Festool® Gr Pro is designed for commercial and industrial applications, measuring 3 x 4.",Gr Pro,{'Dimensions': '3x4'},Size: 3 x 4,Size / Dimensions: 3x4,,,,,,,,,,,,,,,,,,,,,,,,Gr Pro,Model,578810,,Size,3 x 4,,Dimensions,3x4,,Size / Dimensions,3x4,,,,,,,,,,,,,,,,,,,,,,,,,,,,,,,,,,,,,,,,,,,,,,,,,,,,,,,,,,,,,,,,,,,,,,,,,,,,,,,,,,,,,,,,,,,,,,,,,,,,,,,,,,,,,,,,,,,,,,,,,,,,,,,,,,,,,,,,,,,,,,,,,,,,,,,,,,,,,,,,,,,,,,,,,,,,,,,,,,,,,,,,,,
,,,,,,,Uncategorized Supplies,General Industrial,Pending Review,,578811,578811 Festool 3x4 GR PRO/10-Set,-- Unbranded --,-- No Unilog Brand --,-- No DIB Brand --,Festool USA (FESTO),Festool USA,Festool®,,578811,,Uncategorized Supplies>General Industrial>Pending Review,"Festool USA Festool, 578811, Pro Set, 3 x 4",PRO SET,"Festool® 578811 Pro Set, 3 x 4","The Festool® Pro Set is designed for commercial and industrial applications, measuring 3 x 4.",Pro Set,{'Dimensions': '3x4'},Size: 3 x 4,Size / Dimensions: 3x4,,,,,,,,,,,,,,,,,,,,,,,,Pro Set,Model,578811,,Size,3 x 4,,Dimensions,3x4,,Size / Dimensions,3x4,,,,,,,,,,,,,,,,,,,,,,,,,,,,,,,,,,,,,,,,,,,,,,,,,,,,,,,,,,,,,,,,,,,,,,,,,,,,,,,,,,,,,,,,,,,,,,,,,,,,,,,,,,,,,,,,,,,,,,,,,,,,,,,,,,,,,,,,,,,,,,,,,,,,,,,,,,,,,,,,,,,,,,,,,,,,,,,,,,,,,,,,,,
,,,,,,,Uncategorized Supplies,General Industrial,Pending Review,,578192,578192 Festool D 150 GR SYS - Systainer Abrasive Set,-- Unbranded --,-- No Unilog Brand --,-- No DIB Brand --,Festool USA (FESTO),Festool USA,Festool®,,578192,,Uncategorized Supplies>General Industrial>Pending Review,"Festool USA Festool, 578192, Abrasive Set",ABRS SET,Festool® 578192 Abrasive Set,The Festool® Abrasive Set (Part Number: 578192).,Abrasive Set,{},,,,,,,,,,,,,,,,,,,,,,,,,,Abrasive Set,Model,578192,,,,,,,,,,,,,,,,,,,,,,,,,,,,,,,,,,,,,,,,,,,,,,,,,,,,,,,,,,,,,,,,,,,,,,,,,,,,,,,,,,,,,,,,,,,,,,,,,,,,,,,,,,,,,,,,,,,,,,,,,,,,,,,,,,,,,,,,,,,,,,,,,,,,,,,,,,,,,,,,,,,,,,,,,,,,,,,,,,,,,,,,,,,,,,,,,,,
,,,,,,,Uncategorized Supplies,General Industrial,Pending Review,,578806,578806 Festool Delta S GR PRO/10,-- Unbranded --,-- No Unilog Brand --,-- No DIB Brand --,Festool USA (FESTO),Festool USA,Festool®,,578806,,Uncategorized Supplies>General Industrial>Pending Review,"Festool USA Festool, 578806, Gr Pro",GR PRO,Festool® 578806 Gr Pro,The Festool® Gr Pro (Part Number: 578806).,Gr Pro,{},,,,,,,,,,,,,,,,,,,,,,,,,,Gr Pro,Model,578806,,,,,,,,,,,,,,,,,,,,,,,,,,,,,,,,,,,,,,,,,,,,,,,,,,,,,,,,,,,,,,,,,,,,,,,,,,,,,,,,,,,,,,,,,,,,,,,,,,,,,,,,,,,,,,,,,,,,,,,,,,,,,,,,,,,,,,,,,,,,,,,,,,,,,,,,,,,,,,,,,,,,,,,,,,,,,,,,,,,,,,,,,,,,,,,,,,,
,,,,,,,Tools & Hardware,Power Tool Accessories,Saw Blades,,D0860X,"D0860X Diablo 8-1/4"" 60 Tooth - Fine Finish Saw Blade",-- Unbranded --,-- No Unilog Brand --,-- No DIB Brand --,Freud Inc (2435),"Freud America, Inc.",Diablo®,,D0860X,,Tools & Hardware>Power Tool Accessories>Saw Blades>Circular Saw Blades,"Freud America, Inc. Diablo, D0860X, Saw Blade, 60T",SAW BLD 60T,"Diablo® D0860X Saw Blade, 60 Tooth",The Diablo® Saw Blade (Part Number: D0860X).,Saw Blade,{},60 Tooth Configuration,Tooth Count: 60,,,,,,,,,,,,,,,,,,,,,,,,Saw Blade,Model,D0860X,,Number of Teeth,60,,Tooth Count,60,,,,,,,,,,,,,,,,,,,,,,,,,,,,,,,,,,,,,,,,,,,,,,,,,,,,,,,,,,,,,,,,,,,,,,,,,,,,,,,,,,,,,,,,,,,,,,,,,,,,,,,,,,,,,,,,,,,,,,,,,,,,,,,,,,,,,,,,,,,,,,,,,,27112802,,,,,,,,,,,,,,,,,,,,,,,,,,,,,,,,,,,,,,,,,,,
,,,,,,,Tools & Hardware,Power Tools,Saws,,48-40-0740,48-40-0740 Milw 7-1/4in. 24T - Framing Circ Saw Blade,-- Unbranded --,-- No Unilog Brand --,Milwaukee,Milwaukee Accessory (4031),Milwaukee Electric Tool Corporation,Milwaukee®,,48-40-0740,,Tools & Hardware>Power Tools>Saws>Circular Saws,"Milwaukee, 48-40-0740, Circular Saw, 24T",CRCL SAW 24T,"Milwaukee® 48-40-0740 Circular Saw, 24 Tooth",The Milwaukee® Circular Saw (Part Number: 48-40-0740).,Circular Saw,{},24 Tooth Configuration,Tooth Count: 24,,,,,,,,,,,,,,,,,,,,,,,,Circular Saw,Model,48-40-0740,,Number of Teeth,24,,Tooth Count,24,,,,,,,,,,,,,,,,,,,,,,,,,,,,,,,,,,,,,,,,,,,,,,,,,,,,,,,,,,,,,,,,,,,,,,,,,,,,,,,,,,,,,,,,,,,,,,,,,,,,,,,,,,,,,,,,,,,,,,,,,,,,,,,,,,,,,,,,,,,,,,,,,,27112700,,,,,,,,,,,,,,,,,,,,,,,,,,,,,,,,,,,,,,,,,,,
,,,,,,,Tools & Hardware,Power Tool Accessories,Saw Blades,,48-41-0740,48-41-0740 Milw7-1/4 24TFrming - Blade,-- Unbranded --,-- No Unilog Brand --,-- No DIB Brand --,Milwaukee Accessory (4031),Milwaukee Electric Tool Corporation,Milwaukee®,,48-41-0740,,Tools & Hardware>Power Tool Accessories>Saw Blades>Circular Saw Blades,"Milwaukee, 48-41-0740, Saw Blade",SAW BLD,Milwaukee® 48-41-0740 Saw Blade,The Milwaukee® Saw Blade (Part Number: 48-41-0740).,Saw Blade,{},,,,,,,,,,,,,,,,,,,,,,,,,,Saw Blade,Model,48-41-0740,,,,,,,,,,,,,,,,,,,,,,,,,,,,,,,,,,,,,,,,,,,,,,,,,,,,,,,,,,,,,,,,,,,,,,,,,,,,,,,,,,,,,,,,,,,,,,,,,,,,,,,,,,,,,,,,,,,,,,,,,,,,,,,,,,,,,,,,,,,,,,,,,,,,,,,,27112802,,,,,,,,,,,,,,,,,,,,,,,,,,,,,,,,,,,,,,,,,,,
,,,,,,,Tools & Hardware,Power Tool Accessories,Saw Blades,,A-96095,"A-96095 Makita 5-7/8"" 32T Saw Blade",-- Unbranded --,-- No Unilog Brand --,-- No DIB Brand --,Makita Usa Inc (5142),"Makita U.S.A., Inc.",Makita®,,A-96095,,Tools & Hardware>Power Tool Accessories>Saw Blades>Circular Saw Blades,"Makita U.S.A., Inc. Makita, A-96095, Saw Blade, 32T",SAW BLD 32T,"Makita® A-96095 Saw Blade, 32 Tooth",The Makita® Saw Blade (Part Number: A-96095).,Saw Blade,{},32 Tooth Configuration,Tooth Count: 32,,,,,,,,,,,,,,,,,,,,,,,,Saw Blade,Model,A-96095,,Number of Teeth,32,,Tooth Count,32,,,,,,,,,,,,,,,,,,,,,,,,,,,,,,,,,,,,,,,,,,,,,,,,,,,,,,,,,,,,,,,,,,,,,,,,,,,,,,,,,,,,,,,,,,,,,,,,,,,,,,,,,,,,,,,,,,,,,,,,,,,,,,,,,,,,,,,,,,,,,,,,,,27112802,,,,,,,,,,,,,,,,,,,,,,,,,,,,,,,,,,,,,,,,,,,
,,,,,,,Tools & Hardware,Power Tool Accessories,Saw Blades,,D0760UX,"D0760UX Diablo 7-1/4"" 60T Circ - Saw Blade",-- Unbranded --,-- No Unilog Brand --,Diablo,Freud Inc (2435),"Freud America, Inc.",Diablo®,,D0760UX,,Tools & Hardware>Power Tool Accessories>Saw Blades>Circular Saw Blades,"Freud America, Inc. Diablo, D0760UX, Saw Blade, 60T",SAW BLD 60T,"Diablo® D0760UX Saw Blade, 60 Tooth",The Diablo® Saw Blade (Part Number: D0760UX).,Saw Blade,{},60 Tooth Configuration,Tooth Count: 60,,,,,,,,,,,,,,,,,,,,,,,,Saw Blade,Model,D0760UX,,Number of Teeth,60,,Tooth Count,60,,,,,,,,,,,,,,,,,,,,,,,,,,,,,,,,,,,,,,,,,,,,,,,,,,,,,,,,,,,,,,,,,,,,,,,,,,,,,,,,,,,,,,,,,,,,,,,,,,,,,,,,,,,,,,,,,,,,,,,,,,,,,,,,,,,,,,,,,,,,,,,,,,27112802,,,,,,,,,,,,,,,,,,,,,,,,,,,,,,,,,,,,,,,,,,,
,,,,,,,Tools & Hardware,Power Tool Accessories,Saw Blades,,230.312.08,230.312.08 CMT Locked Dado Pro Set,-- Unbranded --,-- No Unilog Brand --,-- No DIB Brand --,CMT USA Inc (CMTUS),CMT USA Inc.,CMT Orange Tools®,,230.312.08,,Tools & Hardware>Power Tool Accessories>Saw Blades>Dado Sets,"CMT USA Inc. CMT Orange Tools, 230.312.08, Dado Saw Blade Set",DADO SAW BLD SET,CMT Orange Tools® 230.312.08 Dado Saw Blade Set,The CMT Orange Tools® Dado Saw Blade Set (Part Number: 230.312.08).,Dado Saw Blade Set,{},,,,,,,,,,,,,,,,,,,,,,,,,,Dado Saw Blade Set,Model,230.312.08,,,,,,,,,,,,,,,,,,,,,,,,,,,,,,,,,,,,,,,,,,,,,,,,,,,,,,,,,,,,,,,,,,,,,,,,,,,,,,,,,,,,,,,,,,,,,,,,,,,,,,,,,,,,,,,,,,,,,,,,,,,,,,,,,,,,,,,,,,,,,,,,,,,,,,,,27112802,,,,,,,,,,,,,,,,,,,,,,,,,,,,,,,,,,,,,,,,,,,
,,,,,,,Tools & Hardware,Power Tool Accessories,Saw Blades,,D0708LF,"D0708LF Saw Blade 7-1/4""x8 - Laminate & Wood Flooring",-- Unbranded --,-- No Unilog Brand --,-- No DIB Brand --,Freud Inc (2435),"Freud America, Inc.",Diablo®,,D0708LF,,Tools & Hardware>Power Tool Accessories>Saw Blades>Circular Saw Blades,"Freud America, Inc. Diablo, D0708LF, Saw Blade, 1/4 x 8",SAW BLD,"Diablo® D0708LF Saw Blade, 1/4 x 8","The Diablo® Saw Blade is designed for commercial and industrial applications, measuring 1/4 x 8.",Saw Blade,"{'Dimensions': '1/4""x8'}",Size: 1/4 x 8,Size / Dimensions: 1/4 inx8,,,,,,,,,,,,,,,,,,,,,,,,Saw Blade,Model,D0708LF,,Size,1/4 x 8,,Dimensions,1/4x8,,Size / Dimensions,1/4 inx8,,,,,,,,,,,,,,,,,,,,,,,,,,,,,,,,,,,,,,,,,,,,,,,,,,,,,,,,,,,,,,,,,,,,,,,,,,,,,,,,,,,,,,,,,,,,,,,,,,,,,,,,,,,,,,,,,,,,,,,,,,,,,,,,,,,,,,,,,,,,,,,27112802,,,,,,,,,,,,,,,,,,,,,,,,,,,,,,,,,,,,,,,,,,,
,,,,,,,Tools & Hardware,Power Tool Accessories,Saw Blades,,D1012LF,"D1012LF Saw Blade 10""x12Teeth - Laminate & Wood Flooring",-- Unbranded --,-- No Unilog Brand --,-- No DIB Brand --,Freud Inc (2435),"Freud America, Inc.",Diablo®,,D1012LF,,Tools & Hardware>Power Tool Accessories>Saw Blades>Circular Saw Blades,"Freud America, Inc. Diablo, D1012LF, Saw Blade, 10 x 12",SAW BLD,"Diablo® D1012LF Saw Blade, 10 x 12","The Diablo® Saw Blade is designed for commercial and industrial applications, measuring 10 x 12.",Saw Blade,{},Size: 10 x 12,Size / Dimensions: 10 inx12,,,,,,,,,,,,,,,,,,,,,,,,Saw Blade,Model,D1012LF,,Size,10 x 12,,Size / Dimensions,10 inx12,,,,,,,,,,,,,,,,,,,,,,,,,,,,,,,,,,,,,,,,,,,,,,,,,,,,,,,,,,,,,,,,,,,,,,,,,,,,,,,,,,,,,,,,,,,,,,,,,,,,,,,,,,,,,,,,,,,,,,,,,,,,,,,,,,,,,,,,,,,,,,,,,,27112802,,,,,,,,,,,,,,,,,,,,,,,,,,,,,,,,,,,,,,,,,,,
,,,,,,,Tools & Hardware,Power Tool Accessories,Saw Blades,,D1216LF,"D1216LF Saw Blade 12""x16Teeth - Laminate & Wood Flooring",-- Unbranded --,-- No Unilog Brand --,-- No DIB Brand --,Freud Inc (2435),"Freud America, Inc.",Diablo®,,D1216LF,,Tools & Hardware>Power Tool Accessories>Saw Blades>Circular Saw Blades,"Freud America, Inc. Diablo, D1216LF, Saw Blade, 12 x 16",SAW BLD,"Diablo® D1216LF Saw Blade, 12 x 16","The Diablo® Saw Blade is designed for commercial and industrial applications, measuring 12 x 16.",Saw Blade,{},Size: 12 x 16,Size / Dimensions: 12 inx16,,,,,,,,,,,,,,,,,,,,,,,,Saw Blade,Model,D1216LF,,Size,12 x 16,,Size / Dimensions,12 inx16,,,,,,,,,,,,,,,,,,,,,,,,,,,,,,,,,,,,,,,,,,,,,,,,,,,,,,,,,,,,,,,,,,,,,,,,,,,,,,,,,,,,,,,,,,,,,,,,,,,,,,,,,,,,,,,,,,,,,,,,,,,,,,,,,,,,,,,,,,,,,,,,,,27112802,,,,,,,,,,,,,,,,,,,,,,,,,,,,,,,,,,,,,,,,,,,
,,,,,,,Tools & Hardware,Power Tool Accessories,Saw Blades,,DWA47421,"DWA47421 Dewalt 14"" Segmented - Rim Diamond Blade",-- Unbranded --,-- No Unilog Brand --,DEWALT,Black & Decker/dewlt (2585),Black & Decker / DEWALT,DEWALT®,,DWA47421,,Tools & Hardware>Power Tool Accessories>Saw Blades>Circular Saw Blades,"Black & Decker / DEWALT DEWALT, DWA47421, Saw Blade",SAW BLD,DEWALT® DWA47421 Saw Blade,The DEWALT® Saw Blade (Part Number: DWA47421).,Saw Blade,{},,,,,,,,,,,,,,,,,,,,,,,,,,Saw Blade,Model,DWA47421,,,,,,,,,,,,,,,,,,,,,,,,,,,,,,,,,,,,,,,,,,,,,,,,,,,,,,,,,,,,,,,,,,,,,,,,,,,,,,,,,,,,,,,,,,,,,,,,,,,,,,,,,,,,,,,,,,,,,,,,,,,,,,,,,,,,,,,,,,,,,,,,,,,,,,,,27112802,,,,,,,,,,,,,,,,,,,,,,,,,,,,,,,,,,,,,,,,,,,
,,,,,,,Tools & Hardware,Power Tool Accessories,Saw Blades,,DWA4769,"DWA4769 Dewalt Rim Glass Tile - Blade 10""",-- Unbranded --,-- No Unilog Brand --,-- No DIB Brand --,Black & Decker/dewlt (2585),Black & Decker / DEWALT,DEWALT®,,DWA4769,,Tools & Hardware>Power Tool Accessories>Saw Blades>Circular Saw Blades,"Black & Decker / DEWALT DEWALT, DWA4769, Saw Blade",SAW BLD,DEWALT® DWA4769 Saw Blade,The DEWALT® Saw Blade (Part Number: DWA4769).,Saw Blade,{},,,,,,,,,,,,,,,,,,,,,,,,,,Saw Blade,Model,DWA4769,,,,,,,,,,,,,,,,,,,,,,,,,,,,,,,,,,,,,,,,,,,,,,,,,,,,,,,,,,,,,,,,,,,,,,,,,,,,,,,,,,,,,,,,,,,,,,,,,,,,,,,,,,,,,,,,,,,,,,,,,,,,,,,,,,,,,,,,,,,,,,,,,,,,,,,,27112802,,,,,,,,,,,,,,,,,,,,,,,,,,,,,,,,,,,,,,,,,,,
,,,,,,,Tools & Hardware,Power Tool Accessories,Saw Blades,,49-93-9204,"49-93-9204 Milw 4-1/2"" Diamond - Tile Blade",-- Unbranded --,-- No Unilog Brand --,-- No DIB Brand --,Milwaukee Accessory (4031),Milwaukee Electric Tool Corporation,Milwaukee®,,49-93-9204,,Tools & Hardware>Power Tool Accessories>Saw Blades>Circular Saw Blades,"Milwaukee, 49-93-9204, Saw Blade",SAW BLD,Milwaukee® 49-93-9204 Saw Blade,The Milwaukee® Saw Blade (Part Number: 49-93-9204).,Saw Blade,{},,,,,,,,,,,,,,,,,,,,,,,,,,Saw Blade,Model,49-93-9204,,,,,,,,,,,,,,,,,,,,,,,,,,,,,,,,,,,,,,,,,,,,,,,,,,,,,,,,,,,,,,,,,,,,,,,,,,,,,,,,,,,,,,,,,,,,,,,,,,,,,,,,,,,,,,,,,,,,,,,,,,,,,,,,,,,,,,,,,,,,,,,,,,,,,,,,27112802,,,,,,,,,,,,,,,,,,,,,,,,,,,,,,,,,,,,,,,,,,,
,,,,,,,Tools & Hardware,Power Tool Accessories,Saw Blades,,49-93-9207,"49-93-9207 Milw 7"" Diamond - Tile Blade",-- Unbranded --,-- No Unilog Brand --,-- No DIB Brand --,Milwaukee Accessory (4031),Milwaukee Electric Tool Corporation,Milwaukee®,,49-93-9207,,Tools & Hardware>Power Tool Accessories>Saw Blades>Circular Saw Blades,"Milwaukee, 49-93-9207, Saw Blade",SAW BLD,Milwaukee® 49-93-9207 Saw Blade,The Milwaukee® Saw Blade (Part Number: 49-93-9207).,Saw Blade,{},,,,,,,,,,,,,,,,,,,,,,,,,,Saw Blade,Model,49-93-9207,,,,,,,,,,,,,,,,,,,,,,,,,,,,,,,,,,,,,,,,,,,,,,,,,,,,,,,,,,,,,,,,,,,,,,,,,,,,,,,,,,,,,,,,,,,,,,,,,,,,,,,,,,,,,,,,,,,,,,,,,,,,,,,,,,,,,,,,,,,,,,,,,,,,,,,,27112802,,,,,,,,,,,,,,,,,,,,,,,,,,,,,,,,,,,,,,,,,,,
,,,,,,,Tools & Hardware,Power Tool Accessories,Saw Blades,,49-93-9210,"49-93-9210 Milw 10"" Diamond - Tile Blade",-- Unbranded --,-- No Unilog Brand --,-- No DIB Brand --,Milwaukee Accessory (4031),Milwaukee Electric Tool Corporation,Milwaukee®,,49-93-9210,,Tools & Hardware>Power Tool Accessories>Saw Blades>Circular Saw Blades,"Milwaukee, 49-93-9210, Saw Blade",SAW BLD,Milwaukee® 49-93-9210 Saw Blade,The Milwaukee® Saw Blade (Part Number: 49-93-9210).,Saw Blade,{},,,,,,,,,,,,,,,,,,,,,,,,,,Saw Blade,Model,49-93-9210,,,,,,,,,,,,,,,,,,,,,,,,,,,,,,,,,,,,,,,,,,,,,,,,,,,,,,,,,,,,,,,,,,,,,,,,,,,,,,,,,,,,,,,,,,,,,,,,,,,,,,,,,,,,,,,,,,,,,,,,,,,,,,,,,,,,,,,,,,,,,,,,,,,,,,,,27112802,,,,,,,,,,,,,,,,,,,,,,,,,,,,,,,,,,,,,,,,,,,
,,,,,,,Tools & Hardware,Power Tool Accessories,Saw Blades,,49-93-9202,"49-93-9202 Milw 4"" Diamond - Tile Blade",-- Unbranded --,-- No Unilog Brand --,-- No DIB Brand --,Milwaukee Accessory (4031),Milwaukee Electric Tool Corporation,Milwaukee®,,49-93-9202,,Tools & Hardware>Power Tool Accessories>Saw Blades>Circular Saw Blades,"Milwaukee, 49-93-9202, Saw Blade",SAW BLD,Milwaukee® 49-93-9202 Saw Blade,The Milwaukee® Saw Blade (Part Number: 49-93-9202).,Saw Blade,{},,,,,,,,,,,,,,,,,,,,,,,,,,Saw Blade,Model,49-93-9202,,,,,,,,,,,,,,,,,,,,,,,,,,,,,,,,,,,,,,,,,,,,,,,,,,,,,,,,,,,,,,,,,,,,,,,,,,,,,,,,,,,,,,,,,,,,,,,,,,,,,,,,,,,,,,,,,,,,,,,,,,,,,,,,,,,,,,,,,,,,,,,,,,,,,,,,27112802,,,,,,,,,,,,,,,,,,,,,,,,,,,,,,,,,,,,,,,,,,,
,,,,,,,Tools & Hardware,Power Tool Accessories,Saw Blades,,49-93-9205,"49-93-9205 Milw 5"" Diamond - Tile Blade",-- Unbranded --,-- No Unilog Brand --,-- No DIB Brand --,Milwaukee Accessory (4031),Milwaukee Electric Tool Corporation,Milwaukee®,,49-93-9205,,Tools & Hardware>Power Tool Accessories>Saw Blades>Circular Saw Blades,"Milwaukee, 49-93-9205, Saw Blade",SAW BLD,Milwaukee® 49-93-9205 Saw Blade,The Milwaukee® Saw Blade (Part Number: 49-93-9205).,Saw Blade,{},,,,,,,,,,,,,,,,,,,,,,,,,,Saw Blade,Model,49-93-9205,,,,,,,,,,,,,,,,,,,,,,,,,,,,,,,,,,,,,,,,,,,,,,,,,,,,,,,,,,,,,,,,,,,,,,,,,,,,,,,,,,,,,,,,,,,,,,,,,,,,,,,,,,,,,,,,,,,,,,,,,,,,,,,,,,,,,,,,,,,,,,,,,,,,,,,,27112802,,,,,,,,,,,,,,,,,,,,,,,,,,,,,,,,,,,,,,,,,,,
,,,,,,,Building Materials,Decking & Railing,Railing Kits,,49-22-4702,49-22-4702 Milw 13pc Quik-Lock Hole Dozer Kit,-- Unbranded --,-- No Unilog Brand --,-- No DIB Brand --,Milwaukee Accessory (4031),Milwaukee Electric Tool Corporation,Milwaukee®,,49-22-4702,,Building Materials>Decking & Railing>Railing Kits,"Milwaukee, Quik-Lock, 49-22-4702, Railing Kit, 13 Pack",RLNG KIT 13PK,"Milwaukee® Quik-Lock 49-22-4702 Railing Kit, 13 Pack",The Milwaukee® Quik-Lock Railing Kit (Part Number: 49-22-4702).,Quik-Lock Railing Kit,{},13 Count Package,,,,,,,,,,,,,,,,,,,,,,,,,Railing Kit,Series,Quik-Lock,,Model,49-22-4702,,Package Quantity,13,pk,,,,,,,,,,,,,,,,,,,,,,,,,,,,,,,,,,,,,,,,,,,,,,,,,,,,,,,,,,,,,,,,,,,,,,,,,,,,,,,,,,,,,,,,,,,,,,,,,,,,,,,,,,,,,,,,,,,,,,,,,,,,,,,,,,,,,,,,,,,,,,,,,30103601,,,,,,,,,,,,,,,,,,,,,,,,,,,,,,,,,,,,,,,,,,,
,,,,,,,Tools & Hardware,Power Tools,Saws,,DJT155HHM,"DJT155HHM Diablo 3-3/5"" 10 TPI - Jig Saw Blade",-- Unbranded --,-- No Unilog Brand --,-- No DIB Brand --,Freud Inc (2435),"Freud America, Inc.",Diablo®,,DJT155HHM,,Tools & Hardware>Power Tools>Saws>Jig Saws,"Freud America, Inc. Diablo, DJT155HHM, Jig Saw, 10T",JIG SAW 10T,"Diablo® DJT155HHM Jig Saw, 10 Tooth",The Diablo® Jig Saw (Part Number: DJT155HHM).,Jig Saw,{},10 Tooth Configuration,Tooth Count: 10,,,,,,,,,,,,,,,,,,,,,,,,Jig Saw,Model,DJT155HHM,,Number of Teeth,10,,Tooth Count,10,,,,,,,,,,,,,,,,,,,,,,,,,,,,,,,,,,,,,,,,,,,,,,,,,,,,,,,,,,,,,,,,,,,,,,,,,,,,,,,,,,,,,,,,,,,,,,,,,,,,,,,,,,,,,,,,,,,,,,,,,,,,,,,,,,,,,,,,,,,,,,,,,,27112700,,,,,,,,,,,,,,,,,,,,,,,,,,,,,,,,,,,,,,,,,,,
,,,,,,,Tools & Hardware,Power Tool Accessories,Saw Blades,,790.82,790.820 CMT Planer Blade 2pc,-- Unbranded --,-- No Unilog Brand --,-- No DIB Brand --,CMT USA Inc (CMTUS),CMT USA Inc.,CMT Orange Tools®,,790.82,,Tools & Hardware>Power Tool Accessories>Saw Blades>Circular Saw Blades,"CMT USA Inc. CMT Orange Tools, 790.82, Saw Blade, 2 Pack",SAW BLD 2PK,"CMT Orange Tools® 790.82 Saw Blade, 2 Pack",The CMT Orange Tools® Saw Blade (Part Number: 790.82).,Saw Blade,{},2 Count Package,,,,,,,,,,,,,,,,,,,,,,,,,Saw Blade,Model,790-13/16,,Package Quantity,2,pk,,,,,,,,,,,,,,,,,,,,,,,,,,,,,,,,,,,,,,,,,,,,,,,,,,,,,,,,,,,,,,,,,,,,,,,,,,,,,,,,,,,,,,,,,,,,,,,,,,,,,,,,,,,,,,,,,,,,,,,,,,,,,,,,,,,,,,,,,,,,,,,,,,,,27112802,,,,,,,,,,,,,,,,,,,,,,,,,,,,,,,,,,,,,,,,,,,
,,,,,,,Tools & Hardware,Power Tools,Planers & Jointers,,794.321,794.321 HS Planer Knives 3pc,-- Unbranded --,-- No Unilog Brand --,-- No DIB Brand --,CMT USA Inc (CMTUS),CMT USA Inc.,CMT Orange Tools®,,794.321,,Tools & Hardware>Power Tools>Woodworking Machinery>Planers,"CMT USA Inc. CMT Orange Tools, 794.321, Benchtop Planer, 3 Pack",BNCH PLNR 3PK,"CMT Orange Tools® 794.321 Benchtop Planer, 3 Pack",The CMT Orange Tools® Benchtop Planer (Part Number: 794.321).,Benchtop Planer,{},3 Count Package,,,,,,,,,,,,,,,,,,,,,,,,,Portable Planer,Model,794-21/64,,Package Quantity,3,pk,,,,,,,,,,,,,,,,,,,,,,,,,,,,,,,,,,,,,,,,,,,,,,,,,,,,,,,,,,,,,,,,,,,,,,,,,,,,,,,,,,,,,,,,,,,,,,,,,,,,,,,,,,,,,,,,,,,,,,,,,,,,,,,,,,,,,,,,,,,,,,,,,,,,27112700,,,,,,,,,,,,,,,,,,,,,,,,,,,,,,,,,,,,,,,,,,,
,,,,,,,Tools & Hardware,Power Tool Accessories,Saw Blades,,49-22-5641,49-22-5641 Milw Packout 15pc - Sawzall Blade Kit,-- Unbranded --,-- No Unilog Brand --,-- No DIB Brand --,Milwaukee Accessory (4031),Milwaukee Electric Tool Corporation,Milwaukee®,,49-22-5641,,Tools & Hardware>Power Tool Accessories>Saw Blades>Reciprocating Blades,"Milwaukee, Packout, 49-22-5641, Reciprocating Saw Blade, 15 Pack",RCP SAW BLD 15PK,"Milwaukee® Packout 49-22-5641 Reciprocating Saw Blade, 15 Pack",The Milwaukee® Packout Reciprocating Saw Blade (Part Number: 49-22-5641).,Packout Reciprocating Saw Blade,{},15 Count Package,,,,,,,,,,,,,,,,,,,,,,,,,Reciprocating Saw Blade,Series,Packout,,Model,49-22-5641,,Package Quantity,15,pk,,,,,,,,,,,,,,,,,,,,,,,,,,,,,,,,,,,,,,,,,,,,,,,,,,,,,,,,,,,,,,,,,,,,,,,,,,,,,,,,,,,,,,,,,,,,,,,,,,,,,,,,,,,,,,,,,,,,,,,,,,,,,,,,,,,,,,,,,,,,,,,,,27112802,,,,,,,,,,,,,,,,,,,,,,,,,,,,,,,,,,,,,,,,,,,
,,,,,,,Tools & Hardware,Power Tool Accessories,Saw Blades,,D0604TSH,"D0604TSH Diablo 6-1/2"" 4-Tooth - Cement Track Saw Blade",-- Unbranded --,-- No Unilog Brand --,-- No DIB Brand --,Freud Inc (2435),"Freud America, Inc.",Diablo®,,D0604TSH,,Tools & Hardware>Power Tool Accessories>Saw Blades>Specialty Blades,"Freud America, Inc. Diablo, D0604TSH, Cement Track Saw Blade",CMNT TRCK SAW BLD,Diablo® D0604TSH Cement Track Saw Blade,The Diablo® Cement Track Saw Blade (Part Number: D0604TSH).,Cement Track Saw Blade,{},,,,,,,,,,,,,,,,,,,,,,,,,,Cement Track Saw Blade,Model,D0604TSH,,,,,,,,,,,,,,,,,,,,,,,,,,,,,,,,,,,,,,,,,,,,,,,,,,,,,,,,,,,,,,,,,,,,,,,,,,,,,,,,,,,,,,,,,,,,,,,,,,,,,,,,,,,,,,,,,,,,,,,,,,,,,,,,,,,,,,,,,,,,,,,,,,,,,,,,27112802,,,,,,,,,,,,,,,,,,,,,,,,,,,,,,,,,,,,,,,,,,,
,,,,,,,Tools & Hardware,Power Tool Accessories,Saw Blades,,D0620TSR,"D0620TSR Diablo 6-1/2""20 Tooth - Framing Saw Blade",-- Unbranded --,-- No Unilog Brand --,-- No DIB Brand --,Freud Inc (2435),"Freud America, Inc.",Diablo®,,D0620TSR,,Tools & Hardware>Power Tool Accessories>Saw Blades>Circular Saw Blades,"Freud America, Inc. Diablo, D0620TSR, Saw Blade, 20T",SAW BLD 20T,"Diablo® D0620TSR Saw Blade, 20 Tooth",The Diablo® Saw Blade (Part Number: D0620TSR).,Saw Blade,{},20 Tooth Configuration,Tooth Count: 20,,,,,,,,,,,,,,,,,,,,,,,,Saw Blade,Model,D0620TSR,,Number of Teeth,20,,Tooth Count,20,,,,,,,,,,,,,,,,,,,,,,,,,,,,,,,,,,,,,,,,,,,,,,,,,,,,,,,,,,,,,,,,,,,,,,,,,,,,,,,,,,,,,,,,,,,,,,,,,,,,,,,,,,,,,,,,,,,,,,,,,,,,,,,,,,,,,,,,,,,,,,,,,,27112802,,,,,,,,,,,,,,,,,,,,,,,,,,,,,,,,,,,,,,,,,,,
,,,,,,,Tools & Hardware,Power Tool Accessories,Saw Blades,,D0648TSF,"D0648TSF Diablo 6-1/2""48 Tooth - Plywood Track Saw Blade",-- Unbranded --,-- No Unilog Brand --,-- No DIB Brand --,Freud Inc (2435),"Freud America, Inc.",Diablo®,,D0648TSF,,Tools & Hardware>Power Tool Accessories>Saw Blades>Track Saw Blades,"Freud America, Inc. Diablo, D0648TSF, Track Saw Blade, 48T",TRCK SAW BLD 48T,"Diablo® D0648TSF Track Saw Blade, 48 Tooth",The Diablo® Track Saw Blade (Part Number: D0648TSF).,Track Saw Blade,{},48 Tooth Configuration,Tooth Count: 48,,,,,,,,,,,,,,,,,,,,,,,,Track Saw Blade,Model,D0648TSF,,Number of Teeth,48,,Tooth Count,48,,,,,,,,,,,,,,,,,,,,,,,,,,,,,,,,,,,,,,,,,,,,,,,,,,,,,,,,,,,,,,,,,,,,,,,,,,,,,,,,,,,,,,,,,,,,,,,,,,,,,,,,,,,,,,,,,,,,,,,,,,,,,,,,,,,,,,,,,,,,,,,,,,27112802,,,,,,,,,,,,,,,,,,,,,,,,,,,,,,,,,,,,,,,,,,,
,,,,,,,Tools & Hardware,Power Tool Accessories,Saw Blades,,D0652TSL,"D0652TSL Diablo 6-1/2""52 Tooth - Laminate Track Saw Blade",-- Unbranded --,-- No Unilog Brand --,-- No DIB Brand --,Freud Inc (2435),"Freud America, Inc.",Diablo®,,D0652TSL,,Tools & Hardware>Power Tool Accessories>Saw Blades>Track Saw Blades,"Freud America, Inc. Diablo, D0652TSL, Track Saw Blade, 52T",TRCK SAW BLD 52T,"Diablo® D0652TSL Track Saw Blade, 52 Tooth",The Diablo® Track Saw Blade (Part Number: D0652TSL).,Track Saw Blade,{},52 Tooth Configuration,Tooth Count: 52,,,,,,,,,,,,,,,,,,,,,,,,Track Saw Blade,Model,D0652TSL,,Number of Teeth,52,,Tooth Count,52,,,,,,,,,,,,,,,,,,,,,,,,,,,,,,,,,,,,,,,,,,,,,,,,,,,,,,,,,,,,,,,,,,,,,,,,,,,,,,,,,,,,,,,,,,,,,,,,,,,,,,,,,,,,,,,,,,,,,,,,,,,,,,,,,,,,,,,,,,,,,,,,,,27112802,,,,,,,,,,,,,,,,,,,,,,,,,,,,,,,,,,,,,,,,,,,
,,,,,,,Tools & Hardware,Power Tools,Saws,,JT1-549,"JT1-549 JWBS18SFX 18"" Bandsaw - 1.75HP 1PH 115V",-- Unbranded --,-- No Unilog Brand --,-- No DIB Brand --,JPW Industries (JPWIN),"JPW Industries, Inc.",JET®,,JT1-549,,Tools & Hardware>Power Tools>Saws>Band Saws,"JPW Industries, Inc. JET, JT1-549, Band Saw, 115 V",BAND SAW 115V,JET® JT1-549 Band Saw,"The JET® Band Saw is designed for commercial and industrial applications, rated at 115 V.",Band Saw,{'Voltage': '115 V'},115 V electrical rating,,,,,,,,,,,,,,,,,,,,,,,,,Band Saw,Model,JT1-549,,Voltage Rating,115,V,Voltage,115 V,,,,,,,,,,,,,,,,,,,,,,,,,,,,,,,,,,,,,,,,,,,,,,,,,,,,,,,,,,,,,,,,,,,,,,,,,,,,,,,,,,,,,,,,,,,,,,,,,,,,,,,,,,,,,,,,,,,,,,,,,,,,,,,,,,,,,,,,,,,,,,,,,,27112700,,,,,,,,,,,,,,,,,,,,,,,,,,,,,,,,,,,,,,,,,,,
,,,,,,,Tools & Hardware,Power Tools,Saws,,JT1-1371,"JWBS14-SFX-BLK Jet 14"" Bandsaw - JT1-1371",-- Unbranded --,-- No Unilog Brand --,-- No DIB Brand --,JPW Industries (JPWIN),"JPW Industries, Inc.",JET®,,JT1-1371,,Tools & Hardware>Power Tools>Saws>Band Saws,"JPW Industries, Inc. JET, JT1-1371, Band Saw, Black",BAND SAW,"JET® JT1-1371 Band Saw, Black","The JET® Band Saw is designed for commercial and industrial applications, finished in Black.","Band Saw, Black",{},Finish: Black,,,,,,,,,,,,,,,,,,,,,,,,,Band Saw,Model,JT1-1371,,Color,Black,,,,,,,,,,,,,,,,,,,,,,,,,,,,,,,,,,,,,,,,,,,,,,,,,,,,,,,,,,,,,,,,,,,,,,,,,,,,,,,,,,,,,,,,,,,,,,,,,,,,,,,,,,,,,,,,,,,,,,,,,,,,,,,,,,,,,,,,,,,,,,,,,,,,,27112700,,,,,,,,,,,,,,,,,,,,,,,,,,,,,,,,,,,,,,,,,,,
,,,,,,,Tools & Hardware,Power Tools,Saws,,JT9-714400K,"JWBS-14SFX 14"" Bandsaw JTP-714400K",-- Unbranded --,-- No Unilog Brand --,-- No DIB Brand --,JPW Industries (JPWIN),"JPW Industries, Inc.",JET®,,JT9-714400K,,Tools & Hardware>Power Tools>Saws>Band Saws,"JPW Industries, Inc. JET, JT9-714400K, Band Saw",BAND SAW,JET® JT9-714400K Band Saw,The JET® Band Saw (Part Number: JT9-714400K).,Band Saw,{},,,,,,,,,,,,,,,,,,,,,,,,,,Band Saw,Model,JT9-714400K,,,,,,,,,,,,,,,,,,,,,,,,,,,,,,,,,,,,,,,,,,,,,,,,,,,,,,,,,,,,,,,,,,,,,,,,,,,,,,,,,,,,,,,,,,,,,,,,,,,,,,,,,,,,,,,,,,,,,,,,,,,,,,,,,,,,,,,,,,,,,,,,,,,,,,,,27112700,,,,,,,,,,,,,,,,,,,,,,,,,,,,,,,,,,,,,,,,,,,
,,,,,,,Tools & Hardware,Power Tools,Saws,,2834-21HD,"2834-21HD Milw M18 7-1/4"" Circ - Saw Kit",-- Unbranded --,-- No Unilog Brand --,Milwaukee,Milwaukee Accessory (4031),Milwaukee Electric Tool Corporation,Milwaukee®,,2834-21HD,,Tools & Hardware>Power Tools>Saws>Circular Saws,"Milwaukee, M18, 2834-21HD, Circular Saw",CRCL SAW,Milwaukee® M18 2834-21HD Circular Saw,The Milwaukee® M18 Circular Saw (Part Number: 2834-21HD).,M18 Circular Saw,{},,,,,,,,,,,,,,,,,,,,,,,,,,Circular Saw,Series,M18,,Model,2834-21HD,,,,,,,,,,,,,,,,,,,,,,,,,,,,,,,,,,,,,,,,,,,,,,,,,,,,,,,,,,,,,,,,,,,,,,,,,,,,,,,,,,,,,,,,,,,,,,,,,,,,,,,,,,,,,,,,,,,,,,,,,,,,,,,,,,,,,,,,,,,,,,,,,,,,,27112700,,,,,,,,,,,,,,,,,,,,,,,,,,,,,,,,,,,,,,,,,,,
,,,,,,,Tools & Hardware,Power Tools,Saws,,DCS383B,"DCS383B Dewalt 20V 7-1/4"" - Metal Cutting Circ Saw",-- Unbranded --,-- No Unilog Brand --,-- No DIB Brand --,Black & Decker/dewlt (2585),Black & Decker / DEWALT,DEWALT®,,DCS383B,,Tools & Hardware>Power Tools>Saws>Circular Saws,"Black & Decker / DEWALT DEWALT, DCS383B, Circular Saw, 20 V",CRCL SAW 20V,DEWALT® DCS383B Circular Saw,"The DEWALT® Circular Saw is designed for commercial and industrial applications, rated at 20 V.",Circular Saw,{'Voltage': '20 V'},20 V electrical rating,,,,,,,,,,,,,,,,,,,,,,,,,Circular Saw,Model,DCS383B,,Voltage Rating,20,V,Voltage,20 V,,,,,,,,,,,,,,,,,,,,,,,,,,,,,,,,,,,,,,,,,,,,,,,,,,,,,,,,,,,,,,,,,,,,,,,,,,,,,,,,,,,,,,,,,,,,,,,,,,,,,,,,,,,,,,,,,,,,,,,,,,,,,,,,,,,,,,,,,,,,,,,,,,27112700,,,,,,,,,,,,,,,,,,,,,,,,,,,,,,,,,,,,,,,,,,,
,,,,,,,Tools & Hardware,Power Tools,Saws,,DCS590B,"DCS590B Dewalt 20V Cordless - 7-1/4"" Circular Saw (Bare)",-- Unbranded --,-- No Unilog Brand --,DEWALT,Black & Decker/dewlt (2585),Black & Decker / DEWALT,DEWALT®,,DCS590B,,Tools & Hardware>Power Tools>Saws>Circular Saws,"Black & Decker / DEWALT DEWALT, DCS590B, Circular Saw, 20 V",CRCL SAW 20V,DEWALT® DCS590B Circular Saw,"The DEWALT® Circular Saw is designed for commercial and industrial applications, rated at 20 V.",Circular Saw,{'Voltage': '20 V'},20 V electrical rating,,,,,,,,,,,,,,,,,,,,,,,,,Circular Saw,Model,DCS590B,,Voltage Rating,20,V,Voltage,20 V,,,,,,,,,,,,,,,,,,,,,,,,,,,,,,,,,,,,,,,,,,,,,,,,,,,,,,,,,,,,,,,,,,,,,,,,,,,,,,,,,,,,,,,,,,,,,,,,,,,,,,,,,,,,,,,,,,,,,,,,,,,,,,,,,,,,,,,,,,,,,,,,,,27112700,,,,,,,,,,,,,,,,,,,,,,,,,,,,,,,,,,,,,,,,,,,
,,,,,,,Tools & Hardware,Power Tools,Saws,,KPTCS725A,"KPTCS725A Kreg 20V Ionic 7-1/4"" Circ Saw",-- Unbranded --,-- No Unilog Brand --,-- No DIB Brand --,Kreg Tool Company (KRETO),Kreg Tool Company,Kreg®,,KPTCS725A,,Tools & Hardware>Power Tools>Saws>Circular Saws,"Kreg Tool Company Kreg, KPTCS725A, Circular Saw, 20 V",CRCL SAW 20V,Kreg® KPTCS725A Circular Saw,"The Kreg® Circular Saw is designed for commercial and industrial applications, rated at 20 V.",Circular Saw,{'Voltage': '20 V'},20 V electrical rating,,,,,,,,,,,,,,,,,,,,,,,,,Circular Saw,Model,KPTCS725A,,Voltage Rating,20,V,Voltage,20 V,,,,,,,,,,,,,,,,,,,,,,,,,,,,,,,,,,,,,,,,,,,,,,,,,,,,,,,,,,,,,,,,,,,,,,,,,,,,,,,,,,,,,,,,,,,,,,,,,,,,,,,,,,,,,,,,,,,,,,,,,,,,,,,,,,,,,,,,,,,,,,,,,,27112700,,,,,,,,,,,,,,,,,,,,,,,,,,,,,,,,,,,,,,,,,,,
,,,,,,,Tools & Hardware,Power Tools,Saws,,KPTCS450A,"KPTCS450A Kreg 20V Ionic 4-1/2"" Circ Saw",-- Unbranded --,-- No Unilog Brand --,-- No DIB Brand --,Kreg Tool Company (KRETO),Kreg Tool Company,Kreg®,,KPTCS450A,,Tools & Hardware>Power Tools>Saws>Circular Saws,"Kreg Tool Company Kreg, KPTCS450A, Circular Saw, 20 V",CRCL SAW 20V,Kreg® KPTCS450A Circular Saw,"The Kreg® Circular Saw is designed for commercial and industrial applications, rated at 20 V.",Circular Saw,{'Voltage': '20 V'},20 V electrical rating,,,,,,,,,,,,,,,,,,,,,,,,,Circular Saw,Model,KPTCS450A,,Voltage Rating,20,V,Voltage,20 V,,,,,,,,,,,,,,,,,,,,,,,,,,,,,,,,,,,,,,,,,,,,,,,,,,,,,,,,,,,,,,,,,,,,,,,,,,,,,,,,,,,,,,,,,,,,,,,,,,,,,,,,,,,,,,,,,,,,,,,,,,,,,,,,,,,,,,,,,,,,,,,,,,27112700,,,,,,,,,,,,,,,,,,,,,,,,,,,,,,,,,,,,,,,,,,,
,,,,,,,Tools & Hardware,Power Tools,Saws,,2545-20,2545-20 Milw M12 Jig Saw,-- Unbranded --,-- No Unilog Brand --,Milwaukee,Milwaukee Accessory (4031),Milwaukee Electric Tool Corporation,Milwaukee®,,2545-20,,Tools & Hardware>Power Tools>Saws>Jig Saws,"Milwaukee, M12, 2545-20, Jig Saw",JIG SAW,Milwaukee® M12 2545-20 Jig Saw,The Milwaukee® M12 Jig Saw (Part Number: 2545-20).,M12 Jig Saw,{},,,,,,,,,,,,,,,,,,,,,,,,,,Jig Saw,Series,M12,,Model,2545-20,,,,,,,,,,,,,,,,,,,,,,,,,,,,,,,,,,,,,,,,,,,,,,,,,,,,,,,,,,,,,,,,,,,,,,,,,,,,,,,,,,,,,,,,,,,,,,,,,,,,,,,,,,,,,,,,,,,,,,,,,,,,,,,,,,,,,,,,,,,,,,,,,,,,,27112700,,,,,,,,,,,,,,,,,,,,,,,,,,,,,,,,,,,,,,,,,,,
,,,,,,,Tools & Hardware,Power Tools,Saws,,KPTJS100A,KPTJS100A Kreg 20V Ionic Barrel Grip Jigsaw,-- Unbranded --,-- No Unilog Brand --,-- No DIB Brand --,Kreg Tool Company (KRETO),Kreg Tool Company,Kreg®,,KPTJS100A,,Tools & Hardware>Power Tools>Saws>Jig Saws,"Kreg Tool Company Kreg, KPTJS100A, Jig Saw, 20 V",JIG SAW 20V,Kreg® KPTJS100A Jig Saw,"The Kreg® Jig Saw is designed for commercial and industrial applications, rated at 20 V.",Jig Saw,{'Voltage': '20 V'},20 V electrical rating,,,,,,,,,,,,,,,,,,,,,,,,,Jig Saw,Model,KPTJS100A,,Voltage Rating,20,V,Voltage,20 V,,,,,,,,,,,,,,,,,,,,,,,,,,,,,,,,,,,,,,,,,,,,,,,,,,,,,,,,,,,,,,,,,,,,,,,,,,,,,,,,,,,,,,,,,,,,,,,,,,,,,,,,,,,,,,,,,,,,,,,,,,,,,,,,,,,,,,,,,,,,,,,,,,27112700,,,,,,,,,,,,,,,,,,,,,,,,,,,,,,,,,,,,,,,,,,,
,,,,,,,Tools & Hardware,Power Tools,Saws,,DCS714B,"DCS714B Dewalt 20V Miter Saw - (Bare) 10"" Double Bevel Fixed",-- Unbranded --,-- No Unilog Brand --,-- No DIB Brand --,Black & Decker/dewlt (2585),Black & Decker / DEWALT,DEWALT®,,DCS714B,,Tools & Hardware>Power Tools>Saws>Miter Saws,"Black & Decker / DEWALT DEWALT, DCS714B, Miter Saw, 20 V",MTR SAW 20V,DEWALT® DCS714B Miter Saw,"The DEWALT® Miter Saw is designed for commercial and industrial applications, rated at 20 V.",Miter Saw,{'Voltage': '20 V'},20 V electrical rating,,,,,,,,,,,,,,,,,,,,,,,,,Miter Saw,Model,DCS714B,,Voltage Rating,20,V,Voltage,20 V,,,,,,,,,,,,,,,,,,,,,,,,,,,,,,,,,,,,,,,,,,,,,,,,,,,,,,,,,,,,,,,,,,,,,,,,,,,,,,,,,,,,,,,,,,,,,,,,,,,,,,,,,,,,,,,,,,,,,,,,,,,,,,,,,,,,,,,,,,,,,,,,,,27112700,,,,,,,,,,,,,,,,,,,,,,,,,,,,,,,,,,,,,,,,,,,
,,,,,,,Tools & Hardware,Power Tools,Saws,,DCS785B,"DCS785B Dewalt 20V Miter Saw - Kit 12"" Double Bevel Sliding",-- Unbranded --,-- No Unilog Brand --,-- No DIB Brand --,Black & Decker/dewlt (2585),Black & Decker / DEWALT,DEWALT®,,DCS785B,,Tools & Hardware>Power Tools>Saws>Miter Saws,"Black & Decker / DEWALT DEWALT, DCS785B, Miter Saw, 20 V",MTR SAW 20V,DEWALT® DCS785B Miter Saw,"The DEWALT® Miter Saw is designed for commercial and industrial applications, rated at 20 V.",Miter Saw,{'Voltage': '20 V'},20 V electrical rating,,,,,,,,,,,,,,,,,,,,,,,,,Miter Saw,Model,DCS785B,,Voltage Rating,20,V,Voltage,20 V,,,,,,,,,,,,,,,,,,,,,,,,,,,,,,,,,,,,,,,,,,,,,,,,,,,,,,,,,,,,,,,,,,,,,,,,,,,,,,,,,,,,,,,,,,,,,,,,,,,,,,,,,,,,,,,,,,,,,,,,,,,,,,,,,,,,,,,,,,,,,,,,,,27112700,,,,,,,,,,,,,,,,,,,,,,,,,,,,,,,,,,,,,,,,,,,
,,,,,,,Tools & Hardware,Power Tools,Saws,,GSL02M1,"GSL02M1 Makita Miter Saw - 40V 8-1/2""",-- Unbranded --,-- No Unilog Brand --,-- No DIB Brand --,Makita Usa Inc (5142),"Makita U.S.A., Inc.",Makita®,,GSL02M1,,Tools & Hardware>Power Tools>Saws>Miter Saws,"Makita U.S.A., Inc. Makita, GSL02M1, Miter Saw, 40 V",MTR SAW 40V,Makita® GSL02M1 Miter Saw,"The Makita® Miter Saw is designed for commercial and industrial applications, rated at 40 V.",Miter Saw,{'Voltage': '40 V'},40 V electrical rating,,,,,,,,,,,,,,,,,,,,,,,,,Miter Saw,Model,GSL02M1,,Voltage Rating,40,V,Voltage,40 V,,,,,,,,,,,,,,,,,,,,,,,,,,,,,,,,,,,,,,,,,,,,,,,,,,,,,,,,,,,,,,,,,,,,,,,,,,,,,,,,,,,,,,,,,,,,,,,,,,,,,,,,,,,,,,,,,,,,,,,,,,,,,,,,,,,,,,,,,,,,,,,,,,27112700,,,,,,,,,,,,,,,,,,,,,,,,,,,,,,,,,,,,,,,,,,,
,,,,,,,Tools & Hardware,Power Tools,Saws,,DW7029,DW7029 Dewalt Miter Saw - Stand Support/Stop,-- Unbranded --,-- No Unilog Brand --,-- No DIB Brand --,Black & Decker/dewlt (2585),Black & Decker / DEWALT,DEWALT®,,DW7029,,Tools & Hardware>Power Tools>Saws>Miter Saws,"Black & Decker / DEWALT DEWALT, DW7029, Miter Saw",MTR SAW,DEWALT® DW7029 Miter Saw,The DEWALT® Miter Saw (Part Number: DW7029).,Miter Saw,{},,,,,,,,,,,,,,,,,,,,,,,,,,Miter Saw,Model,DW7029,,,,,,,,,,,,,,,,,,,,,,,,,,,,,,,,,,,,,,,,,,,,,,,,,,,,,,,,,,,,,,,,,,,,,,,,,,,,,,,,,,,,,,,,,,,,,,,,,,,,,,,,,,,,,,,,,,,,,,,,,,,,,,,,,,,,,,,,,,,,,,,,,,,,,,,,27112700,,,,,,,,,,,,,,,,,,,,,,,,,,,,,,,,,,,,,,,,,,,
,,,,,,,Tools & Hardware,Power Tools,Saws,,DCS384B,DCS384B Dewalt 20V Brushless - Cordless Recip Saw (Bare),-- Unbranded --,-- No Unilog Brand --,DEWALT,Black & Decker/dewlt (2585),Black & Decker / DEWALT,DEWALT®,,DCS384B,,Tools & Hardware>Power Tools>Saws>Reciprocating Saws,"Black & Decker / DEWALT DEWALT, DCS384B, Reciprocating Saw, 20 V",RCP SAW 20V,DEWALT® DCS384B Reciprocating Saw,"The DEWALT® Reciprocating Saw is designed for commercial and industrial applications, rated at 20 V.",Reciprocating Saw,{'Voltage': '20 V'},20 V electrical rating,,,,,,,,,,,,,,,,,,,,,,,,,Reciprocating Saw,Model,DCS384B,,Voltage Rating,20,V,Voltage,20 V,,,,,,,,,,,,,,,,,,,,,,,,,,,,,,,,,,,,,,,,,,,,,,,,,,,,,,,,,,,,,,,,,,,,,,,,,,,,,,,,,,,,,,,,,,,,,,,,,,,,,,,,,,,,,,,,,,,,,,,,,,,,,,,,,,,,,,,,,,,,,,,,,,27112700,,,,,,,,,,,,,,,,,,,,,,,,,,,,,,,,,,,,,,,,,,,
,,,,,,,Tools & Hardware,Power Tools,Saws,,XRJ08Z,XRJ08Z Makita 18V Recip Saw - Bare Tool,-- Unbranded --,-- No Unilog Brand --,-- No DIB Brand --,Makita Usa Inc (5142),"Makita U.S.A., Inc.",Makita®,,XRJ08Z,,Tools & Hardware>Power Tools>Saws>Reciprocating Saws,"Makita U.S.A., Inc. Makita, XRJ08Z, Reciprocating Saw, 18 V",RCP SAW 18V,Makita® XRJ08Z Reciprocating Saw,"The Makita® Reciprocating Saw is designed for commercial and industrial applications, rated at 18 V.",Reciprocating Saw,{'Voltage': '18 V'},18 V electrical rating,,,,,,,,,,,,,,,,,,,,,,,,,Reciprocating Saw,Model,XRJ08Z,,Voltage Rating,18,V,Voltage,18 V,,,,,,,,,,,,,,,,,,,,,,,,,,,,,,,,,,,,,,,,,,,,,,,,,,,,,,,,,,,,,,,,,,,,,,,,,,,,,,,,,,,,,,,,,,,,,,,,,,,,,,,,,,,,,,,,,,,,,,,,,,,,,,,,,,,,,,,,,,,,,,,,,,27112700,,,,,,,,,,,,,,,,,,,,,,,,,,,,,,,,,,,,,,,,,,,
,,,,,,,Tools & Hardware,Power Tools,Saws,,G0771Z,"Grizzly G0771Z 30"" Table Saw",-- Unbranded --,-- No Unilog Brand --,-- No DIB Brand --,Woodstock Intl (3658),"Woodstock International, Inc.",Grizzly®,,G0771Z,,Tools & Hardware>Power Tools>Saws>Table Saws,"Grizzly, G0771Z, Table Saw",TBL SAW,Grizzly® G0771Z Table Saw,The Grizzly® Table Saw (Part Number: G0771Z).,Table Saw,{},,,,,,,,,,,,,,,,,,,,,,,,,,Table Saw,Model,G0771Z,,,,,,,,,,,,,,,,,,,,,,,,,,,,,,,,,,,,,,,,,,,,,,,,,,,,,,,,,,,,,,,,,,,,,,,,,,,,,,,,,,,,,,,,,,,,,,,,,,,,,,,,,,,,,,,,,,,,,,,,,,,,,,,,,,,,,,,,,,,,,,,,,,,,,,,,27112700,,,,,,,,,,,,,,,,,,,,,,,,,,,,,,,,,,,,,,,,,,,
,,,,,,,Tools & Hardware,Power Tools,Saws,,TS1017,TS1017 Table Saw Zero-Clearance Insert,-- Unbranded --,-- No Unilog Brand --,-- No DIB Brand --,Robt Bosch Tool Corp (6564),Robert Bosch Tool Corporation,Bosch®,,TS1017,,Tools & Hardware>Power Tools>Saws>Table Saws,"Bosch, TS1017, Table Saw",TBL SAW,Bosch® TS1017 Table Saw,The Bosch® Table Saw (Part Number: TS1017).,Table Saw,{},,,,,,,,,,,,,,,,,,,,,,,,,,Table Saw,Model,TS1017,,,,,,,,,,,,,,,,,,,,,,,,,,,,,,,,,,,,,,,,,,,,,,,,,,,,,,,,,,,,,,,,,,,,,,,,,,,,,,,,,,,,,,,,,,,,,,,,,,,,,,,,,,,,,,,,,,,,,,,,,,,,,,,,,,,,,,,,,,,,,,,,,,,,,,,,27112700,,,,,,,,,,,,,,,,,,,,,,,,,,,,,,,,,,,,,,,,,,,
,,,,,,,Uncategorized Supplies,General Industrial,Pending Review,,XT524,"XT524 24"" XT XTENDER Fence",-- Unbranded --,-- No Unilog Brand --,-- No DIB Brand --,Bow Products (BOWPR),Bow Products LLC,Bow Products®,,XT524,,Uncategorized Supplies>General Industrial>Pending Review,"Bow Products LLC Bow Products, XT524, Xtender Fence",XTND FNC,Bow Products® XT524 Xtender Fence,The Bow Products® Xtender Fence (Part Number: XT524).,Xtender Fence,{},,,,,,,,,,,,,,,,,,,,,,,,,,Xtender Fence,Model,XT524,,,,,,,,,,,,,,,,,,,,,,,,,,,,,,,,,,,,,,,,,,,,,,,,,,,,,,,,,,,,,,,,,,,,,,,,,,,,,,,,,,,,,,,,,,,,,,,,,,,,,,,,,,,,,,,,,,,,,,,,,,,,,,,,,,,,,,,,,,,,,,,,,,,,,,,,,,,,,,,,,,,,,,,,,,,,,,,,,,,,,,,,,,,,,,,,,,,
,,,,,,,Uncategorized Supplies,General Industrial,Pending Review,,XT536,"XT536 36"" XT XTENDER Fence",-- Unbranded --,-- No Unilog Brand --,-- No DIB Brand --,Bow Products (BOWPR),Bow Products LLC,Bow Products®,,XT536,,Uncategorized Supplies>General Industrial>Pending Review,"Bow Products LLC Bow Products, XT536, Xtender Fence",XTND FNC,Bow Products® XT536 Xtender Fence,The Bow Products® Xtender Fence (Part Number: XT536).,Xtender Fence,{},,,,,,,,,,,,,,,,,,,,,,,,,,Xtender Fence,Model,XT536,,,,,,,,,,,,,,,,,,,,,,,,,,,,,,,,,,,,,,,,,,,,,,,,,,,,,,,,,,,,,,,,,,,,,,,,,,,,,,,,,,,,,,,,,,,,,,,,,,,,,,,,,,,,,,,,,,,,,,,,,,,,,,,,,,,,,,,,,,,,,,,,,,,,,,,,,,,,,,,,,,,,,,,,,,,,,,,,,,,,,,,,,,,,,,,,,,,
,,,,,,,Uncategorized Supplies,General Industrial,Pending Review,,XT546,"XT546 46"" XT XTENDER Fence",-- Unbranded --,-- No Unilog Brand --,-- No DIB Brand --,Bow Products (BOWPR),Bow Products LLC,Bow Products®,,XT546,,Uncategorized Supplies>General Industrial>Pending Review,"Bow Products LLC Bow Products, XT546, Xtender Fence",XTND FNC,Bow Products® XT546 Xtender Fence,The Bow Products® Xtender Fence (Part Number: XT546).,Xtender Fence,{},,,,,,,,,,,,,,,,,,,,,,,,,,Xtender Fence,Model,XT546,,,,,,,,,,,,,,,,,,,,,,,,,,,,,,,,,,,,,,,,,,,,,,,,,,,,,,,,,,,,,,,,,,,,,,,,,,,,,,,,,,,,,,,,,,,,,,,,,,,,,,,,,,,,,,,,,,,,,,,,,,,,,,,,,,,,,,,,,,,,,,,,,,,,,,,,,,,,,,,,,,,,,,,,,,,,,,,,,,,,,,,,,,,,,,,,,,,
,,,,,,,Uncategorized Supplies,General Industrial,Pending Review,,XTP235,"35"" XTP XTENDER PRO Fence - XTP235",-- Unbranded --,-- No Unilog Brand --,-- No DIB Brand --,Bow Products (BOWPR),Bow Products LLC,Bow Products®,,XTP235,,Uncategorized Supplies>General Industrial>Pending Review,"Bow Products LLC Bow Products, XTP235, Pro Fence",PRO FNC,Bow Products® XTP235 Pro Fence,The Bow Products® Pro Fence (Part Number: XTP235).,Pro Fence,{},,,,,,,,,,,,,,,,,,,,,,,,,,Pro Fence,Model,XTP235,,,,,,,,,,,,,,,,,,,,,,,,,,,,,,,,,,,,,,,,,,,,,,,,,,,,,,,,,,,,,,,,,,,,,,,,,,,,,,,,,,,,,,,,,,,,,,,,,,,,,,,,,,,,,,,,,,,,,,,,,,,,,,,,,,,,,,,,,,,,,,,,,,,,,,,,,,,,,,,,,,,,,,,,,,,,,,,,,,,,,,,,,,,,,,,,,,,
,,,,,,,Uncategorized Supplies,General Industrial,Pending Review,,TGP2-FA,TGP2-FA T-Glide Fence Professional,-- Unbranded --,-- No Unilog Brand --,-- No DIB Brand --,Saw Stop LLC (SAWST),SawStop LLC,SawStop®,,TGP2-FA,,Uncategorized Supplies>General Industrial>Pending Review,"SawStop LLC SawStop, TGP2-FA, Fence Professional",FNC PRFS,SawStop® TGP2-FA Fence Professional,The SawStop® Fence Professional (Part Number: TGP2-FA).,Fence Professional,{},,,,,,,,,,,,,,,,,,,,,,,,,,Fence Professional,Model,TGP2-FA,,,,,,,,,,,,,,,,,,,,,,,,,,,,,,,,,,,,,,,,,,,,,,,,,,,,,,,,,,,,,,,,,,,,,,,,,,,,,,,,,,,,,,,,,,,,,,,,,,,,,,,,,,,,,,,,,,,,,,,,,,,,,,,,,,,,,,,,,,,,,,,,,,,,,,,,,,,,,,,,,,,,,,,,,,,,,,,,,,,,,,,,,,,,,,,,,,,
,,,,,,,Uncategorized Supplies,General Industrial,Pending Review,,ATGI-FA,ATGI-FA T-Glide Advanced Fence Industrial,-- Unbranded --,-- No Unilog Brand --,-- No DIB Brand --,Saw Stop LLC (SAWST),SawStop LLC,SawStop®,,ATGI-FA,,Uncategorized Supplies>General Industrial>Pending Review,"SawStop LLC SawStop, ATGI-FA, Advanced Fence",ADVN FNC,SawStop® ATGI-FA Advanced Fence,The SawStop® Advanced Fence (Part Number: ATGI-FA).,Advanced Fence,{},,,,,,,,,,,,,,,,,,,,,,,,,,Advanced Fence,Model,ATGI-FA,,,,,,,,,,,,,,,,,,,,,,,,,,,,,,,,,,,,,,,,,,,,,,,,,,,,,,,,,,,,,,,,,,,,,,,,,,,,,,,,,,,,,,,,,,,,,,,,,,,,,,,,,,,,,,,,,,,,,,,,,,,,,,,,,,,,,,,,,,,,,,,,,,,,,,,,,,,,,,,,,,,,,,,,,,,,,,,,,,,,,,,,,,,,,,,,,,,
,,,,,,,Uncategorized Supplies,General Industrial,Pending Review,,ATGP-FA,ATGP-FA T-Glide Advance Fence Professional,-- Unbranded --,-- No Unilog Brand --,-- No DIB Brand --,Saw Stop LLC (SAWST),SawStop LLC,SawStop®,,ATGP-FA,,Uncategorized Supplies>General Industrial>Pending Review,"SawStop LLC SawStop, ATGP-FA, Fence Professional",FNC PRFS,SawStop® ATGP-FA Fence Professional,The SawStop® Fence Professional (Part Number: ATGP-FA).,Fence Professional,{},,,,,,,,,,,,,,,,,,,,,,,,,,Fence Professional,Model,ATGP-FA,,,,,,,,,,,,,,,,,,,,,,,,,,,,,,,,,,,,,,,,,,,,,,,,,,,,,,,,,,,,,,,,,,,,,,,,,,,,,,,,,,,,,,,,,,,,,,,,,,,,,,,,,,,,,,,,,,,,,,,,,,,,,,,,,,,,,,,,,,,,,,,,,,,,,,,,,,,,,,,,,,,,,,,,,,,,,,,,,,,,,,,,,,,,,,,,,,,
,,,,,,,Uncategorized Supplies,General Industrial,Pending Review,,TGI2-FA,TGI2-FA T-Glide Fence Indudtrial,-- Unbranded --,-- No Unilog Brand --,-- No DIB Brand --,Saw Stop LLC (SAWST),SawStop LLC,SawStop®,,TGI2-FA,,Uncategorized Supplies>General Industrial>Pending Review,"SawStop LLC SawStop, TGI2-FA, Fence Indudtrial",FNC INDT,SawStop® TGI2-FA Fence Indudtrial,The SawStop® Fence Indudtrial (Part Number: TGI2-FA).,Fence Indudtrial,{},,,,,,,,,,,,,,,,,,,,,,,,,,Fence Indudtrial,Model,TGI2-FA,,,,,,,,,,,,,,,,,,,,,,,,,,,,,,,,,,,,,,,,,,,,,,,,,,,,,,,,,,,,,,,,,,,,,,,,,,,,,,,,,,,,,,,,,,,,,,,,,,,,,,,,,,,,,,,,,,,,,,,,,,,,,,,,,,,,,,,,,,,,,,,,,,,,,,,,,,,,,,,,,,,,,,,,,,,,,,,,,,,,,,,,,,,,,,,,,,,
,,,,,,,Tools & Hardware,Power Tools,Saws,,TGI2-T36A,"TGI2-T36A 36"" Table Assembly Industrial",-- Unbranded --,-- No Unilog Brand --,-- No DIB Brand --,Saw Stop LLC (SAWST),SawStop LLC,SawStop®,,TGI2-T36A,,Tools & Hardware>Power Tools>Saws>Table Saws,"SawStop LLC SawStop, TGI2-T36A, Table Saw",TBL SAW,SawStop® TGI2-T36A Table Saw,The SawStop® Table Saw (Part Number: TGI2-T36A).,Table Saw,{},,,,,,,,,,,,,,,,,,,,,,,,,,Table Saw,Model,TGI2-T36A,,,,,,,,,,,,,,,,,,,,,,,,,,,,,,,,,,,,,,,,,,,,,,,,,,,,,,,,,,,,,,,,,,,,,,,,,,,,,,,,,,,,,,,,,,,,,,,,,,,,,,,,,,,,,,,,,,,,,,,,,,,,,,,,,,,,,,,,,,,,,,,,,,,,,,,,27112700,,,,,,,,,,,,,,,,,,,,,,,,,,,,,,,,,,,,,,,,,,,
,,,,,,,Tools & Hardware,Power Tools,Saws,,KPTBPS100A,"KPTBPS100A Kreg 20V Ionic 6-1/2"" Plunge-Cut Track Saw Kit",-- Unbranded --,-- No Unilog Brand --,-- No DIB Brand --,Kreg Tool Company (KRETO),Kreg Tool Company,Kreg®,,KPTBPS100A,,Tools & Hardware>Power Tools>Saws>Track Saws,"Kreg Tool Company Kreg, KPTBPS100A, Track Saw, 20 V",TRCK SAW 20V,Kreg® KPTBPS100A Track Saw,"The Kreg® Track Saw is designed for commercial and industrial applications, rated at 20 V.",Track Saw,{'Voltage': '20 V'},20 V electrical rating,,,,,,,,,,,,,,,,,,,,,,,,,Track Saw,Model,KPTBPS100A,,Voltage Rating,20,V,Voltage,20 V,,,,,,,,,,,,,,,,,,,,,,,,,,,,,,,,,,,,,,,,,,,,,,,,,,,,,,,,,,,,,,,,,,,,,,,,,,,,,,,,,,,,,,,,,,,,,,,,,,,,,,,,,,,,,,,,,,,,,,,,,,,,,,,,,,,,,,,,,,,,,,,,,,27112700,,,,,,,,,,,,,,,,,,,,,,,,,,,,,,,,,,,,,,,,,,,
,,,,,,,Tools & Hardware,Power Tool Accessories,Batteries,,DCB606C,DCB606C Dewalt Flexvolt Starter Kit,-- Unbranded --,-- No Unilog Brand --,-- No DIB Brand --,Black & Decker/dewlt (2585),Black & Decker / DEWALT,DEWALT®,,DCB606C,,Tools & Hardware>Power Tool Accessories>Batteries,"Black & Decker / DEWALT DEWALT, Flexvolt, DCB606C, Battery Pack",BTRY PACK,DEWALT® Flexvolt DCB606C Battery Pack,The DEWALT® Flexvolt Battery Pack (Part Number: DCB606C).,Flexvolt Battery Pack,{},,,,,,,,,,,,,,,,,,,,,,,,,,Battery Pack,Series,Flexvolt,,Model,DCB606C,,,,,,,,,,,,,,,,,,,,,,,,,,,,,,,,,,,,,,,,,,,,,,,,,,,,,,,,,,,,,,,,,,,,,,,,,,,,,,,,,,,,,,,,,,,,,,,,,,,,,,,,,,,,,,,,,,,,,,,,,,,,,,,,,,,,,,,,,,,,,,,,,,,,,26111700,,,,,,,,,,,,,,,,,,,,,,,,,,,,,,,,,,,,,,,,,,,
,,,,,,,Tools & Hardware,Power Tool Accessories,Batteries,,BL1850BDC1,BL1850BDC1 Makita Starter Kit,-- Unbranded --,-- No Unilog Brand --,-- No DIB Brand --,Makita Usa Inc (5142),"Makita U.S.A., Inc.",Makita®,,BL1850BDC1,,Tools & Hardware>Power Tool Accessories>Batteries,"Makita U.S.A., Inc. Makita, BL1850BDC1, Battery Pack",BTRY PACK,Makita® BL1850BDC1 Battery Pack,The Makita® Battery Pack (Part Number: BL1850BDC1).,Battery Pack,{},,,,,,,,,,,,,,,,,,,,,,,,,,Battery Pack,Model,BL1850BDC1,,,,,,,,,,,,,,,,,,,,,,,,,,,,,,,,,,,,,,,,,,,,,,,,,,,,,,,,,,,,,,,,,,,,,,,,,,,,,,,,,,,,,,,,,,,,,,,,,,,,,,,,,,,,,,,,,,,,,,,,,,,,,,,,,,,,,,,,,,,,,,,,,,,,,,,,26111700,,,,,,,,,,,,,,,,,,,,,,,,,,,,,,,,,,,,,,,,,,,
,,,,,,,Tools & Hardware,Power Tool Accessories,Batteries,,DCB205C,DCB205C 20V Starter Kit,-- Unbranded --,-- No Unilog Brand --,DEWALT,Black & Decker/dewlt (2585),Black & Decker / DEWALT,DEWALT®,,DCB205C,,Tools & Hardware>Power Tool Accessories>Batteries,"Black & Decker / DEWALT DEWALT, DCB205C, Battery Pack, 20 V",BTRY PACK 20V,DEWALT® DCB205C Battery Pack,"The DEWALT® Battery Pack is designed for commercial and industrial applications, rated at 20 V.",Battery Pack,{'Voltage': '20 V'},20 V electrical rating,,,,,,,,,,,,,,,,,,,,,,,,,Battery Pack,Model,DCB205C,,Voltage Rating,20,V,Voltage,20 V,,,,,,,,,,,,,,,,,,,,,,,,,,,,,,,,,,,,,,,,,,,,,,,,,,,,,,,,,,,,,,,,,,,,,,,,,,,,,,,,,,,,,,,,,,,,,,,,,,,,,,,,,,,,,,,,,,,,,,,,,,,,,,,,,,,,,,,,,,,,,,,,,,26111700,,,,,,,,,,,,,,,,,,,,,,,,,,,,,,,,,,,,,,,,,,,
,,,,,,,Uncategorized Supplies,General Industrial,Pending Review,,DCB2108,DCB2108 Dewalt 20V 8Ah Battery - Max XR Powerpack,-- Unbranded --,-- No Unilog Brand --,DEWALT,Black & Decker/dewlt (2585),Black & Decker / DEWALT,DEWALT®,,DCB2108,,Uncategorized Supplies>General Industrial>Pending Review,"Black & Decker / DEWALT DEWALT, Max XR, DCB2108, Xr Powerpack, 20 V",XR PWRP 20V,DEWALT® Max XR DCB2108 Xr Powerpack,"The DEWALT® Max XR Xr Powerpack is designed for commercial and industrial applications, rated at 20 V.",Max XR Xr Powerpack,{'Voltage': '20 V'},20 V electrical rating,,,,,,,,,,,,,,,,,,,,,,,,,Xr Powerpack,Series,Max XR,,Model,DCB2108,,Voltage Rating,20,V,Voltage,20 V,,,,,,,,,,,,,,,,,,,,,,,,,,,,,,,,,,,,,,,,,,,,,,,,,,,,,,,,,,,,,,,,,,,,,,,,,,,,,,,,,,,,,,,,,,,,,,,,,,,,,,,,,,,,,,,,,,,,,,,,,,,,,,,,,,,,,,,,,,,,,,,,,,,,,,,,,,,,,,,,,,,,,,,,,,,,,,,,,,,,,,,,,,
,,,,,,,Uncategorized Supplies,General Industrial,Pending Review,,DCB2108-2,DCB2108-2 Dewalt 20V 8Ah 2pk - Battery Max XR Powerpack,-- Unbranded --,-- No Unilog Brand --,-- No DIB Brand --,Black & Decker/dewlt (2585),Black & Decker / DEWALT,DEWALT®,,DCB2108-2,,Uncategorized Supplies>General Industrial>Pending Review,"Black & Decker / DEWALT DEWALT, Max XR, DCB2108-2, Xr Powerpack, 20 V, 2 Pack",XR PWRP 20V 2PK,"DEWALT® Max XR DCB2108-2 Xr Powerpack, 2 Pack","The DEWALT® Max XR Xr Powerpack is designed for commercial and industrial applications, rated at 20 V.",Max XR Xr Powerpack,{'Voltage': '20 V'},20 V electrical rating,2 Count Package,,,,,,,,,,,,,,,,,,,,,,,,Xr Powerpack,Series,Max XR,,Model,DCB2108-2,,Voltage Rating,20,V,Package Quantity,2,pk,Voltage,20 V,,,,,,,,,,,,,,,,,,,,,,,,,,,,,,,,,,,,,,,,,,,,,,,,,,,,,,,,,,,,,,,,,,,,,,,,,,,,,,,,,,,,,,,,,,,,,,,,,,,,,,,,,,,,,,,,,,,,,,,,,,,,,,,,,,,,,,,,,,,,,,,,,,,,,,,,,,,,,,,,,,,,,,,,,,,,,,,,,,,,,,,
,,,,,,,Uncategorized Supplies,General Industrial,Pending Review,,VB0212,VB0212 Senco 18V 2.0 AH Lithium Battery,-- Unbranded --,-- No Unilog Brand --,-- No DIB Brand --,Senco Products Inc (4650),"Kyocera Senco Industrial Tools, Inc.",Senco®,,VB0212,,Uncategorized Supplies>General Industrial>Pending Review,"Senco, VB0212, Lithium Battery, 18 V",LTHM BTRY 18V,Senco® VB0212 Lithium Battery,"The Senco® Lithium Battery is designed for commercial and industrial applications, rated at 18 V.",Lithium Battery,{'Voltage': '18 V'},18 V electrical rating,,,,,,,,,,,,,,,,,,,,,,,,,Lithium Battery,Model,VB0212,,Voltage Rating,18,V,Voltage,18 V,,,,,,,,,,,,,,,,,,,,,,,,,,,,,,,,,,,,,,,,,,,,,,,,,,,,,,,,,,,,,,,,,,,,,,,,,,,,,,,,,,,,,,,,,,,,,,,,,,,,,,,,,,,,,,,,,,,,,,,,,,,,,,,,,,,,,,,,,,,,,,,,,,,,,,,,,,,,,,,,,,,,,,,,,,,,,,,,,,,,,,,,,,,,,
,,,,,,,Tools & Hardware,Power Tool Accessories,Batteries,,BCB2A20A,BCB2A20A Kreg 20V Battery/Charger Starter Kit,-- Unbranded --,-- No Unilog Brand --,-- No DIB Brand --,Kreg Tool Company (KRETO),Kreg Tool Company,Kreg®,,BCB2A20A,,Tools & Hardware>Power Tool Accessories>Batteries,"Kreg Tool Company Kreg, BCB2A20A, Battery Pack, 20 V",BTRY PACK 20V,Kreg® BCB2A20A Battery Pack,"The Kreg® Battery Pack is designed for commercial and industrial applications, rated at 20 V.",Battery Pack,{'Voltage': '20 V'},20 V electrical rating,,,,,,,,,,,,,,,,,,,,,,,,,Battery Pack,Model,BCB2A20A,,Voltage Rating,20,V,Voltage,20 V,,,,,,,,,,,,,,,,,,,,,,,,,,,,,,,,,,,,,,,,,,,,,,,,,,,,,,,,,,,,,,,,,,,,,,,,,,,,,,,,,,,,,,,,,,,,,,,,,,,,,,,,,,,,,,,,,,,,,,,,,,,,,,,,,,,,,,,,,,,,,,,,,,26111700,,,,,,,,,,,,,,,,,,,,,,,,,,,,,,,,,,,,,,,,,,,
,,,,,,,Tools & Hardware,Power Tool Accessories,Batteries,,BATT4A,BATT4A Kreg 20V 4ah Battery Pack,-- Unbranded --,-- No Unilog Brand --,-- No DIB Brand --,Kreg Tool Company (KRETO),Kreg Tool Company,Kreg®,,BATT4A,,Tools & Hardware>Power Tool Accessories>Batteries,"Kreg Tool Company Kreg, BATT4A, Battery Pack, 20 V",BTRY PACK 20V,Kreg® BATT4A Battery Pack,"The Kreg® Battery Pack is designed for commercial and industrial applications, rated at 20 V.",Battery Pack,{'Voltage': '20 V'},20 V electrical rating,,,,,,,,,,,,,,,,,,,,,,,,,Battery Pack,Model,BATT4A,,Voltage Rating,20,V,Voltage,20 V,,,,,,,,,,,,,,,,,,,,,,,,,,,,,,,,,,,,,,,,,,,,,,,,,,,,,,,,,,,,,,,,,,,,,,,,,,,,,,,,,,,,,,,,,,,,,,,,,,,,,,,,,,,,,,,,,,,,,,,,,,,,,,,,,,,,,,,,,,,,,,,,,,26111700,,,,,,,,,,,,,,,,,,,,,,,,,,,,,,,,,,,,,,,,,,,
,,,,,,,Tools & Hardware,Power Tool Accessories,Batteries,,BATT2A,BATT2A Kreg 20V 2ah Battery Pack,-- Unbranded --,-- No Unilog Brand --,-- No DIB Brand --,Kreg Tool Company (KRETO),Kreg Tool Company,Kreg®,,BATT2A,,Tools & Hardware>Power Tool Accessories>Batteries,"Kreg Tool Company Kreg, BATT2A, Battery Pack, 20 V",BTRY PACK 20V,Kreg® BATT2A Battery Pack,"The Kreg® Battery Pack is designed for commercial and industrial applications, rated at 20 V.",Battery Pack,{'Voltage': '20 V'},20 V electrical rating,,,,,,,,,,,,,,,,,,,,,,,,,Battery Pack,Model,BATT2A,,Voltage Rating,20,V,Voltage,20 V,,,,,,,,,,,,,,,,,,,,,,,,,,,,,,,,,,,,,,,,,,,,,,,,,,,,,,,,,,,,,,,,,,,,,,,,,,,,,,,,,,,,,,,,,,,,,,,,,,,,,,,,,,,,,,,,,,,,,,,,,,,,,,,,,,,,,,,,,,,,,,,,,,26111700,,,,,,,,,,,,,,,,,,,,,,,,,,,,,,,,,,,,,,,,,,,
,,,,,,,Tools & Hardware,Power Tool Accessories,Batteries,,BL1850BDC2X1,BL1850BDC2X1 Makita Starter Kit,-- Unbranded --,-- No Unilog Brand --,-- No DIB Brand --,Makita Usa Inc (5142),"Makita U.S.A., Inc.",Makita®,,BL1850BDC2X1,,Tools & Hardware>Power Tool Accessories>Batteries,"Makita U.S.A., Inc. Makita, BL1850BDC2X1, Battery Pack, 2 x 1",BTRY PACK,"Makita® BL1850BDC2X1 Battery Pack, 2 x 1","The Makita® Battery Pack is designed for commercial and industrial applications, measuring 2 x 1.",Battery Pack,{},Size: 2 x 1,Size / Dimensions: 2x1,,,,,,,,,,,,,,,,,,,,,,,,Battery Pack,Model,BL1850BDC2X1,,Size,2 x 1,,Size / Dimensions,2x1,,,,,,,,,,,,,,,,,,,,,,,,,,,,,,,,,,,,,,,,,,,,,,,,,,,,,,,,,,,,,,,,,,,,,,,,,,,,,,,,,,,,,,,,,,,,,,,,,,,,,,,,,,,,,,,,,,,,,,,,,,,,,,,,,,,,,,,,,,,,,,,,,,26111700,,,,,,,,,,,,,,,,,,,,,,,,,,,,,,,,,,,,,,,,,,,
,,,,,,,Uncategorized Supplies,General Industrial,Pending Review,,48-11-2422,48-11-2422 Milw M12 CP2.0 Battery Two Pack,-- Unbranded --,-- No Unilog Brand --,-- No DIB Brand --,Milwaukee Accessory (4031),Milwaukee Electric Tool Corporation,Milwaukee®,,48-11-2422,,Uncategorized Supplies>General Industrial>Pending Review,"Milwaukee, M12, 48-11-2422, Battery Two",BTRY TWO,Milwaukee® M12 48-11-2422 Battery Two,The Milwaukee® M12 Battery Two (Part Number: 48-11-2422).,M12 Battery Two,{},,,,,,,,,,,,,,,,,,,,,,,,,,Battery Two,Series,M12,,Model,48-11-2422,,,,,,,,,,,,,,,,,,,,,,,,,,,,,,,,,,,,,,,,,,,,,,,,,,,,,,,,,,,,,,,,,,,,,,,,,,,,,,,,,,,,,,,,,,,,,,,,,,,,,,,,,,,,,,,,,,,,,,,,,,,,,,,,,,,,,,,,,,,,,,,,,,,,,,,,,,,,,,,,,,,,,,,,,,,,,,,,,,,,,,,,,,,,,,,,
,,,,,,,Uncategorized Supplies,General Industrial,Pending Review,,DCB1104,DCB1104 Dewalt 12V/20V Charger - 4 Amp,-- Unbranded --,-- No Unilog Brand --,-- No DIB Brand --,Black & Decker/dewlt (2585),Black & Decker / DEWALT,DEWALT®,,DCB1104,,Uncategorized Supplies>General Industrial>Pending Review,"Black & Decker / DEWALT DEWALT, DCB1104, Dewalt Charger, 12 V",DWLT CHRG 12V 4A,DEWALT® DCB1104 Dewalt Charger,"The DEWALT® Dewalt Charger is designed for commercial and industrial applications, rated at 12 V, drawing 4 A.",Dewalt Charger,"{'Voltage': '12 V', 'Amperage': '4 A'}",12 V electrical rating,4 A current rating,,,,,,,,,,,,,,,,,,,,,,,,Dewalt Charger,Model,DCB1104,,Voltage Rating,12,V,Amperage Rating,4,A,Voltage,12 V,,Amperage,4 A,,,,,,,,,,,,,,,,,,,,,,,,,,,,,,,,,,,,,,,,,,,,,,,,,,,,,,,,,,,,,,,,,,,,,,,,,,,,,,,,,,,,,,,,,,,,,,,,,,,,,,,,,,,,,,,,,,,,,,,,,,,,,,,,,,,,,,,,,,,,,,,,,,,,,,,,,,,,,,,,,,,,,,,,,,,,,,,,,,,,,,,
,,,,,,,Uncategorized Supplies,General Industrial,Pending Review,,48-59-1804,48-59-1804 Milw M18 and M12 Rapid Charger,-- Unbranded --,-- No Unilog Brand --,-- No DIB Brand --,Milwaukee Accessory (4031),Milwaukee Electric Tool Corporation,Milwaukee®,,48-59-1804,,Uncategorized Supplies>General Industrial>Pending Review,"Milwaukee, M18, 48-59-1804, Rapid Charger",RPD CHRG,Milwaukee® M18 48-59-1804 Rapid Charger,The Milwaukee® M18 Rapid Charger (Part Number: 48-59-1804).,M18 Rapid Charger,{},,,,,,,,,,,,,,,,,,,,,,,,,,Rapid Charger,Series,M18,,Model,48-59-1804,,,,,,,,,,,,,,,,,,,,,,,,,,,,,,,,,,,,,,,,,,,,,,,,,,,,,,,,,,,,,,,,,,,,,,,,,,,,,,,,,,,,,,,,,,,,,,,,,,,,,,,,,,,,,,,,,,,,,,,,,,,,,,,,,,,,,,,,,,,,,,,,,,,,,,,,,,,,,,,,,,,,,,,,,,,,,,,,,,,,,,,,,,,,,,,,
,,,,,,,Uncategorized Supplies,General Industrial,Pending Review,,CRGR401A,CRGR401A Kreg 20V Fast Charger,-- Unbranded --,-- No Unilog Brand --,-- No DIB Brand --,Kreg Tool Company (KRETO),Kreg Tool Company,Kreg®,,CRGR401A,,Uncategorized Supplies>General Industrial>Pending Review,"Kreg Tool Company Kreg, CRGR401A, Fast Charger, 20 V",FAST CHRG 20V,Kreg® CRGR401A Fast Charger,"The Kreg® Fast Charger is designed for commercial and industrial applications, rated at 20 V.",Fast Charger,{'Voltage': '20 V'},20 V electrical rating,,,,,,,,,,,,,,,,,,,,,,,,,Fast Charger,Model,CRGR401A,,Voltage Rating,20,V,Voltage,20 V,,,,,,,,,,,,,,,,,,,,,,,,,,,,,,,,,,,,,,,,,,,,,,,,,,,,,,,,,,,,,,,,,,,,,,,,,,,,,,,,,,,,,,,,,,,,,,,,,,,,,,,,,,,,,,,,,,,,,,,,,,,,,,,,,,,,,,,,,,,,,,,,,,,,,,,,,,,,,,,,,,,,,,,,,,,,,,,,,,,,,,,,,,,,,
,,,,,,,Uncategorized Supplies,General Industrial,Pending Review,,48-59-1211,48-59-1211 Milw Power Supply - Charger,-- Unbranded --,-- No Unilog Brand --,Milwaukee,Milwaukee Accessory (4031),Milwaukee Electric Tool Corporation,Milwaukee®,,48-59-1211,,Uncategorized Supplies>General Industrial>Pending Review,"Milwaukee, 48-59-1211, Supply Charger",SPLY CHRG,Milwaukee® 48-59-1211 Supply Charger,The Milwaukee® Supply Charger (Part Number: 48-59-1211).,Supply Charger,{},,,,,,,,,,,,,,,,,,,,,,,,,,Supply Charger,Model,48-59-1211,,,,,,,,,,,,,,,,,,,,,,,,,,,,,,,,,,,,,,,,,,,,,,,,,,,,,,,,,,,,,,,,,,,,,,,,,,,,,,,,,,,,,,,,,,,,,,,,,,,,,,,,,,,,,,,,,,,,,,,,,,,,,,,,,,,,,,,,,,,,,,,,,,,,,,,,,,,,,,,,,,,,,,,,,,,,,,,,,,,,,,,,,,,,,,,,,,,
,,,,,,,Uncategorized Supplies,General Industrial,Pending Review,,2847-20,2847-20 Milw M18 Charger and Power Supply,-- Unbranded --,-- No Unilog Brand --,-- No DIB Brand --,Milwaukee Accessory (4031),Milwaukee Electric Tool Corporation,Milwaukee®,,2847-20,,Uncategorized Supplies>General Industrial>Pending Review,"Milwaukee, M18, 2847-20, Power Supply",PWR SPLY,Milwaukee® M18 2847-20 Power Supply,The Milwaukee® M18 Power Supply (Part Number: 2847-20).,M18 Power Supply,{},,,,,,,,,,,,,,,,,,,,,,,,,,Power Supply,Series,M18,,Model,2847-20,,,,,,,,,,,,,,,,,,,,,,,,,,,,,,,,,,,,,,,,,,,,,,,,,,,,,,,,,,,,,,,,,,,,,,,,,,,,,,,,,,,,,,,,,,,,,,,,,,,,,,,,,,,,,,,,,,,,,,,,,,,,,,,,,,,,,,,,,,,,,,,,,,,,,,,,,,,,,,,,,,,,,,,,,,,,,,,,,,,,,,,,,,,,,,,,
,,,,,,,Uncategorized Supplies,General Industrial,Pending Review,,DWV9401,DWV9401 Dewalt Paper Bag - 5pk,-- Unbranded --,-- No Unilog Brand --,-- No DIB Brand --,Black & Decker/dewlt (2585),Black & Decker / DEWALT,DEWALT®,,DWV9401,,Uncategorized Supplies>General Industrial>Pending Review,"Black & Decker / DEWALT DEWALT, DWV9401, Paper Bag, 5 Pack",PPR BAG 5PK,"DEWALT® DWV9401 Paper Bag, 5 Pack",The DEWALT® Paper Bag (Part Number: DWV9401).,Paper Bag,{},5 Count Package,,,,,,,,,,,,,,,,,,,,,,,,,Paper Bag,Model,DWV9401,,Package Quantity,5,pk,,,,,,,,,,,,,,,,,,,,,,,,,,,,,,,,,,,,,,,,,,,,,,,,,,,,,,,,,,,,,,,,,,,,,,,,,,,,,,,,,,,,,,,,,,,,,,,,,,,,,,,,,,,,,,,,,,,,,,,,,,,,,,,,,,,,,,,,,,,,,,,,,,,,,,,,,,,,,,,,,,,,,,,,,,,,,,,,,,,,,,,,,,,,,,,
,,,,,,,Tools & Hardware,Cleaning & Janitorial Tools,Shop Vacuums,,578512,578512 Festool Dust Extractor-CT MIDI I HEPA,-- Unbranded --,-- No Unilog Brand --,-- No DIB Brand --,Festool USA (FESTO),Festool USA,Festool®,,578512,,Tools & Hardware>Cleaning Equipment>Wet Dry Vacuums,"Festool USA Festool, 578512, Wet/Dry Shop Vacuum",WT/D SHOP VCM,Festool® 578512 Wet/Dry Shop Vacuum,The Festool® Wet/Dry Shop Vacuum (Part Number: 578512).,Wet/Dry Shop Vacuum,{},,,,,,,,,,,,,,,,,,,,,,,,,,Wet/Dry Shop Vacuum,Model,578512,,,,,,,,,,,,,,,,,,,,,,,,,,,,,,,,,,,,,,,,,,,,,,,,,,,,,,,,,,,,,,,,,,,,,,,,,,,,,,,,,,,,,,,,,,,,,,,,,,,,,,,,,,,,,,,,,,,,,,,,,,,,,,,,,,,,,,,,,,,,,,,,,,,,,,,,47121602,,,,,,,,,,,,,,,,,,,,,,,,,,,,,,,,,,,,,,,,,,,
,,,,,,,Tools & Hardware,Cleaning & Janitorial Tools,Shop Vacuums,,577871,577871 Festool Dust Extractor - CT 26,-- Unbranded --,-- No Unilog Brand --,-- No DIB Brand --,Festool USA (FESTO),Festool USA,Festool®,,577871,,Tools & Hardware>Cleaning Equipment>Wet Dry Vacuums,"Festool USA Festool, 577871, Wet/Dry Shop Vacuum",WT/D SHOP VCM,Festool® 577871 Wet/Dry Shop Vacuum,The Festool® Wet/Dry Shop Vacuum (Part Number: 577871).,Wet/Dry Shop Vacuum,{},,,,,,,,,,,,,,,,,,,,,,,,,,Wet/Dry Shop Vacuum,Model,577871,,,,,,,,,,,,,,,,,,,,,,,,,,,,,,,,,,,,,,,,,,,,,,,,,,,,,,,,,,,,,,,,,,,,,,,,,,,,,,,,,,,,,,,,,,,,,,,,,,,,,,,,,,,,,,,,,,,,,,,,,,,,,,,,,,,,,,,,,,,,,,,,,,,,,,,,47121602,,,,,,,,,,,,,,,,,,,,,,,,,,,,,,,,,,,,,,,,,,,
,,,,,,,Tools & Hardware,Cleaning & Janitorial Tools,Shop Vacuums,,577874,577874 Festool Dust Extractor - CT 36,-- Unbranded --,-- No Unilog Brand --,-- No DIB Brand --,Festool USA (FESTO),Festool USA,Festool®,,577874,,Tools & Hardware>Cleaning Equipment>Wet Dry Vacuums,"Festool USA Festool, 577874, Wet/Dry Shop Vacuum",WT/D SHOP VCM,Festool® 577874 Wet/Dry Shop Vacuum,The Festool® Wet/Dry Shop Vacuum (Part Number: 577874).,Wet/Dry Shop Vacuum,{},,,,,,,,,,,,,,,,,,,,,,,,,,Wet/Dry Shop Vacuum,Model,577874,,,,,,,,,,,,,,,,,,,,,,,,,,,,,,,,,,,,,,,,,,,,,,,,,,,,,,,,,,,,,,,,,,,,,,,,,,,,,,,,,,,,,,,,,,,,,,,,,,,,,,,,,,,,,,,,,,,,,,,,,,,,,,,,,,,,,,,,,,,,,,,,,,,,,,,,47121602,,,,,,,,,,,,,,,,,,,,,,,,,,,,,,,,,,,,,,,,,,,
,,,,,,,Tools & Hardware,Cleaning & Janitorial Tools,Shop Vacuums,,577876,577876 Festool Dust Extractor - CT 48,-- Unbranded --,-- No Unilog Brand --,-- No DIB Brand --,Festool USA (FESTO),Festool USA,Festool®,,577876,,Tools & Hardware>Cleaning Equipment>Wet Dry Vacuums,"Festool USA Festool, 577876, Wet/Dry Shop Vacuum",WT/D SHOP VCM,Festool® 577876 Wet/Dry Shop Vacuum,The Festool® Wet/Dry Shop Vacuum (Part Number: 577876).,Wet/Dry Shop Vacuum,{},,,,,,,,,,,,,,,,,,,,,,,,,,Wet/Dry Shop Vacuum,Model,577876,,,,,,,,,,,,,,,,,,,,,,,,,,,,,,,,,,,,,,,,,,,,,,,,,,,,,,,,,,,,,,,,,,,,,,,,,,,,,,,,,,,,,,,,,,,,,,,,,,,,,,,,,,,,,,,,,,,,,,,,,,,,,,,,,,,,,,,,,,,,,,,,,,,,,,,,47121602,,,,,,,,,,,,,,,,,,,,,,,,,,,,,,,,,,,,,,,,,,,
,,,,,,,Tools & Hardware,Cleaning & Janitorial Tools,Shop Vacuums,,578441,578441 Festool Dust Extractor-CT 15 HEPA,-- Unbranded --,-- No Unilog Brand --,-- No DIB Brand --,Festool USA (FESTO),Festool USA,Festool®,,578441,,Tools & Hardware>Cleaning Equipment>Wet Dry Vacuums,"Festool USA Festool, 578441, Wet/Dry Shop Vacuum",WT/D SHOP VCM,Festool® 578441 Wet/Dry Shop Vacuum,The Festool® Wet/Dry Shop Vacuum (Part Number: 578441).,Wet/Dry Shop Vacuum,{},,,,,,,,,,,,,,,,,,,,,,,,,,Wet/Dry Shop Vacuum,Model,578441,,,,,,,,,,,,,,,,,,,,,,,,,,,,,,,,,,,,,,,,,,,,,,,,,,,,,,,,,,,,,,,,,,,,,,,,,,,,,,,,,,,,,,,,,,,,,,,,,,,,,,,,,,,,,,,,,,,,,,,,,,,,,,,,,,,,,,,,,,,,,,,,,,,,,,,,47121602,,,,,,,,,,,,,,,,,,,,,,,,,,,,,,,,,,,,,,,,,,,
,,,,,,,Tools & Hardware,Power Tools,Drills & Drivers,,DCK225D2,DCK225D2 Dewalt Impact/Drill - Kit,-- Unbranded --,-- No Unilog Brand --,DEWALT,Black & Decker/dewlt (2585),Black & Decker / DEWALT,DEWALT®,,DCK225D2,,Tools & Hardware>Power Tools>Drills & Drivers>Hammer Drills,"Black & Decker / DEWALT DEWALT, DCK225D2, Hammer Drill",HMR DRL,DEWALT® DCK225D2 Hammer Drill,The DEWALT® Hammer Drill (Part Number: DCK225D2).,Hammer Drill,{},,,,,,,,,,,,,,,,,,,,,,,,,,Hammer Drill,Model,DCK225D2,,,,,,,,,,,,,,,,,,,,,,,,,,,,,,,,,,,,,,,,,,,,,,,,,,,,,,,,,,,,,,,,,,,,,,,,,,,,,,,,,,,,,,,,,,,,,,,,,,,,,,,,,,,,,,,,,,,,,,,,,,,,,,,,,,,,,,,,,,,,,,,,,,,,,,,,27112703,,,,,,,,,,,,,,,,,,,,,,,,,,,,,,,,,,,,,,,,,,,
,,,,,,,Building Materials,Decking & Railing,Railing Kits,,DCK2101QQ2,Dewalt DCK2101QQ2 20V 2Pc Kit,-- Unbranded --,-- No Unilog Brand --,-- No DIB Brand --,Black & Decker/dewlt (2585),Black & Decker / DEWALT,DEWALT®,,DCK2101QQ2,,Building Materials>Decking & Railing>Railing Kits,"Black & Decker / DEWALT DEWALT, DCK2101QQ2, Railing Kit, 20 V, 2 Pack",RLNG KIT 20V 2PK,"DEWALT® DCK2101QQ2 Railing Kit, 2 Pack","The DEWALT® Railing Kit is designed for commercial and industrial applications, rated at 20 V.",Railing Kit,{'Voltage': '20 V'},20 V electrical rating,2 Count Package,,,,,,,,,,,,,,,,,,,,,,,,Railing Kit,Model,DCK2101QQ2,,Voltage Rating,20,V,Package Quantity,2,pk,Voltage,20 V,,,,,,,,,,,,,,,,,,,,,,,,,,,,,,,,,,,,,,,,,,,,,,,,,,,,,,,,,,,,,,,,,,,,,,,,,,,,,,,,,,,,,,,,,,,,,,,,,,,,,,,,,,,,,,,,,,,,,,,,,,,,,,,,,,,,,,,,,,,,,,,30103601,,,,,,,,,,,,,,,,,,,,,,,,,,,,,,,,,,,,,,,,,,,
,,,,,,,Tools & Hardware,Power Tools,Grinders,,4000-2/32,4000-2/32 DREMEL ROTARY TOOL,-- Unbranded --,-- No Unilog Brand --,Dremel,Robt Bosch Tool Corp (6564),Robert Bosch Tool Corporation,Dremel®,,4000-2/32,,Tools & Hardware>Power Tools>Grinders>Die Grinders,"Dremel, 4000-2/32, Die Grinder",DIE GRND,Dremel® 4000-2/32 Die Grinder,The Dremel® Die Grinder (Part Number: 4000-2/32).,Die Grinder,{},,,,,,,,,,,,,,,,,,,,,,,,,,Right Angle Die Grinder,Model,4000-2/32,,,,,,,,,,,,,,,,,,,,,,,,,,,,,,,,,,,,,,,,,,,,,,,,,,,,,,,,,,,,,,,,,,,,,,,,,,,,,,,,,,,,,,,,,,,,,,,,,,,,,,,,,,,,,,,,,,,,,,,,,,,,,,,,,,,,,,,,,,,,,,,,,,,,,,,,27112704,,,,,,,,,,,,,,,,,,,,,,,,,,,,,,,,,,,,,,,,,,,
,,,,,,,Uncategorized Supplies,General Industrial,Pending Review,,3100-1/15,3100-1/15 Dremel Rotary Tool - Kit 15pc,-- Unbranded --,-- No Unilog Brand --,Dremel,Robt Bosch Tool Corp (6564),Robert Bosch Tool Corporation,Dremel®,,3100-1/15,,Uncategorized Supplies>General Industrial>Pending Review,"Dremel, 3100-1/15, Tool Kit, 15 Pack",TOOL KIT 15PK,"Dremel® 3100-1/15 Tool Kit, 15 Pack",The Dremel® Tool Kit (Part Number: 3100-1/15).,Tool Kit,{},15 Count Package,,,,,,,,,,,,,,,,,,,,,,,,,Tool Kit,Model,3100-1/15,,Package Quantity,15,pk,,,,,,,,,,,,,,,,,,,,,,,,,,,,,,,,,,,,,,,,,,,,,,,,,,,,,,,,,,,,,,,,,,,,,,,,,,,,,,,,,,,,,,,,,,,,,,,,,,,,,,,,,,,,,,,,,,,,,,,,,,,,,,,,,,,,,,,,,,,,,,,,,,,,,,,,,,,,,,,,,,,,,,,,,,,,,,,,,,,,,,,,,,,,,,,
,,,,,,,Uncategorized Supplies,General Industrial,Pending Review,,T-90043,T-90043 Deep Medium Organizer,-- Unbranded --,-- No Unilog Brand --,-- No DIB Brand --,Makita Usa Inc (5142),"Makita U.S.A., Inc.",Makita®,,T-90043,,Uncategorized Supplies>General Industrial>Pending Review,"Makita U.S.A., Inc. Makita, T-90043, Medium Organizer",MDM ORGN,Makita® T-90043 Medium Organizer,The Makita® Medium Organizer (Part Number: T-90043).,Medium Organizer,{},,,,,,,,,,,,,,,,,,,,,,,,,,Medium Organizer,Model,T-90043,,,,,,,,,,,,,,,,,,,,,,,,,,,,,,,,,,,,,,,,,,,,,,,,,,,,,,,,,,,,,,,,,,,,,,,,,,,,,,,,,,,,,,,,,,,,,,,,,,,,,,,,,,,,,,,,,,,,,,,,,,,,,,,,,,,,,,,,,,,,,,,,,,,,,,,,,,,,,,,,,,,,,,,,,,,,,,,,,,,,,,,,,,,,,,,,,,,
,,,,,,,Uncategorized Supplies,General Industrial,Pending Review,,T-90059,T-90059 Low Profile Medium - Organizer,-- Unbranded --,-- No Unilog Brand --,-- No DIB Brand --,Makita Usa Inc (5142),"Makita U.S.A., Inc.",Makita®,,T-90059,,Uncategorized Supplies>General Industrial>Pending Review,"Makita U.S.A., Inc. Makita, T-90059, Medium Organizer",MDM ORGN,Makita® T-90059 Medium Organizer,The Makita® Medium Organizer (Part Number: T-90059).,Medium Organizer,{},,,,,,,,,,,,,,,,,,,,,,,,,,Medium Organizer,Model,T-90059,,,,,,,,,,,,,,,,,,,,,,,,,,,,,,,,,,,,,,,,,,,,,,,,,,,,,,,,,,,,,,,,,,,,,,,,,,,,,,,,,,,,,,,,,,,,,,,,,,,,,,,,,,,,,,,,,,,,,,,,,,,,,,,,,,,,,,,,,,,,,,,,,,,,,,,,,,,,,,,,,,,,,,,,,,,,,,,,,,,,,,,,,,,,,,,,,,,
,,,,,,,Uncategorized Supplies,General Industrial,Pending Review,,T-90065,T-90065 Deep Compact Organizer,-- Unbranded --,-- No Unilog Brand --,-- No DIB Brand --,Makita Usa Inc (5142),"Makita U.S.A., Inc.",Makita®,,T-90065,,Uncategorized Supplies>General Industrial>Pending Review,"Makita U.S.A., Inc. Makita, T-90065, Compact Organizer",CMPC ORGN,Makita® T-90065 Compact Organizer,The Makita® Compact Organizer (Part Number: T-90065).,Compact Organizer,{},,,,,,,,,,,,,,,,,,,,,,,,,,Compact Organizer,Model,T-90065,,,,,,,,,,,,,,,,,,,,,,,,,,,,,,,,,,,,,,,,,,,,,,,,,,,,,,,,,,,,,,,,,,,,,,,,,,,,,,,,,,,,,,,,,,,,,,,,,,,,,,,,,,,,,,,,,,,,,,,,,,,,,,,,,,,,,,,,,,,,,,,,,,,,,,,,,,,,,,,,,,,,,,,,,,,,,,,,,,,,,,,,,,,,,,,,,,,
,,,,,,,Tools & Hardware,Power Tools,Sanders & Polishers,,10047VS,10047VS Oliver 3HP 230V 1PH Shaper 1-1/4 Spindle,-- Unbranded --,-- No Unilog Brand --,-- No DIB Brand --,Oliver Machinery Company (OLIMA),Oliver Machinery Company,Oliver®,,10047VS,,Tools & Hardware>Power Tools>Sanders & Polishers>Spindle Sanders,"Oliver Machinery Company Oliver, 10047VS, Belt & Spindle Sander, 230 V",BELT & SPND SNDR 230V,Oliver® 10047VS Belt & Spindle Sander,"The Oliver® Belt & Spindle Sander is designed for commercial and industrial applications, rated at 230 V.",Belt & Spindle Sander,{'Voltage': '230 V'},230 V electrical rating,,,,,,,,,,,,,,,,,,,,,,,,,Oscillating Spindle Sander,Model,10047VS,,Voltage Rating,230,V,Voltage,230 V,,,,,,,,,,,,,,,,,,,,,,,,,,,,,,,,,,,,,,,,,,,,,,,,,,,,,,,,,,,,,,,,,,,,,,,,,,,,,,,,,,,,,,,,,,,,,,,,,,,,,,,,,,,,,,,,,,,,,,,,,,,,,,,,,,,,,,,,,,,,,,,,,,27112708,,,,,,,,,,,,,,,,,,,,,,,,,,,,,,,,,,,,,,,,,,,
,,,,,,,Uncategorized Supplies,General Industrial,Pending Review,,MAG:2044-230-1,2044-230-1 Stock Feeder 4-Roll - Steff,-- Unbranded --,-- No Unilog Brand --,-- No DIB Brand --,J&G Machinery (JGMAC),J&G Machinery,-- Unbranded --,,MAG:2044-230-1,,Uncategorized Supplies>General Industrial>Pending Review,"J&G Machinery, MAG:2044-230-1, Roll Steff",ROLL STF,J&G Machinery MAG:2044-230-1 Roll Steff,The J&G Machinery Roll Steff (Part Number: MAG:2044-230-1).,Roll Steff,{},,,,,,,,,,,,,,,,,,,,,,,,,,Roll Steff,Model,MAG:2044-230-1,,,,,,,,,,,,,,,,,,,,,,,,,,,,,,,,,,,,,,,,,,,,,,,,,,,,,,,,,,,,,,,,,,,,,,,,,,,,,,,,,,,,,,,,,,,,,,,,,,,,,,,,,,,,,,,,,,,,,,,,,,,,,,,,,,,,,,,,,,,,,,,,,,,,,,,,,,,,,,,,,,,,,,,,,,,,,,,,,,,,,,,,,,,,,,,,,,,
,,,,,,,Uncategorized Supplies,General Industrial,Pending Review,,XTP242,"42"" XTP XTENDER PRO Fence - XTP242",-- Unbranded --,-- No Unilog Brand --,-- No DIB Brand --,Bow Products (BOWPR),Bow Products LLC,Bow Products®,,XTP242,,Uncategorized Supplies>General Industrial>Pending Review,"Bow Products LLC Bow Products, XTP242, Pro Fence",PRO FNC,Bow Products® XTP242 Pro Fence,The Bow Products® Pro Fence (Part Number: XTP242).,Pro Fence,{},,,,,,,,,,,,,,,,,,,,,,,,,,Pro Fence,Model,XTP242,,,,,,,,,,,,,,,,,,,,,,,,,,,,,,,,,,,,,,,,,,,,,,,,,,,,,,,,,,,,,,,,,,,,,,,,,,,,,,,,,,,,,,,,,,,,,,,,,,,,,,,,,,,,,,,,,,,,,,,,,,,,,,,,,,,,,,,,,,,,,,,,,,,,,,,,,,,,,,,,,,,,,,,,,,,,,,,,,,,,,,,,,,,,,,,,,,,
,,,,,,,Tools & Hardware,Power Tools,Saws,,AAS-P,AAS-P Align-A-Saw Plate Only,-- Unbranded --,-- No Unilog Brand --,-- No DIB Brand --,Woodpeckers Inc (WOODP),Woodpeckers LLC,Woodpeckers®,,AAS-P,,Tools & Hardware>Power Tools>Saws>Circular Saws,"Woodpeckers LLC Woodpeckers, AAS-P, Circular Saw",CRCL SAW,Woodpeckers® AAS-P Circular Saw,The Woodpeckers® Circular Saw (Part Number: AAS-P).,Circular Saw,{},,,,,,,,,,,,,,,,,,,,,,,,,,Circular Saw,Model,AAS-P,,,,,,,,,,,,,,,,,,,,,,,,,,,,,,,,,,,,,,,,,,,,,,,,,,,,,,,,,,,,,,,,,,,,,,,,,,,,,,,,,,,,,,,,,,,,,,,,,,,,,,,,,,,,,,,,,,,,,,,,,,,,,,,,,,,,,,,,,,,,,,,,,,,,,,,,27112700,,,,,,,,,,,,,,,,,,,,,,,,,,,,,,,,,,,,,,,,,,,
,,,,,,,Tools & Hardware,Power Tools,Saws,,SSCMS,SSCMS Stealthstop Miter Sled,-- Unbranded --,-- No Unilog Brand --,-- No DIB Brand --,Woodpeckers Inc (WOODP),Woodpeckers LLC,Woodpeckers®,,SSCMS,,Tools & Hardware>Power Tools>Saws>Miter Saws,"Woodpeckers LLC Woodpeckers, SSCMS, Miter Saw",MTR SAW,Woodpeckers® SSCMS Miter Saw,The Woodpeckers® Miter Saw (Part Number: SSCMS).,Miter Saw,{},,,,,,,,,,,,,,,,,,,,,,,,,,Miter Saw,Model,SSCMS,,,,,,,,,,,,,,,,,,,,,,,,,,,,,,,,,,,,,,,,,,,,,,,,,,,,,,,,,,,,,,,,,,,,,,,,,,,,,,,,,,,,,,,,,,,,,,,,,,,,,,,,,,,,,,,,,,,,,,,,,,,,,,,,,,,,,,,,,,,,,,,,,,,,,,,,27112700,,,,,,,,,,,,,,,,,,,,,,,,,,,,,,,,,,,,,,,,,,,
,,,,,,,Uncategorized Supplies,General Industrial,Pending Review,,4225.201,"4225.201 Oliver 6"" HH Jointer Paralleogram",-- Unbranded --,-- No Unilog Brand --,-- No DIB Brand --,Oliver Machinery Company (OLIMA),Oliver Machinery Company,Oliver®,,4225.201,,Uncategorized Supplies>General Industrial>Pending Review,"Oliver Machinery Company Oliver, 4225.201, Jointer Paralleogram",JNTR PRLG,Oliver® 4225.201 Jointer Paralleogram,The Oliver® Jointer Paralleogram (Part Number: 4225.201).,Jointer Paralleogram,{},,,,,,,,,,,,,,,,,,,,,,,,,,Jointer Paralleogram,Model,4225-13/64,,,,,,,,,,,,,,,,,,,,,,,,,,,,,,,,,,,,,,,,,,,,,,,,,,,,,,,,,,,,,,,,,,,,,,,,,,,,,,,,,,,,,,,,,,,,,,,,,,,,,,,,,,,,,,,,,,,,,,,,,,,,,,,,,,,,,,,,,,,,,,,,,,,,,,,,,,,,,,,,,,,,,,,,,,,,,,,,,,,,,,,,,,,,,,,,,,,
,,,,,,,Tools & Hardware,Power Tools,Planers & Jointers,,KC-426C,"KC-426C 12"" Portable Planer",-- Unbranded --,-- No Unilog Brand --,-- No DIB Brand --,King Canada Inc (KINCA),King Canada Inc.,King Canada®,,KC-426C,,Tools & Hardware>Power Tools>Woodworking Machinery>Planers,"King Canada Inc. King Canada, KC-426C, Portable Planer",PORT PLNR,King Canada® KC-426C Portable Planer,The King Canada® Portable Planer (Part Number: KC-426C).,Portable Planer,{},,,,,,,,,,,,,,,,,,,,,,,,,,Portable Planer,Model,KC-426C,,,,,,,,,,,,,,,,,,,,,,,,,,,,,,,,,,,,,,,,,,,,,,,,,,,,,,,,,,,,,,,,,,,,,,,,,,,,,,,,,,,,,,,,,,,,,,,,,,,,,,,,,,,,,,,,,,,,,,,,,,,,,,,,,,,,,,,,,,,,,,,,,,,,,,,,27112700,,,,,,,,,,,,,,,,,,,,,,,,,,,,,,,,,,,,,,,,,,,
,,,,,,,Tools & Hardware,Power Tools,Planers & Jointers,,10045.201,"10045.201 Oliver 13"" Benchtop Planer 2HP,115V 1Ph",-- Unbranded --,-- No Unilog Brand --,-- No DIB Brand --,Oliver Machinery Company (OLIMA),Oliver Machinery Company,Oliver®,,10045.201,,Tools & Hardware>Power Tools>Woodworking Machinery>Planers,"Oliver Machinery Company Oliver, 10045.201, Benchtop Planer, 115 V",BNCH PLNR 115V,Oliver® 10045.201 Benchtop Planer,"The Oliver® Benchtop Planer is designed for commercial and industrial applications, rated at 115 V.",Benchtop Planer,{'Voltage': '115 V'},115 V electrical rating,,,,,,,,,,,,,,,,,,,,,,,,,Portable Planer,Model,10045-13/64,,Voltage Rating,115,V,Voltage,115 V,,,,,,,,,,,,,,,,,,,,,,,,,,,,,,,,,,,,,,,,,,,,,,,,,,,,,,,,,,,,,,,,,,,,,,,,,,,,,,,,,,,,,,,,,,,,,,,,,,,,,,,,,,,,,,,,,,,,,,,,,,,,,,,,,,,,,,,,,,,,,,,,,,27112700,,,,,,,,,,,,,,,,,,,,,,,,,,,,,,,,,,,,,,,,,,,
,,,,,,,Tools & Hardware,Power Tools,Planers & Jointers,,10014.201,"10014.201 Oliver 15"" Planer 3HP 1Ph 220V",-- Unbranded --,-- No Unilog Brand --,-- No DIB Brand --,Oliver Machinery Company (OLIMA),Oliver Machinery Company,Oliver®,,10014.201,,Tools & Hardware>Power Tools>Woodworking Machinery>Planers,"Oliver Machinery Company Oliver, 10014.201, Benchtop Planer, 220 V",BNCH PLNR 220V,Oliver® 10014.201 Benchtop Planer,"The Oliver® Benchtop Planer is designed for commercial and industrial applications, rated at 220 V.",Benchtop Planer,{'Voltage': '220 V'},220 V electrical rating,,,,,,,,,,,,,,,,,,,,,,,,,Portable Planer,Model,10014-13/64,,Voltage Rating,220,V,Voltage,220 V,,,,,,,,,,,,,,,,,,,,,,,,,,,,,,,,,,,,,,,,,,,,,,,,,,,,,,,,,,,,,,,,,,,,,,,,,,,,,,,,,,,,,,,,,,,,,,,,,,,,,,,,,,,,,,,,,,,,,,,,,,,,,,,,,,,,,,,,,,,,,,,,,,27112700,,,,,,,,,,,,,,,,,,,,,,,,,,,,,,,,,,,,,,,,,,,
,,,,,,,Tools & Hardware,Power Tools,Planers & Jointers,,4430.201,"4430.201 Oliver 20"" Planer 5HP 1Ph 230V",-- Unbranded --,-- No Unilog Brand --,-- No DIB Brand --,Oliver Machinery Company (OLIMA),Oliver Machinery Company,Oliver®,,4430.201,,Tools & Hardware>Power Tools>Woodworking Machinery>Planers,"Oliver Machinery Company Oliver, 4430.201, Benchtop Planer, 230 V",BNCH PLNR 230V,Oliver® 4430.201 Benchtop Planer,"The Oliver® Benchtop Planer is designed for commercial and industrial applications, rated at 230 V.",Benchtop Planer,{'Voltage': '230 V'},230 V electrical rating,,,,,,,,,,,,,,,,,,,,,,,,,Portable Planer,Model,4430-13/64,,Voltage Rating,230,V,Voltage,230 V,,,,,,,,,,,,,,,,,,,,,,,,,,,,,,,,,,,,,,,,,,,,,,,,,,,,,,,,,,,,,,,,,,,,,,,,,,,,,,,,,,,,,,,,,,,,,,,,,,,,,,,,,,,,,,,,,,,,,,,,,,,,,,,,,,,,,,,,,,,,,,,,,,27112700,,,,,,,,,,,,,,,,,,,,,,,,,,,,,,,,,,,,,,,,,,,
,,,,,,,Tools & Hardware,Power Tools,Planers & Jointers,,10055.201,"10055.201 Oliver 15"" Benchtop Planer 2.5HP 1Ph 230V",-- Unbranded --,-- No Unilog Brand --,-- No DIB Brand --,Oliver Machinery Company (OLIMA),Oliver Machinery Company,Oliver®,,10055.201,,Tools & Hardware>Power Tools>Woodworking Machinery>Planers,"Oliver Machinery Company Oliver, 10055.201, Benchtop Planer, 230 V",BNCH PLNR 230V,Oliver® 10055.201 Benchtop Planer,"The Oliver® Benchtop Planer is designed for commercial and industrial applications, rated at 230 V.",Benchtop Planer,{'Voltage': '230 V'},230 V electrical rating,,,,,,,,,,,,,,,,,,,,,,,,,Portable Planer,Model,10055-13/64,,Voltage Rating,230,V,Voltage,230 V,,,,,,,,,,,,,,,,,,,,,,,,,,,,,,,,,,,,,,,,,,,,,,,,,,,,,,,,,,,,,,,,,,,,,,,,,,,,,,,,,,,,,,,,,,,,,,,,,,,,,,,,,,,,,,,,,,,,,,,,,,,,,,,,,,,,,,,,,,,,,,,,,,27112700,,,,,,,,,,,,,,,,,,,,,,,,,,,,,,,,,,,,,,,,,,,
,,,,,,,Tools & Hardware,Power Tools,Sanders & Polishers,,T27417,T27417 Grizzly OscillatingEdge - Belt and Spindle Sander,-- Unbranded --,-- No Unilog Brand --,-- No DIB Brand --,Woodstock Intl (3658),"Woodstock International, Inc.",Grizzly®,,T27417,,Tools & Hardware>Power Tools>Sanders & Polishers>Spindle Sanders,"Grizzly, T27417, Belt & Spindle Sander",BELT & SPND SNDR,Grizzly® T27417 Belt & Spindle Sander,The Grizzly® Belt & Spindle Sander (Part Number: T27417).,Belt & Spindle Sander,{},,,,,,,,,,,,,,,,,,,,,,,,,,Oscillating Spindle Sander,Model,T27417,,,,,,,,,,,,,,,,,,,,,,,,,,,,,,,,,,,,,,,,,,,,,,,,,,,,,,,,,,,,,,,,,,,,,,,,,,,,,,,,,,,,,,,,,,,,,,,,,,,,,,,,,,,,,,,,,,,,,,,,,,,,,,,,,,,,,,,,,,,,,,,,,,,,,,,,27112708,,,,,,,,,,,,,,,,,,,,,,,,,,,,,,,,,,,,,,,,,,,
